source_pdf_page,source_label,component,section,status,notes
1,Cover,manual/frontmatter/cover.tex,Cover,complete,
2,Notice,manual/frontmatter/disclaimer.tex,Government notice,complete,
3,Title,manual/frontmatter/title.tex; manual/frontmatter/abstract.tex,Title and abstract,complete,
4,ii,manual/frontmatter/acknowledgements.tex,Acknowledgements,complete,
5,Disclaimer,manual/frontmatter/disclaimer.tex,Image-quality disclaimer,complete,
6,iii,generated lists,Contents,complete,
7,iv,generated lists,Contents,complete,
8,v,generated lists,Contents,complete,
9,vi,generated lists,Contents,complete,
10,vii,generated lists,List of Figures,complete,
11,viii,generated lists,List of Figures,complete,
12,ix,generated lists,List of Tables,complete,
13,x,manual/frontmatter/nomenclature.tex,Nomenclature,complete,
14,xi,manual/frontmatter/nomenclature.tex,Nomenclature,complete,
15,xii,manual/frontmatter/nomenclature.tex,Nomenclature,complete,
16,xiii,manual/frontmatter/nomenclature.tex,Nomenclature,complete,
17,xiv,manual/frontmatter/nomenclature.tex,Intentionally left blank,complete,
18,1-1,manual/chapters/01_introduction.tex,Chapter 1,complete,
19,1-2,manual/chapters/01_introduction.tex,Chapter 1,complete,
20,1-3,manual/chapters/01_introduction.tex,Chapter 1,complete,
21,1-4,manual/chapters/01_introduction.tex,Chapter 1,complete,
22,1-5,manual/chapters/01_introduction.tex,Chapter 1,complete,
23,1-6,manual/chapters/01_introduction.tex,Chapter 1,complete,
24,1-7,manual/chapters/01_introduction.tex,Chapter 1,complete,
25,1-8,manual/chapters/01_introduction.tex,Chapter 1,complete,
26,1-9,manual/chapters/01_introduction.tex,Chapter 1,complete,
27,1-10,manual/chapters/01_introduction.tex,Chapter 1,complete,
28,1-11,manual/chapters/01_introduction.tex,Chapter 1,complete,
29,1-12,manual/chapters/01_introduction.tex,Chapter 1,complete,
30,2-1,manual/chapters/02_methods.tex,Chapter 2,complete,
31,2-2,manual/chapters/02_methods.tex,Chapter 2,complete,
32,2-3,manual/chapters/02_methods.tex,Chapter 2,complete,
33,2-4,manual/chapters/02_methods.tex,Chapter 2,complete,
34,2-5,manual/chapters/02_methods.tex,Chapter 2,complete,
35,2-6,manual/chapters/02_methods.tex,Chapter 2,complete,
36,2-7,manual/chapters/02_methods.tex,Chapter 2,complete,
37,2-8,manual/chapters/02_methods.tex,Chapter 2,complete,
38,2-9,manual/chapters/02_methods.tex,Chapter 2,complete,
39,2-10,manual/chapters/02_methods.tex,Chapter 2,complete,
40,2-11,manual/chapters/02_methods.tex,Chapter 2,complete,
41,2-12,manual/chapters/02_methods.tex,Chapter 2,complete,
42,2-13,manual/chapters/02_methods.tex,Chapter 2,complete,
43,2-14,manual/chapters/02_methods.tex,Chapter 2,complete,
44,2-15,manual/chapters/02_methods.tex,Chapter 2,complete,
45,2-16,manual/chapters/02_methods.tex,Chapter 2,complete,
46,2-17,manual/chapters/02_methods.tex,Chapter 2,complete,
47,2-18,manual/chapters/02_methods.tex,Chapter 2,complete,
48,2-19,manual/chapters/02_methods.tex,Chapter 2,complete,
49,2-20,manual/chapters/02_methods.tex,Chapter 2,complete,
50,2-21,manual/chapters/02_methods.tex,Chapter 2,complete,
51,2-22,manual/chapters/02_methods.tex,Chapter 2,complete,
52,2-23,manual/chapters/02_methods.tex,Chapter 2,complete,
53,2-24,manual/chapters/02_methods.tex,Chapter 2,complete,
54,2-25,manual/chapters/02_methods.tex,Chapter 2,complete,
55,2-26,manual/chapters/02_methods.tex,Chapter 2,complete,
56,2-27,manual/chapters/02_methods.tex,Chapter 2,complete,
57,2-28,manual/chapters/02_methods.tex,Chapter 2,complete,
58,2-29,manual/chapters/02_methods.tex,Chapter 2,complete,
59,2-30,manual/chapters/02_methods.tex,Chapter 2,complete,
60,2-31,manual/chapters/02_methods.tex,Chapter 2,complete,
61,2-32,manual/chapters/02_methods.tex,Chapter 2,complete,
62,2-33,manual/chapters/02_methods.tex,Chapter 2,complete,
63,2-34,manual/chapters/02_methods.tex,Chapter 2,complete,
64,2-35,manual/chapters/02_methods.tex,Chapter 2,complete,
65,2-36,manual/chapters/02_methods.tex,Chapter 2,complete,
66,2-37,manual/chapters/02_methods.tex,Chapter 2,complete,
67,2-38,manual/chapters/02_methods.tex,Chapter 2,complete,
68,2-39,manual/chapters/02_methods.tex,Chapter 2,complete,
69,2-40,manual/chapters/02_methods.tex,Chapter 2,complete,
70,2-41,manual/chapters/02_methods.tex,Chapter 2,complete,
71,2-42,manual/chapters/02_methods.tex,Chapter 2,complete,
72,2-43,manual/chapters/02_methods.tex,Chapter 2,complete,
73,2-44,manual/chapters/02_methods.tex,Chapter 2,complete,
74,2-45,manual/chapters/02_methods.tex,Chapter 2,complete,
75,2-46,manual/chapters/02_methods.tex,Chapter 2,complete,
76,2-47,manual/chapters/02_methods.tex,Chapter 2,complete,
77,2-48,manual/chapters/02_methods.tex,Chapter 2,complete,
78,2-49,manual/chapters/02_methods.tex,Chapter 2,complete,
79,2-50,manual/chapters/02_methods.tex,Chapter 2,complete,
80,2-51,manual/chapters/02_methods.tex,Chapter 2,complete,
81,2-52,manual/chapters/02_methods.tex,Chapter 2,complete,
82,2-53,manual/chapters/02_methods.tex,Chapter 2,complete,
83,2-54,manual/chapters/02_methods.tex,Chapter 2,complete,
84,2-55,manual/chapters/02_methods.tex,Chapter 2,complete,
85,2-56,manual/chapters/02_methods.tex,Chapter 2,complete,
86,2-57,manual/chapters/02_methods.tex,Chapter 2,complete,
87,2-58,manual/chapters/02_methods.tex,Chapter 2,complete,
88,2-59,manual/chapters/02_methods.tex,Chapter 2,complete,
89,2-60,manual/chapters/02_methods.tex,Chapter 2,complete,
90,2-61,manual/chapters/02_methods.tex,Chapter 2,complete,
91,2-62,manual/chapters/02_methods.tex,Chapter 2,complete,
92,2-63,manual/chapters/02_methods.tex,Chapter 2,complete,
93,2-64,manual/chapters/02_methods.tex,Chapter 2,complete,
94,2-65,manual/chapters/02_methods.tex,Chapter 2,complete,
95,2-66,manual/chapters/02_methods.tex,Chapter 2,complete,
96,2-67,manual/chapters/02_methods.tex,Chapter 2,complete,
97,2-68,manual/chapters/02_methods.tex,Chapter 2,complete,
98,2-69,manual/chapters/02_methods.tex,Chapter 2,complete,
99,2-70,manual/chapters/02_methods.tex,Chapter 2,complete,
100,2-71,manual/chapters/02_methods.tex,Chapter 2,complete,
101,2-72,manual/chapters/02_methods.tex,Chapter 2,complete,
102,2-73,manual/chapters/02_methods.tex,Chapter 2,complete,
103,2-74,manual/chapters/02_methods.tex,Chapter 2,complete,
104,2-75,manual/chapters/02_methods.tex,Chapter 2,complete,
105,2-76,manual/chapters/02_methods.tex,Chapter 2,complete,
106,2-77,manual/chapters/02_methods.tex,Chapter 2,complete,
107,2-78,manual/chapters/02_methods.tex,Chapter 2,complete,
108,2-79,manual/chapters/02_methods.tex,Chapter 2,complete,
109,2-80,manual/chapters/02_methods.tex,Chapter 2,complete,
110,2-81,manual/chapters/02_methods.tex,Chapter 2,complete,
111,2-82,manual/chapters/02_methods.tex,Chapter 2,complete,
112,2-83,manual/chapters/02_methods.tex,Chapter 2,complete,
113,2-84,manual/chapters/02_methods.tex,Chapter 2,complete,
114,2-85,manual/chapters/02_methods.tex,Chapter 2,complete,
115,2-86,manual/chapters/02_methods.tex,Chapter 2,complete,
116,2-87,manual/chapters/02_methods.tex,Chapter 2,complete,
117,2-88,manual/chapters/02_methods.tex,Chapter 2,complete,
118,2-89,manual/chapters/02_methods.tex,Chapter 2,complete,
119,2-90,manual/chapters/02_methods.tex,Chapter 2,complete,
120,2-91,manual/chapters/02_methods.tex,Chapter 2,complete,
121,2-92,manual/chapters/02_methods.tex,Chapter 2,complete,
122,2-93,manual/chapters/02_methods.tex,Chapter 2,complete,
123,2-94,manual/chapters/02_methods.tex,Chapter 2,complete,
124,2-95,manual/chapters/02_methods.tex,Chapter 2,complete,
125,2-96,manual/chapters/02_methods.tex,Chapter 2,complete,
126,2-97,manual/chapters/02_methods.tex,Chapter 2,complete,
127,2-98,manual/chapters/02_methods.tex,Chapter 2,complete,
128,2-99,manual/chapters/02_methods.tex,Chapter 2,complete,
129,2-100,manual/chapters/02_methods.tex,Chapter 2,complete,
130,2-101,manual/chapters/02_methods.tex,Chapter 2,complete,
131,2-102,manual/chapters/02_methods.tex,Chapter 2,complete,
132,2-103,manual/chapters/02_methods.tex,Chapter 2,complete,
133,2-104,manual/chapters/02_methods.tex,Chapter 2,complete,
134,2-105,manual/chapters/02_methods.tex,Chapter 2,complete,
135,2-106,manual/chapters/02_methods.tex,Chapter 2,complete,
136,3-1,manual/chapters/03_table_files.tex,Chapter 3,complete,
137,3-2,manual/chapters/03_table_files.tex,Chapter 3,complete,
138,3-3,manual/chapters/03_table_files.tex,Chapter 3,complete,
139,3-4,manual/chapters/03_table_files.tex,Chapter 3,complete,
140,3-5,manual/chapters/03_table_files.tex,Chapter 3,complete,
141,3-6,manual/chapters/03_table_files.tex,Chapter 3,complete,
142,3-7,manual/chapters/03_table_files.tex,Chapter 3,complete,
143,3-8,manual/chapters/03_table_files.tex,Chapter 3,complete,
144,3-9,manual/chapters/03_table_files.tex,Chapter 3,complete,
145,3-10,manual/chapters/03_table_files.tex,Chapter 3,complete,
146,3-11,manual/chapters/03_table_files.tex,Chapter 3,complete,
147,3-12,manual/chapters/03_table_files.tex,Chapter 3,complete,
148,3-13,manual/chapters/03_table_files.tex,Chapter 3,complete,
149,3-14,manual/chapters/03_table_files.tex,Chapter 3,complete,
150,3-15,manual/chapters/03_table_files.tex,Chapter 3,complete,
151,3-16,manual/chapters/03_table_files.tex,Chapter 3,complete,
152,3-17,manual/chapters/03_table_files.tex,Chapter 3,complete,
153,3-18,manual/chapters/03_table_files.tex,Chapter 3,complete,
154,3-19,manual/chapters/03_table_files.tex,Chapter 3,complete,
155,3-20,manual/chapters/03_table_files.tex,Chapter 3,complete,
156,3-21,manual/chapters/03_table_files.tex,Chapter 3,complete,
157,3-22,manual/chapters/03_table_files.tex,Chapter 3,complete,
158,3-23,manual/chapters/03_table_files.tex,Chapter 3,complete,
159,3-24,manual/chapters/03_table_files.tex,Chapter 3,complete,
160,3-25,manual/chapters/03_table_files.tex,Chapter 3,complete,
161,3-26,manual/chapters/03_table_files.tex,Chapter 3,complete,
162,3-27,manual/chapters/03_table_files.tex,Chapter 3,complete,
163,3-28,manual/chapters/03_table_files.tex,Chapter 3,complete,
164,3-29,manual/chapters/03_table_files.tex,Chapter 3,complete,
165,3-30,manual/chapters/03_table_files.tex,Chapter 3,complete,
166,4-1,manual/chapters/04_problem_files.tex,Chapter 4,complete,
167,4-2,manual/chapters/04_problem_files.tex,Chapter 4,complete,
168,4-3,manual/chapters/04_problem_files.tex,Chapter 4,complete,
169,4-4,manual/chapters/04_problem_files.tex,Chapter 4,complete,
170,4-5,manual/chapters/04_problem_files.tex,Chapter 4,complete,
171,4-6,manual/chapters/04_problem_files.tex,Chapter 4,complete,
172,4-7,manual/chapters/04_problem_files.tex,Chapter 4,complete,
173,4-8,manual/chapters/04_problem_files.tex,Chapter 4,complete,
174,4-9,manual/chapters/04_problem_files.tex,Chapter 4,complete,
175,4-10,manual/chapters/04_problem_files.tex,Chapter 4,complete,
176,4-11,manual/chapters/04_problem_files.tex,Chapter 4,complete,
177,4-12,manual/chapters/04_problem_files.tex,Chapter 4,complete,
178,4-13,manual/chapters/04_problem_files.tex,Chapter 4,complete,
179,4-14,manual/chapters/04_problem_files.tex,Chapter 4,complete,
180,4-15,manual/chapters/04_problem_files.tex,Chapter 4,complete,
181,4-16,manual/chapters/04_problem_files.tex,Chapter 4,complete,
182,4-17,manual/chapters/04_problem_files.tex,Chapter 4,complete,
183,4-18,manual/chapters/04_problem_files.tex,Chapter 4,complete,
184,4-19,manual/chapters/04_problem_files.tex,Chapter 4,complete,
185,4-20,manual/chapters/04_problem_files.tex,Chapter 4,complete,
186,4-21,manual/chapters/04_problem_files.tex,Chapter 4,complete,
187,4-22,manual/chapters/04_problem_files.tex,Chapter 4,complete,
188,4-23,manual/chapters/04_problem_files.tex,Chapter 4,complete,
189,4-24,manual/chapters/04_problem_files.tex,Chapter 4,complete,
190,4-25,manual/chapters/04_problem_files.tex,Chapter 4,complete,
191,4-26,manual/chapters/04_problem_files.tex,Chapter 4,complete,
192,4-27,manual/chapters/04_problem_files.tex,Chapter 4,complete,
193,4-28,manual/chapters/04_problem_files.tex,Chapter 4,complete,
194,4-29,manual/chapters/04_problem_files.tex,Chapter 4,complete,
195,4-30,manual/chapters/04_problem_files.tex,Chapter 4,complete,
196,4-31,manual/chapters/04_problem_files.tex,Chapter 4,complete,
197,4-32,manual/chapters/04_problem_files.tex,Chapter 4,complete,
198,4-33,manual/chapters/04_problem_files.tex,Chapter 4,complete,
199,4-34,manual/chapters/04_problem_files.tex,Chapter 4,complete,
200,4-35,manual/chapters/04_problem_files.tex,Chapter 4,complete,
201,4-36,manual/chapters/04_problem_files.tex,Chapter 4,complete,
202,4-37,manual/chapters/04_problem_files.tex,Chapter 4,complete,
203,4-38,manual/chapters/04_problem_files.tex,Chapter 4,complete,
204,4-39,manual/chapters/04_problem_files.tex,Chapter 4,complete,
205,4-40,manual/chapters/04_problem_files.tex,Chapter 4,complete,
206,4-41,manual/chapters/04_problem_files.tex,Chapter 4,complete,
207,4-42,manual/chapters/04_problem_files.tex,Chapter 4,complete,
208,4-43,manual/chapters/04_problem_files.tex,Chapter 4,complete,
209,4-44,manual/chapters/04_problem_files.tex,Chapter 4,complete,
210,4-45,manual/chapters/04_problem_files.tex,Chapter 4,complete,
211,4-46,manual/chapters/04_problem_files.tex,Chapter 4,complete,
212,4-47,manual/chapters/04_problem_files.tex,Chapter 4,complete,
213,4-48,manual/chapters/04_problem_files.tex,Chapter 4,complete,
214,4-49,manual/chapters/04_problem_files.tex,Chapter 4,complete,
215,4-50,manual/chapters/04_problem_files.tex,Chapter 4,complete,
216,4-51,manual/chapters/04_problem_files.tex,Chapter 4,complete,
217,4-52,manual/chapters/04_problem_files.tex,Chapter 4,complete,
218,4-53,manual/chapters/04_problem_files.tex,Chapter 4,complete,
219,4-54,manual/chapters/04_problem_files.tex,Chapter 4,complete,
220,4-55,manual/chapters/04_problem_files.tex,Chapter 4,complete,
221,4-56,manual/chapters/04_problem_files.tex,Chapter 4,complete,
222,4-57,manual/chapters/04_problem_files.tex,Chapter 4,complete,
223,4-58,manual/chapters/04_problem_files.tex,Chapter 4,complete,
224,4-59,manual/chapters/04_problem_files.tex,Chapter 4,complete,
225,4-60,manual/chapters/04_problem_files.tex,Chapter 4,complete,
226,4-61,manual/chapters/04_problem_files.tex,Chapter 4,complete,
227,4-62,manual/chapters/04_problem_files.tex,Chapter 4,complete,
228,4-63,manual/chapters/04_problem_files.tex,Chapter 4,complete,
229,4-64,manual/chapters/04_problem_files.tex,Chapter 4,complete,
230,4-65,manual/chapters/04_problem_files.tex,Chapter 4,complete,
231,4-66,manual/chapters/04_problem_files.tex,Chapter 4,complete,
232,4-67,manual/chapters/04_problem_files.tex,Chapter 4,complete,
233,4-68,manual/chapters/04_problem_files.tex,Chapter 4,complete,
234,4-69,manual/chapters/04_problem_files.tex,Chapter 4,complete,
235,4-70,manual/chapters/04_problem_files.tex,Chapter 4,complete,
236,4-71,manual/chapters/04_problem_files.tex,Chapter 4,complete,
237,4-72,manual/chapters/04_problem_files.tex,Chapter 4,complete,
238,4-73,manual/chapters/04_problem_files.tex,Chapter 4,complete,
239,4-74,manual/chapters/04_problem_files.tex,Chapter 4,complete,
240,4-75,manual/chapters/04_problem_files.tex,Chapter 4,complete,
241,4-76,manual/chapters/04_problem_files.tex,Chapter 4,complete,
242,4-77,manual/chapters/04_problem_files.tex,Chapter 4,complete,
243,4-78,manual/chapters/04_problem_files.tex,Chapter 4,complete,
244,4-79,manual/chapters/04_problem_files.tex,Chapter 4,complete,
245,4-80,manual/chapters/04_problem_files.tex,Chapter 4,complete,
246,4-81,manual/chapters/04_problem_files.tex,Chapter 4,complete,
247,4-82,manual/chapters/04_problem_files.tex,Chapter 4,complete,
248,4-83,manual/chapters/04_problem_files.tex,Chapter 4,complete,
249,4-84,manual/chapters/04_problem_files.tex,Chapter 4,complete,
250,4-85,manual/chapters/04_problem_files.tex,Chapter 4,complete,
251,4-86,manual/chapters/04_problem_files.tex,Chapter 4,complete,
252,4-87,manual/chapters/04_problem_files.tex,Chapter 4,complete,
253,4-88,manual/chapters/04_problem_files.tex,Chapter 4,complete,
254,4-89,manual/chapters/04_problem_files.tex,Chapter 4,complete,
255,4-90,manual/chapters/04_problem_files.tex,Chapter 4,complete,
256,4-91,manual/chapters/04_problem_files.tex,Chapter 4,complete,
257,4-92,manual/chapters/04_problem_files.tex,Chapter 4,complete,
258,4-93,manual/chapters/04_problem_files.tex,Chapter 4,complete,
259,4-94,manual/chapters/04_problem_files.tex,Chapter 4,complete,
260,4-95,manual/chapters/04_problem_files.tex,Chapter 4,complete,
261,4-96,manual/chapters/04_problem_files.tex,Chapter 4,complete,
262,4-97,manual/chapters/04_problem_files.tex,Chapter 4,complete,
263,4-98,manual/chapters/04_problem_files.tex,Chapter 4,complete,
264,4-99,manual/chapters/04_problem_files.tex,Chapter 4,complete,
265,4-100,manual/chapters/04_problem_files.tex,Chapter 4,complete,
266,4-101,manual/chapters/04_problem_files.tex,Chapter 4,complete,
267,4-102,manual/chapters/04_problem_files.tex,Chapter 4,complete,
268,4-103,manual/chapters/04_problem_files.tex,Chapter 4,complete,
269,4-104,manual/chapters/04_problem_files.tex,Chapter 4,complete,
270,4-105,manual/chapters/04_problem_files.tex,Chapter 4,complete,
271,4-106,manual/chapters/04_problem_files.tex,Chapter 4,complete,
272,4-107,manual/chapters/04_problem_files.tex,Chapter 4,complete,
273,4-108,manual/chapters/04_problem_files.tex,Chapter 4,complete,
274,4-109,manual/chapters/04_problem_files.tex,Chapter 4,complete,
275,4-110,manual/chapters/04_problem_files.tex,Chapter 4,complete,
276,4-111,manual/chapters/04_problem_files.tex,Chapter 4,complete,
277,4-112,manual/chapters/04_problem_files.tex,Chapter 4,complete,
278,4-113,manual/chapters/04_problem_files.tex,Chapter 4,complete,
279,4-114,manual/chapters/04_problem_files.tex,Chapter 4,complete,
280,4-115,manual/chapters/04_problem_files.tex,Chapter 4,complete,
281,4-116,manual/chapters/04_problem_files.tex,Chapter 4,complete,
282,A-1,manual/backmatter/appendix.tex,Appendix,complete,
283,A-2,manual/backmatter/appendix.tex,Appendix,complete,
284,A-3,manual/backmatter/appendix.tex,Appendix,complete,
285,A-4,manual/backmatter/appendix.tex,Appendix,complete,
286,A-5,manual/backmatter/appendix.tex,Appendix,complete,
287,A-6,manual/backmatter/appendix.tex,Appendix,complete,
288,A-7,manual/backmatter/appendix.tex,Appendix,complete,
289,A-8,manual/backmatter/appendix.tex,Appendix,complete,
290,A-9,manual/backmatter/appendix.tex,Appendix,complete,
291,A-10,manual/backmatter/appendix.tex,Appendix,complete,
292,A-11,manual/backmatter/appendix.tex,Appendix,complete,
293,A-12,manual/backmatter/appendix.tex,Appendix,complete,
294,Ref-1,manual/backmatter/references.tex,References,complete,
295,Ref-2,manual/backmatter/references.tex,References,complete,
296,Index-1,manual/backmatter/index.tex,Index,complete,
297,Index-2,manual/backmatter/index.tex,Index,complete,
298,Index-3,manual/backmatter/index.tex,Index,complete,
299,Index-4,manual/backmatter/index.tex,Index,complete,
300,Index-5,manual/backmatter/index.tex,Index,complete,
301,Index-6,manual/backmatter/index.tex,Index,complete,
302,Index-7,manual/backmatter/index.tex,Index,complete,
303,Index-8,manual/backmatter/index.tex,Index,complete,
304,Index-9,manual/backmatter/index.tex,Index,complete,
305,Index-10,manual/backmatter/index.tex,Index,complete,
306,Dist-1,manual/backmatter/distribution.tex,Distribution,complete,
307,Dist-2,manual/backmatter/distribution.tex,Distribution,complete,
