table,title,manual_page,pdf_page,status
2-1,TAOS Program Modules,2-2,31,complete
2-2,Body-Attitude Control Variables,2-78,107,complete
2-3,Guidance Rules that Indirectly Specify Control Variables,2-79,108,complete
3-1,Table Types,3-3,138,complete
3-2,TAOS State Variables,3-7,142,complete
3-3,Units for Thrust and Mass Flow Tables,3-10,145,complete
3-4,Math Operations,3-15,150,complete
4-1,Segment Data Blocks,4-7,172,complete
4-2,Body-Attitude Angles for Vehicle Guidance,4-13,178,complete
4-3,Consistent Sets of Body-Attitude Angles,4-14,179,complete
4-4,Flight Conditions for Vehicle Guidance,4-16,181,complete
4-5,Increment Variables,4-20,185,complete
4-6,Inertial Platform Alignment Coordinate Systems,4-23,188,complete
4-7,Thrust and Mass Flow Rate Units,4-27,192,complete
4-8,Trajectory Data Blocks,4-33,198,complete
4-9,User-Defined Variable Math Operations and Functions,4-36,201,complete
4-10,Initial Position Variables,4-43,208,complete
4-11,Initial Velocity Variables,4-43,208,complete
4-12,Other Initial Condition Variables,4-44,209,complete
4-13,Problem Data Blocks,4-49,214,complete
4-14,Atmosphere Types,4-50,215,complete
4-15,Spherical Earth Model,4-54,219,complete
4-16,WGS-72 and WGS-84 Earth Model Values,4-55,220,complete
4-17,TSAP Compatible Earth Model Values,4-56,221,complete
4-19,Full WGS-84 and GEM-T1 Earth Model Values,4-56,221,complete
4-20,Optimization Data Block Input Variables,4-66,231,complete
4-21,Radar Data Block Variables,4-75,240,complete
4-22,Search Data Block Variables,4-77,242,complete
4-23,Summary Variable Math Operations,4-81,246,complete
4-24,Allowable Units,4-86,251,complete
4-25,Wind Data Block Variables,4-89,254,complete
