model_id,display_name,domain,source_authority,primary_fidelity,supported_reductions,qualification_status,qualified_package,source_components,host_capabilities,known_gaps,priority
nesc-atmospheric-spheroid,NASA/NESC Atmospheric Spheroid,atmospheric,NASA/NESC 2015 DAVE-ML,3dof-point-mass,3dof-point-mass;3t+3k1;6dof-rigid-body-check,source-ready,,cannonball_aero; cannonball_inertia,US1976; wind models; round/WGS84 Earth; inverse-square/J2 gravity,No standalone Taoryx package yet; scenario-owned environment and initial conditions,1
nesc-tumbling-brick,NASA/NESC Tumbling Brick,atmospheric,NASA/NESC 2015 DAVE-ML,6dof-rigid-body,3t+3k2;6dof-rigid-body,source-ready,,brick_aero; brick_inertia,US1976; WGS84; J2; quaternion rigid-body EOM,No standalone Taoryx package yet; damping acceptance must be compared against trajectory family,1
f16-s119,F-16 S-119,atmospheric-aircraft,DAVE-ML examples and NASA/NESC 2015,6dof-rigid-body,3dof-performance;3t+3k1;3t+3k2;6dof-rigid-body,qualified-subsonic-baseline,qualified/f16-s119-reference-v0.7.txair,aerodynamics; propulsion; inertia; controls; GNC,US1976; WGS84; J2; trim; control-law host,NESC scenario-family qualification remains; supersonic Case 12 requires a separately qualified supersonic aero path,2
nesc-two-stage-rocket,NASA/NESC Two-Stage Rocket,atmospheric-launch-vehicle,NASA/NESC 2015 DAVE-ML,6dof-variable-mass,3dof-variable-mass;3t+3k1-gravity-turn;6dof-variable-mass,qualified-baseline,qualified/nesc-two-stage-rocket-v0.9.txair,aerodynamics; propulsion; scheduled inertia,US1976; WGS84; J2; fuel integration; burnout/coast/staging events,Independent full trajectory-family qualification remains; existing perigee discrepancy stays visible,2
nesc-orbital-spheroid,NASA/NESC Orbital Spheroid,orbital,NASA/NESC 2015 DAVE-ML,3dof-orbit,3dof-orbit;3t+3k1;6dof-attitude-check,source-ready,,orbital sphere inertia; scenario-defined drag,WGS84; inverse-square/4x4/8x8 gravity; third body; MET atmosphere,Drag coefficients and force authority are partly scenario-owned rather than entirely in DAVE-ML,2
nesc-orbital-cylinder,NASA/NESC Orbital Cylinder,orbital,NASA/NESC 2015 DAVE-ML,6dof-orbital-rigid-body,3dof-orbit;3t+3k2;6dof-orbital-rigid-body,source-ready,,orbital cylinder inertia; scenario-defined force/torque,WGS84; orbital EOM; applied force schedules; gravity-gradient torque,Applied loads and gravity-gradient law must be represented by Taoryx scenario/dynamic sidecars,2
nesc-international-space-station,NASA/NESC International Space Station,orbital-spacecraft,NASA/NESC 2015 DAVE-ML,6dof-orbital-rigid-body,3dof-orbit;3t+3k2;6dof-orbital-rigid-body,source-ready,,space-station inertia; scenario-defined drag/force/torque,High-order gravity; third body; MET atmosphere; applied force/torque; cross products of inertia,Environment and applied loads are external to the inertia document,2
hl20-mod-k,NASA HL-20 Mod K Lifting Body,atmospheric-lifting-body,Official DAVE-ML example plus separately attributed fixed inertial binding,6dof-unpowered,3dof-glide;3t+3k1;3t+3k2;6dof-unpowered,qualified-unpowered-baseline,qualified/hl20-mod-k-unpowered-v0.10.txair,nonlinear aerodynamics; direct surfaces; fixed mass/inertia,US1976; trim; direct-surface controls; quaternion EOM,"No propulsion, SAS/actuators, ground contact, or independent NASA trajectory qualification",2
daveml-atmosphere-1976,DAVE-ML 1976 U.S. Standard Atmosphere,environment-service,Official DAVE-ML example,static-environment,environment-table-service,conformance-source,,atmos_76.dml,DAVE-ML table evaluator; geometric/geopotential conversion host,Current runtime needs stronger signal-name resolution to pass all embedded checks reliably,0
