document_id,source_set,source_path,model_id,component_role,parse_status,compile_status,check_status,check_case_count,check_passed_count,check_failed_count,variable_count,breakpoint_count,function_count,gridded_table_count,ungridded_table_count,table_point_count,issue_count,model_name,file_version,document_sha256,normalized_path,parse_error,compile_error,check_error
daveml-example-atmos-76,daveml_examples,atmos_76.dml,daveml-atmosphere-1976,environment,passed,passed,failed,42,0,42,10,1,3,3,0,303,0,,"Mod A, 2011-01-25",b0803b550447f2fa10c81bf7e703449a1944fb633955990a1d01c2dea71c29ca,normalized/daveml-example-atmos-76,,,
daveml-example-f16-aero,daveml_examples,F16_aero.dml,f16-s119,aerodynamics,passed,passed,passed,17,17,0,51,4,18,18,0,744,0,F-16 Subsonic Aerodynamics Model (a la Garza),"Mod K, 2011-01-28",6da3fad6192ebf2bd16170c379890df5db03e67a00e9bbdd1b58646803491e73,normalized/daveml-example-f16-aero,,,
daveml-example-hl20-aero,daveml_examples,HL20_aero.dml,hl20-mod-k,aerodynamics,passed,passed,passed,24,24,0,361,8,241,169,0,6247,0,,"Mod K, 2010-12-01",8639b55c2525fdb6c0177b8e359de5d6eb984a3b4b35b4d1e5898d54ddc1f44e,normalized/daveml-example-hl20-aero,,,
daveml-example-simple-aero,daveml_examples,simple_aero.dml,daveml-conformance-suite,aerodynamics,passed,passed,no_cases,0,0,0,2,0,1,1,0,6,0,,,7a2148ee89ef4ceacb7663a9bc477e020c1aa58bcfc361f938d60d5d3f18a5d5,normalized/daveml-example-simple-aero,,,
daveml-example-threed-ungridded,daveml_examples,threeD_ungridded.dml,daveml-conformance-suite,auxiliary,passed,failed,not_attempted,0,0,0,5,0,2,0,2,96,0,,$Revision: 171 $,1779544def313776a7fe380db05ef097ecd53ad6264aab1e8765f86d21342f79,normalized/daveml-example-threed-ungridded,,DaveMlUnsupportedFeatureError: Function 'function-0001' uses ungridded table; only regular gridded functions are executable in v0.5.,
daveml-example-twod-table,daveml_examples,twoD_table.dml,daveml-conformance-suite,auxiliary,passed,passed,no_cases,0,0,0,3,2,1,1,0,60,0,,$Revision: 108 $,988923d3273751872838fc637f1eb835e0061d92e5224ebbc1e205b1f9318d92,normalized/daveml-example-twod-table,,,
daveml-example-twod-ungridded,daveml_examples,twoD_ungridded.dml,daveml-conformance-suite,auxiliary,passed,failed,not_attempted,4,0,0,5,0,1,0,1,21,13,,$Revision: 1.0$,2c6c66492f30560a631c7905e07cc806931c3eae1d8a630f0e5168951ac3a46d,normalized/daveml-example-twod-ungridded,,DaveMlCompileError: Function 'function-0001' references missing table 'CLBAlfaFlap_Table'.,
nesc-all-models-brick-aero,nesc_models,All_models/brick_aero.dml,nesc-tumbling-brick,aerodynamics,passed,passed,no_cases,0,0,0,21,0,0,0,0,0,0,Example brick aerodynamic model,"Mod C, 2013-04-19",a5883cfbde33969296a9578ac467e06e5920c5c1dc036d9ff654e111185af31d,normalized/nesc-all-models-brick-aero,,,
nesc-all-models-brick-inertia,nesc_models,All_models/brick_inertia.dml,nesc-tumbling-brick,mass_properties,passed,passed,no_cases,0,0,0,10,0,0,0,0,0,0,Example brick inertia model,Initial version,eae595902d2f2a6cd96632536ecbd4e55681b66dc3f6bdc22dbe2882247fbfa1,normalized/nesc-all-models-brick-inertia,,,
nesc-all-models-cannonball-aero,nesc_models,All_models/cannonball_aero.dml,nesc-atmospheric-spheroid,aerodynamics,passed,passed,no_cases,0,0,0,7,0,0,0,0,0,0,Example cannonball aerodynamic model,"Revision E, 2013-04-19",baabd6eec679445cd3d5aa5d51b39ade99064c515876dfe018fae78b3eb028e5,normalized/nesc-all-models-cannonball-aero,,,
nesc-all-models-cannonball-inertia,nesc_models,All_models/cannonball_inertia.dml,nesc-atmospheric-spheroid,mass_properties,passed,passed,no_cases,0,0,0,10,0,0,0,0,0,0,Example cannonball inertia model,Initial version,c00b9047ce9fd4a8ec4185c02be3fb755bb966680c501fe5d815bed1e2c61a9c,normalized/nesc-all-models-cannonball-inertia,,,
nesc-all-models-f16-package-f16-s119-source-f16-aero,nesc_models,All_models/F16_package/F16_S119_source/F16_aero.dml,f16-s119,aerodynamics,passed,passed,passed,16,16,0,50,4,18,18,0,744,0,F-16 Subsonic Aerodynamics Model (a la Garza),"Mod P, 2013-10-21",82796577b989b5f3becb7d13430ff6c619b3ecd2e642a6427b743658fb177e51,normalized/nesc-all-models-f16-package-f16-s119-source-f16-aero,,,
nesc-all-models-f16-package-f16-s119-source-f16-control,nesc_models,All_models/F16_package/F16_S119_source/F16_control.dml,f16-s119,control_mapping,passed,passed,no_cases,0,0,0,81,0,0,0,0,0,0,F-16 simple control system,"Revision F, 2013-10-22",bca7789dde61b741de69f697ce8799ee666214d0e1fa203973523774fc3a969b,normalized/nesc-all-models-f16-package-f16-s119-source-f16-control,,,
nesc-all-models-f16-package-f16-s119-source-f16-gnc,nesc_models,All_models/F16_package/F16_S119_source/F16_gnc.dml,f16-s119,guidance_navigation_control,passed,passed,no_cases,0,0,0,94,0,0,0,0,0,0,"Example F-16 guidance, navigation and control system","Revision C, 2013-10-22",fc1dbff00cc14b0228973c43cfc17797fd48d2e36950ec039ff4e77d8577827c,normalized/nesc-all-models-f16-package-f16-s119-source-f16-gnc,,,
nesc-all-models-f16-package-f16-s119-source-f16-inertia,nesc_models,All_models/F16_package/F16_S119_source/F16_inertia.dml,f16-s119,mass_properties,passed,passed,no_cases,0,0,0,12,0,0,0,0,0,0,F-16 inertia model (a la Stevens & Lewis),Initial version,e11d4eba5b158d24db7034bd85682ad0b896dd2f3172f007ca3d6d6d4e693c4a,normalized/nesc-all-models-f16-package-f16-s119-source-f16-inertia,,,
nesc-all-models-f16-package-f16-s119-source-f16-prop,nesc_models,All_models/F16_package/F16_S119_source/F16_prop.dml,f16-s119,propulsion,passed,passed,passed,9,9,0,13,2,3,3,0,108,0,F-16 propulsion model (a la Stevens & Lewis),Initial version,e5fd7772e5c05cdac666c94febbe4cb50139418b26045affd92dbd198f2215c6,normalized/nesc-all-models-f16-package-f16-s119-source-f16-prop,,,
nesc-all-models-orbital-cylinder-inertia,nesc_models,All_models/orbital_cylinder_inertia.dml,nesc-orbital-cylinder,mass_properties,passed,passed,no_cases,0,0,0,10,0,0,0,0,0,0,Example orbital cylinder inertia model,Initial version,9d38ac1e32ec5552d41e587bea7c12a9534ebf88abc951e9f0a3ec660c04818d,normalized/nesc-all-models-orbital-cylinder-inertia,,,
nesc-all-models-orbital-sphere-inertia,nesc_models,All_models/orbital_sphere_inertia.dml,nesc-orbital-spheroid,mass_properties,passed,passed,no_cases,0,0,0,10,0,0,0,0,0,3,Example orbital spheriod inertia model,Initial version,1fa33be0868c3623ff9089ba04d40653f89d4c89320c66a04a86ab6be9e56767,normalized/nesc-all-models-orbital-sphere-inertia,,,
nesc-all-models-orbital-station-inertia,nesc_models,All_models/orbital_station_inertia.dml,nesc-international-space-station,mass_properties,passed,passed,no_cases,0,0,0,10,0,0,0,0,0,0,Example space station inertia model,Initial version,bdf62927d5221f3e1a9270994ee97235c39827675f24200e43c9f40c55d04086,normalized/nesc-all-models-orbital-station-inertia,,,
nesc-all-models-two-stage-package-twostage-aero,nesc_models,All_models/two-stage_package/twostage_aero.dml,nesc-two-stage-rocket,aerodynamics,passed,passed,no_cases,0,0,0,12,4,5,5,0,39,0,Two-stage to orbit rocket aero model,"Rev A, 2014-Mar-27",49df37f2ab8ad3b9c6f181bb3c32ad828304870371b3e058512c08e359579a27,normalized/nesc-all-models-two-stage-package-twostage-aero,,,
nesc-all-models-two-stage-package-twostage-inertia,nesc_models,All_models/two-stage_package/twostage_inertia.dml,nesc-two-stage-rocket,mass_properties,passed,passed,no_cases,0,0,0,43,0,0,0,0,0,0,Two-stage to orbit rocket inertia model,Initial version,277707b8e1f26f99f6b2068c79a243bd3a450e325e2ef7dbc2f9a39e7b52570b,normalized/nesc-all-models-two-stage-package-twostage-inertia,,,
nesc-all-models-two-stage-package-twostage-prop,nesc_models,All_models/two-stage_package/twostage_prop.dml,nesc-two-stage-rocket,propulsion,passed,passed,no_cases,0,0,0,14,0,0,0,0,0,0,Two-stage to orbit rocket aero model,"Rev A, 2014-Mar-27",297cb7b8950a1ba5185fca98b5966cb8ad14cf76f8d2d0af9b17e7b0785197ee,normalized/nesc-all-models-two-stage-package-twostage-prop,,,
