query_id,air_relative_speed_m_s,air_relative_velocity_m_s,configuration_variant_id,drag_force_n,event_id,mass_kg,mass_property_profile_id,mission_bank_command_deg,mission_profile_id,mission_segment,position_m,projected_area_m2,pseudo6dof_profile_id,query_id,specific_energy_j_per_kg,termination,time_s,velocity_m_s,wind_velocity_m_s
query-000000,250.0,"[125.00000000000003, 0.0, 216.50635094610965]",nominal,61124.61162149999,,11664.1,generic_slender_body_v1,0.0,none,unprofiled,"[0.0, 0.0, 0.0]",26.612075808,,query-000000,31250.0,,0.0,"[125.00000000000003, 0.0, 216.50635094610965]","[0.0, 0.0, 0.0]"
query-000000,246.75888894083053,"[127.55865107399433, 0.0, 211.23148394000384]",nominal,58070.524897814634,,11564.1,generic_slender_body_v1,0.0,none,unprofiled,"[126.2735873573467, 0.0, 213.84251801386202]",26.612075808,,query-000000,32542.05336493721,,1.0,"[127.55865107399433, 0.0, 211.23148394000384]","[0.0, 0.0, 0.0]"
query-000000,243.90881137749747,"[130.18350847279896, 0.0, 206.26139335633397]",nominal,55360.60002480976,,11464.1,generic_slender_body_v1,0.0,none,unprofiled,"[255.13935867369668, 0.0, 422.5645078977867]",26.612075808,,query-000000,33889.69636516765,,2.0,"[130.18350847279896, 0.0, 206.26139335633397]","[0.0, 0.0, 0.0]"
query-000000,241.42597557332437,"[132.86966438895823, 0.0, 201.57418973345028]",nominal,52953.6735579202,,11364.1,generic_slender_body_v1,0.0,none,unprofiled,"[386.66102637296655, 0.0, 626.4595555833525]",26.612075808,,query-000000,35286.72044152719,,3.0,"[132.86966438895823, 0.0, 201.57418973345028]","[0.0, 0.0, 0.0]"
query-000000,239.28893876668565,"[135.61265506058507, 0.0, 197.15071393100612]",nominal,50814.5773424023,,11264.1,generic_slender_body_v1,0.0,none,unprofiled,"[520.8976228252073, 0.0, 825.8007579074578]",26.612075808,,query-000000,36727.93711057649,,4.0,"[135.61265506058507, 0.0, 197.15071393100612]","[0.0, 0.0, 0.0]"
query-000000,237.4782266774272,"[138.40839856383198, 0.0, 192.9741520329884]",nominal,48913.108892105,,11164.1,generic_slender_body_v1,0.0,none,unprofiled,"[657.9039122435227, 0.0, 1020.8432544043907]",26.612075808,,query-000000,38209.006573732564,,5.0,"[138.40839856383198, 0.0, 192.9741520329884]","[0.0, 0.0, 0.0]"
query-000000,235.97602354510096,"[141.2531438633085, 0.0, 189.02971469292734]",nominal,47223.202727280084,,11064.1,generic_slender_body_v1,0.0,none,unprofiled,"[797.7307462055057, 0.0, 1211.8264073881785]",26.612075808,,query-000000,39726.299282092295,,6.0,"[141.2531438633085, 0.0, 189.02971469292734]","[0.0, 0.0, 0.0]"
query-000000,234.76591981667778,"[144.1434289571438, 0.0, 185.3043685287738]",nominal,45722.25898298096,,10964.1,generic_slender_body_v1,0.0,none,unprofiled,"[940.4253729323516, 0.0, 1398.9756883175228]",26.612075808,,query-000000,41276.78348752442,,7.0,"[144.1434289571438, 0.0, 185.3043685287738]","[0.0, 0.0, 0.0]"
query-000000,233.8327071688744,"[147.07604640607815, 0.0, 181.78660983549287]",nominal,44390.59602570835,,10864.1,generic_slender_body_v1,0.0,none,unprofiled,"[1086.0317085320305, 0.0, 1582.5043174337206]",26.612075808,,query-000000,42857.93343552368,,8.0,"[147.07604640607815, 0.0, 181.78660983549287]","[0.0, 0.0, 0.0]"
query-000000,233.1622125048847,"[150.04801488337745, 0.0, 178.46627291936917]",nominal,43211.00154385389,,10764.1,generic_slender_body_v1,0.0,none,unprofiled,"[1234.5905768835355, 0.0, 1762.6146949927543]",26.612075808,,query-000000,44467.6540687372,,9.0,"[150.04801488337745, 0.0, 178.46627291936917]","[0.0, 0.0, 0.0]"
query-000000,232.74116407312883,"[153.05655565161086, 0.0, 175.3343669283932]",nominal,42168.36235688262,,10664.1,generic_slender_body_v1,0.0,none,unprofiled,"[1386.139923616251, 0.0, 1939.4996555354348]",26.612075808,,query-000000,46104.219024014106,,10.0,"[153.05655565161086, 0.0, 175.3343669283932]","[0.0, 0.0, 0.0]"
query-000000,232.55708403656774,"[156.09907308301686, 0.0, 172.38293627332777]",nominal,41249.357546935644,,10564.1,generic_slender_body_v1,0.0,none,unprofiled,"[1540.7150086541055, 0.0, 2113.343571149292]",26.612075808,,query-000000,47766.219399806825,,11.0,"[156.09907308301686, 0.0, 172.38293627332777]","[0.0, 0.0, 0.0]"
query-000000,232.59820276189438,"[159.17313850659235, 0.0, 169.6049406887208]",nominal,40442.20283008043,,10464.1,generic_slender_body_v1,0.0,none,unprofiled,"[1698.348580997309, 0.0, 2284.3233252671175]",26.612075808,,query-000000,49452.52130176245,,12.0,"[159.17313850659235, 0.0, 169.6049406887208]","[0.0, 0.0, 0.0]"
query-000000,232.85339086102474,"[162.27647679765235, 0.0, 166.99415173477828]",nominal,39736.43662243424,,10364.1,generic_slender_body_v1,0.0,none,unprofiled,"[1859.0710387663921, 0.0, 2452.609174986965]",26.612075808,,query-000000,51162.2305836245,,13.0,"[162.27647679765235, 0.0, 166.99415173477828]","[0.0, 0.0, 0.0]"
query-000000,233.3121056475749,"[165.40695523217113, 0.0, 164.54506313629616]",nominal,39122.7402142554,,10264.1,generic_slender_body_v1,0.0,none,unprofiled,"[2022.9105770041922, 0.0, 2618.3655170084035]",26.612075808,,query-000000,52894.66351822303,,14.0,"[165.40695523217113, 0.0, 164.54506313629616]","[0.0, 0.0, 0.0]"
query-000000,232.0784626657187,"[166.17436786914155, 0.0, 162.0076920907603]",nominal,37973.133590492274,,10164.1,generic_slender_body_v1,0.0,none,unprofiled,"[2189.8933252983843, 0.0, 2781.751569921932]",26.612075808,,query-000000,54209.870449816604,,15.0,"[166.17436786914155, 0.0, 162.0076920907603]","[0.0, 0.0, 0.0]"
query-000000,221.62669815721793,"[155.68752239858077, 0.0, 157.73328344221454]",nominal,33984.360506426885,,10164.1,generic_slender_body_v1,0.0,none,unprofiled,"[2350.7362273098834, 0.0, 2941.6900117611744]",26.612075808,,query-000000,53407.32102187301,,16.0,"[155.68752239858077, 0.0, 157.73328344221454]","[0.0, 0.0, 0.0]"
query-000000,211.43015063957577,"[146.22514313535376, 0.0, 152.71187286690912]",nominal,30369.31704545029,,10164.1,generic_slender_body_v1,0.0,none,unprofiled,"[2501.609991353722, 0.0, 3096.969398836094]",26.612075808,,query-000000,52722.24925483283,,17.0,"[146.22514313535376, 0.0, 152.71187286690912]","[0.0, 0.0, 0.0]"
query-000000,201.48295104867688,"[137.72008485854667, 0.0, 147.0665080493796]",nominal,27096.73799397517,,10164.1,generic_slender_body_v1,0.0,none,unprofiled,"[2643.5057030428416, 0.0, 3246.906007415126]",26.612075808,,query-000000,52138.96057925931,,18.0,"[137.72008485854667, 0.0, 147.0665080493796]","[0.0, 0.0, 0.0]"
query-000000,191.78123862528764,"[130.10403370262188, 0.0, 140.90061711346956]",nominal,24137.59544619023,,10164.1,generic_slender_body_v1,0.0,none,unprofiled,"[2777.3465422720333, 0.0, 3390.929112376126]",26.612075808,,query-000000,51643.67672420809,,19.0,"[130.10403370262188, 0.0, 140.90061711346956]","[0.0, 0.0, 0.0]"
query-000000,182.32353739482903,"[123.30928099391183, 0.0, 134.30075766326902]",nominal,21465.206047750904,,10164.1,generic_slender_body_v1,0.0,none,unprofiled,"[2903.9875553332167, 0.0, 3528.562764165101]",26.612075808,,query-000000,51224.31617528149,,20.0,"[123.30928099391183, 0.0, 134.30075766326902]","[0.0, 0.0, 0.0]"
query-000000,173.11117911197132,"[117.26993185265115, 0.0, 127.33908833037705]",nominal,19055.237489341078,,10164.1,generic_slender_body_v1,0.0,none,unprofiled,"[3024.216905275577, 0.0, 3659.410177588541]",26.612075808,,query-000000,50870.29498481717,,21.0,"[117.26993185265115, 0.0, 127.33908833037705]","[0.0, 0.0, 0.0]"
query-000000,164.14879739847115,"[111.92268843806012, 0.0, 120.07555746346235]",nominal,16885.648272294507,,10164.1,generic_slender_body_v1,0.0,none,unprofiled,"[3138.758107802134, 0.0, 3783.1404503150097]",26.612075808,,query-000000,50572.34814076385,,22.0,"[111.92268843806012, 0.0, 120.07555746346235]","[0.0, 0.0, 0.0]"
query-000000,155.44491864403395,"[107.2073189440196, 0.0, 112.55982185969195]",nominal,14936.585631020105,,10164.1,generic_slender_body_v1,0.0,none,unprofiled,"[3248.272885089702, 0.0, 3899.477333513817]",26.612075808,,query-000000,50322.370758828445,,23.0,"[107.2073189440196, 0.0, 112.55982185969195]","[0.0, 0.0, 0.0]"
query-000000,147.01267525557228,"[103.06689959497109, 0.0, 104.83291894095338]",nominal,13190.259441746475,,10164.1,generic_slender_body_v1,0.0,none,unprofiled,"[3353.364368689917, 0.0, 4008.1897957360616]",26.612075808,,query-000000,50113.27780325522,,24.0,"[103.06689959497109, 0.0, 104.83291894095338]","[0.0, 0.0, 0.0]"
query-000000,138.87066417186614,"[99.44789782155023, 0.0, 96.92872116359388]",nominal,11630.804591620787,booster-release,8664.1,generic_slender_body_v1,0.0,none,unprofiled,"[3454.580460000464, 0.0, 4109.084147580231]",26.612075808,,query-000000,49938.88073963528,,25.0,"[99.44789782155023, 0.0, 96.92872116359388]","[0.0, 0.0, 0.0]"
query-000000,130.84371259449952,"[95.7560407887316, 0.0, 89.16758255094035]",nominal,10212.675268076562,booster-release,8664.1,generic_slender_body_v1,0.0,none,unprofiled,"[3552.1385641896054, 0.0, 4202.147471278934]",26.612075808,,query-000000,49769.02806197355,,26.0,"[95.7560407887316, 0.0, 89.16758255094035]","[0.0, 0.0, 0.0]"
query-000000,123.15827725268264,"[92.56397866228839, 0.0, 81.23959077971813]",nominal,8957.916722309046,booster-release,8664.1,generic_slender_body_v1,0.0,none,unprofiled,"[3646.2591096401043, 0.0, 4287.363765221585]",26.612075808,,query-000000,49628.65649613457,,27.0,"[92.56397866228839, 0.0, 81.23959077971813]","[0.0, 0.0, 0.0]"
query-000000,115.85265595544027,"[89.82058440857143, 0.0, 73.17171932128083]",nominal,7855.006518663689,booster-release,8664.1,generic_slender_body_v1,0.0,none,unprofiled,"[3737.416044886684, 0.0, 4364.580080626321]",26.612075808,,query-000000,49512.82819363892,,28.0,"[89.82058440857143, 0.0, 73.17171932128083]","[0.0, 0.0, 0.0]"
query-000000,108.97552621793513,"[87.47810380119367, 0.0, 64.98651144524878]",nominal,6893.86162816231,booster-release,8664.1,generic_slender_body_v1,0.0,none,unprofiled,"[3826.0338819086774, 0.0, 4433.668131538201]",26.612075808,,query-000000,49417.26423938703,,29.0,"[87.47810380119367, 0.0, 64.98651144524878]","[0.0, 0.0, 0.0]"
query-000000,102.58728670209761,"[85.49211250940391, 0.0, 56.70317532182653]",nominal,6065.722597243976,booster-release,8664.1,generic_slender_body_v1,0.0,none,unprofiled,"[3912.491045790612, 0.0, 4494.520420468391]",26.612075808,,query-000000,49338.264377835534,,30.0,"[85.49211250940391, 0.0, 56.70317532182653]","[0.0, 0.0, 0.0]"
query-000000,96.76086818209109,"[83.8215140106353, 0.0, 48.33859121154524]",nominal,5363.041832422666,booster-release,8664.1,generic_slender_body_v1,0.0,none,unprofiled,"[3997.1231985139116, 0.0, 4547.047413367155]",26.612075808,,query-000000,49272.63532197301,,31.0,"[83.8215140106353, 0.0, 48.33859121154524]","[0.0, 0.0, 0.0]"
query-000000,91.58135808851522,"[82.42861753269844, 0.0, 39.90824677914292]",nominal,4779.3756251599425,booster-release,8664.1,generic_slender_body_v1,0.0,none,unprofiled,"[4080.2265975411333, 0.0, 4591.175685075654]",26.612075808,,query-000000,49217.625606715585,,32.0,"[82.42861753269844, 0.0, 39.90824677914292]","[0.0, 0.0, 0.0]"
query-000000,87.1435151134635,"[81.27933038284874, 0.0, 31.427101025168753]",nominal,4309.278713528482,booster-release,8664.1,generic_slender_body_v1,0.0,none,unprofiled,"[4162.061587052466, 0.0, 4626.846965183803]",26.612075808,,query-000000,49170.864904284965,,33.0,"[81.27933038284874, 0.0, 31.427101025168753]","[0.0, 0.0, 0.0]"
query-000000,83.54615592229239,"[80.34348614542459, 0.0, 22.910355811116474]",nominal,3948.199758300484,booster-release,8664.1,generic_slender_body_v1,0.0,none,unprofiled,"[4242.856348550892, 0.0, 4654.018004382817]",26.612075808,,query-000000,49130.30574737675,,34.0,"[80.34348614542459, 0.0, 22.910355811116474]","[0.0, 0.0, 0.0]"
query-000000,80.88279625709255,"[79.59530305355386, 0.0, 14.374089960037931]",nominal,3692.3762142097826,booster-release,8664.1,generic_slender_body_v1,0.0,none,unprofiled,"[4322.811046848059, 0.0, 4672.661148270433]",26.612075808,,query-000000,49094.16581486941,,35.0,"[79.59530305355386, 0.0, 14.374089960037931]","[0.0, 0.0, 0.0]"
query-000000,79.22913161281618,"[79.01392261153488, 0.0, 5.83569444533598]",nominal,3538.727803097078,booster-release,8664.1,generic_slender_body_v1,0.0,none,unprofiled,"[4402.102480915193, 0.0, 4682.765451081422]",26.612075808,,query-000000,49060.86945890809,,36.0,"[79.01392261153488, 0.0, 5.83569444533598]","[0.0, 0.0, 0.0]"
query-000000,78.6298141589528,"[78.58392562593582, 0.0, -2.6859463674543633]",nominal,3484.7490852114083,booster-release,8664.1,generic_slender_body_v1,0.0,none,unprofiled,"[4480.889272624585, 0.0, 4684.338101016932]",26.612075808,,query-000000,49028.98807567342,,37.0,"[78.58392562593582, 0.0, -2.6859463674543633]","[0.0, 0.0, 0.0]"
query-000000,79.08852856081565,"[78.29568533635828, 0.0, -11.170541957529355]",nominal,3528.403109452679,booster-release,8664.1,generic_slender_body_v1,0.0,none,unprofiled,"[4559.317502217771, 0.0, 4677.405891216083]",26.612075808,,query-000000,48997.18015805167,,38.0,"[78.29568533635828, 0.0, -11.170541957529355]","[0.0, 0.0, 0.0]"
query-000000,80.56511768104825,"[78.14542562354485, 0.0, -19.596699749605094]",nominal,3668.019151666732,booster-release,8664.1,generic_slender_body_v1,0.0,none,unprofiled,"[4637.526558438681, 0.0, 4662.016487905521]",26.612075808,,query-000000,48964.133084599256,,39.0,"[78.14542562354485, 0.0, -19.596699749605094]","[0.0, 0.0, 0.0]"
query-000000,82.98095796011735,"[78.13491731796366, 0.0, -27.942334900536615]",nominal,3902.197521230558,booster-release,8664.1,generic_slender_body_v1,0.0,none,unprofiled,"[4715.65486762898, 0.0, 4638.239330866645]",26.612075808,,query-000000,48928.50942603276,,40.0,"[78.13491731796366, 0.0, -27.942334900536615]","[0.0, 0.0, 0.0]"
query-000000,86.2304057201471,"[78.27084084798571, 0.0, -36.18505691042189]",nominal,4229.723232112572,booster-release,8664.1,generic_slender_body_v1,0.0,none,unprofiled,"[4793.845146176654, 0.0, 4606.166125730232]",26.612075808,,query-000000,48888.90047222297,,41.0,"[78.27084084798571, 0.0, -36.18505691042189]","[0.0, 0.0, 0.0]"
query-000000,90.1942097095065,"[78.56392024137695, 0.0, -44.30243674369388]",nominal,4649.488529873344,booster-release,8664.1,generic_slender_body_v1,0.0,none,unprofiled,"[4872.248890688104, 0.0, 4565.911003708253]",26.612075808,,query-000000,48843.78887707675,,42.0,"[78.56392024137695, 0.0, -44.30243674369388]","[0.0, 0.0, 0.0]"
query-000000,94.75121388867794,"[79.02795925603616, 0.0, -52.272116746926216]",nominal,5160.422632409877,booster-release,8664.1,generic_slender_body_v1,0.0,none,unprofiled,"[4951.029942735833, 0.0, 4517.61049209782]",26.612075808,,query-000000,48791.52119902008,,43.0,"[79.02795925603616, 0.0, -52.272116746926216]","[0.0, 0.0, 0.0]"
query-000000,99.78649073956937,"[79.67888854521237, 0.0, -60.07177751921269]",nominal,5761.426111736924,booster-release,8664.1,generic_slender_body_v1,0.0,none,unprofiled,"[5030.367087896829, 0.0, 4461.423449091365]",26.612075808,,query-000000,48730.290134090916,,44.0,"[79.67888854521237, 0.0, -60.07177751921269]","[0.0, 0.0, 0.0]"
query-000000,105.19579284949303,"[80.53388907336124, 0.0, -67.6790037157241]",nominal,6451.307187413835,booster-release,8664.1,generic_slender_body_v1,0.0,none,unprofiled,"[5110.455736515767, 0.0, 4397.531086216922]",26.612075808,,query-000000,48658.1256432659,,45.0,"[80.53388907336124, 0.0, -67.6790037157241]","[0.0, 0.0, 0.0]"
query-000000,110.88715917817916,"[81.61061575123233, 0.0, -75.0710960843889]",nominal,7228.717585028859,booster-release,8664.1,generic_slender_body_v1,0.0,none,unprofiled,"[5191.5087773574905, 0.0, 4326.13715559908]",26.612075808,,query-000000,48572.89397225913,,46.0,"[81.61061575123233, 0.0, -75.0710960843889]","[0.0, 0.0, 0.0]"
query-000000,116.78071998651762,"[82.92651769783642, 0.0, -82.22486985748205]",nominal,8092.086246427176,booster-release,8664.1,generic_slender_body_v1,0.0,none,unprofiled,"[5273.756704239327, 0.0, 4247.468334907168]",26.612075808,,query-000000,48472.303626802095,,47.0,"[82.92651769783642, 0.0, -82.22486985748205]","[0.0, 0.0, 0.0]"
query-000000,122.80756196080152,"[84.49823804330839, 0.0, -89.11646897365546]",nominal,9039.549862238882,booster-release,8664.1,generic_slender_body_v1,0.0,none,unprofiled,"[5357.447104372453, 0.0, 4161.774808029959]",26.612075808,,query-000000,48353.91755854505,,48.0,"[84.49823804330839, 0.0, -89.11646897365546]","[0.0, 0.0, 0.0]"
query-000000,128.90823120966832,"[86.34107258270893, 0.0, -95.72121634660047]",nominal,10068.87984196579,booster-release,8664.1,generic_slender_body_v1,0.0,none,unprofiled,"[5442.843577626728, 0.0, 4069.331014881733]",26.612075808,,query-000000,48215.1710338926,,49.0,"[86.34107258270893, 0.0, -95.72121634660047]","[0.0, 0.0, 0.0]"
query-000000,135.03120732763927,"[88.46846848258222, 0.0, -102.01351399057997]",nominal,11177.405926840374,booster-release,8664.1,generic_slender_body_v1,0.0,none,unprofiled,"[5530.2241358795245, 0.0, 3970.436526972073]",26.612075808,,query-000000,48053.39484341063,,50.0,"[88.46846848258222, 0.0, -102.01351399057997]","[0.0, 0.0, 0.0]"
query-000000,141.13151368592025,"[90.89154858482168, 0.0, -107.96680300505383]",nominal,12361.93720397958,booster-release,8664.1,generic_slender_body_v1,0.0,none,unprofiled,"[5619.879114864131, 0.0, 3865.4169936507333]",26.612075808,,query-000000,47865.843638424514,,51.0,"[90.89154858482168, 0.0, -107.96680300505383]","[0.0, 0.0, 0.0]"
query-000000,147.1695284962506,"[93.61865196846303, 0.0, -113.5535914069498]",nominal,13618.681822194905,booster-release,8664.1,generic_slender_body_v1,0.0,none,unprofiled,"[5712.108619012488, 0.0, 3754.6250950577155]",26.612075808,,query-000000,47649.729247352094,,52.0,"[93.61865196846303, 0.0, -113.5535914069498]","[0.0, 0.0, 0.0]"
query-000000,153.1100073477535,"[96.65488655955106, 0.0, -118.74555677661985]",nominal,14943.167259103999,booster-release,8664.1,generic_slender_body_v1,0.0,none,unprofiled,"[5807.219513026954, 0.0, 3638.441430384827]",26.612075808,,query-000000,47402.25882829793,,53.0,"[96.65488655955106, 0.0, -118.74555677661985]","[0.0, 0.0, 0.0]"
query-000000,158.9213025251805,"[100.00169445417102, 0.0, -123.51373001652308]",nominal,16330.163553116392,booster-release,8664.1,generic_slender_body_v1,0.0,none,unprofiled,"[5905.52197216864, 0.0, 3517.2752634306567]",26.612075808,,query-000000,47120.67766027222,,54.0,"[100.00169445417102, 0.0, -123.51373001652308]","[0.0, 0.0, 0.0]"
query-000000,164.5747547675204,"[103.65643518152648, 0.0, -127.82876574639795]",nominal,17773.612486011556,booster-release,8664.1,generic_slender_body_v1,0.0,none,unprofiled,"[6007.325606222292, 0.0, 3391.565041495106]",26.612075808,,query-000000,46802.31626757272,,55.0,"[103.65643518152648, 0.0, -127.82876574639795]","[0.0, 0.0, 0.0]"
query-000000,170.0442314247735,"[107.61199637516155, 0.0, -131.66130364307557]",nominal,19266.566261562755,booster-release,8664.1,generic_slender_body_v1,0.0,none,unprofiled,"[6112.935179472766, 0.0, 3261.778598696029]",26.612075808,,query-000000,46444.64141532337,,56.0,"[107.61199637516155, 0.0, -131.66130364307557]","[0.0, 0.0, 0.0]"
query-000000,175.30578681486318,"[111.85644520541517, 0.0, -134.9824231401489]",nominal,20801.139738114714,booster-release,8664.1,generic_slender_body_v1,0.0,none,unprofiled,"[6222.645960471607, 0.0, 3128.4129513647667]",26.612075808,,query-000000,46045.31031489042,,57.0,"[111.85644520541517, 0.0, -134.9824231401489]","[0.0, 0.0, 0.0]"
query-000000,180.3374236497741,"[116.3727373560045, 0.0, -137.7641911706685]",nominal,22368.480689680728,booster-release,8664.1,generic_slender_body_v1,0.0,none,unprofiled,"[6336.738750484407, 0.0, 2991.993592053602]",26.612075808,,query-000000,45602.22714383151,,58.0,"[116.3727373560045, 0.0, -137.7641911706685]","[0.0, 0.0, 0.0]"
query-000000,185.11893755547158,"[121.13850312943381, 0.0, -139.98029897534414]",nominal,23958.76283046621,booster-release,8664.1,generic_slender_body_v1,0.0,none,unprofiled,"[6455.474657755027, 0.0, 2853.0731907565532]",26.612075808,,query-000000,45113.60072696605,,59.0,"[121.13850312943381, 0.0, -139.98029897534414]","[0.0, 0.0, 0.0]"
query-000000,189.63182946260233,"[126.12593219781621, 0.0, -141.60677940185406]",nominal,25561.206372514123,booster-release,8664.1,generic_slender_body_v1,0.0,none,unprofiled,"[6579.089705357561, 0.0, 2712.2296181453885]",26.612075808,,query-000000,44578.001957452216,,60.0,"[126.12593219781621, 0.0, -141.60677940185406]","[0.0, 0.0, 0.0]"
query-000000,193.85927283554392,"[131.3017792838719, 0.0, -142.62279067952375]",nominal,27164.130622893448,booster-release,8664.1,generic_slender_body_v1,0.0,none,unprofiled,"[6707.78938241766, 0.0, 2570.06321685464]",26.612075808,,query-000000,43994.419277730485,,61.0,"[131.3017792838719, 0.0, -142.62279067952375]","[0.0, 0.0, 0.0]"
query-000000,197.78612434089723,"[136.6275123447188, 0.0, -143.01144657784062]",nominal,28755.042497637492,booster-release,8664.1,generic_slender_body_v1,0.0,none,unprofiled,"[6841.7432705497185, 0.0, 2427.193263862779]",26.612075808,,query-000000,43362.310311956346,,62.0,"[136.6275123447188, 0.0, -143.01144657784062]","[0.0, 0.0, 0.0]"
query-000000,201.3989677135092,"[142.0596223402554, 0.0, -142.76066648979727]",nominal,30320.763781546062,booster-release,8664.1,generic_slender_body_v1,0.0,none,unprofiled,"[6981.079897842496, 0.0, 2284.2535902859827]",26.612075808,,query-000000,42681.64756921159,,63.0,"[142.0596223402554, 0.0, -142.76066648979727]","[0.0, 0.0, 0.0]"
query-000000,204.68618137041196,"[147.55010917001016, 0.0, -141.86401280070734]",nominal,31847.598470045195,booster-release,8664.1,generic_slender_body_v1,0.0,none,unprofiled,"[7125.881989731837, 0.0, 2141.887354489343]",26.612075808,,query-000000,41952.956046903506,,64.0,"[147.55010917001016, 0.0, -141.86401280070734]","[0.0, 0.0, 0.0]"
query-000000,207.63802087198746,"[153.0471517572112, 0.0, -140.32147751018397]",nominal,33321.539605083395,booster-release,8664.1,generic_slender_body_v1,0.0,none,unprofiled,"[7276.182297554961, 0.0, 2000.74099984956]",26.612075808,,query-000000,41177.34058199264,,65.0,"[153.0471517572112, 0.0, -140.32147751018397]","[0.0, 0.0, 0.0]"
query-000000,210.24670775474843,"[158.4959616330838, 0.0, -138.1401761534805]",nominal,34728.51272547318,booster-release,8664.1,generic_slender_body_v1,0.0,none,unprofiled,"[7431.960189404673, 0.0, 1861.4574686483018]",26.612075808,,query-000000,40356.500945775166,,66.0,"[158.4959616330838, 0.0, -138.1401761534805]","[0.0, 0.0, 0.0]"
query-000000,212.50651667222624,"[163.83980904948365, 0.0, -135.33490532302415]",nominal,36054.65051429706,booster-release,8664.1,generic_slender_body_v1,0.0,none,unprofiled,"[7593.13918221287, 0.0, 1724.6687866111392]",26.612075808,,query-000000,39492.73297030172,,67.0,"[163.83980904948365, 0.0, -135.33490532302415]","[0.0, 0.0, 0.0]"
query-000000,214.41385327619813,"[169.0211992065062, 0.0, -131.92852116029178]",nominal,37286.590620327974,booster-release,8664.1,generic_slender_body_v1,0.0,none,unprofiled,"[7759.585577361179, 0.0, 1590.9881760281526]",26.612075808,,query-000000,38588.91443481999,,68.0,"[169.0211992065062, 0.0, -131.92852116029178]","[0.0, 0.0, 0.0]"
query-000000,215.96731592681127,"[173.98316445969903, 0.0, -127.95210054243122]",nominal,38411.78618331597,booster-release,8664.1,generic_slender_body_v1,0.0,none,unprofiled,"[7931.108333824259, 0.0, 1461.001896130782]",26.612075808,,query-000000,37648.47501900648,,69.0,"[173.98316445969903, 0.0, -127.95210054243122]","[0.0, 0.0, 0.0]"
query-000000,217.16773518906334,"[178.6706274079357, 0.0, -123.44485452541856]",nominal,39418.816559820785,booster-release,8664.1,generic_slender_body_v1,0.0,none,unprofiled,"[8107.460273123835, 0.0, 1335.2610440445983]",26.612075808,,query-000000,36675.35032115353,,70.0,"[178.6706274079357, 0.0, -123.44485452541856]","[0.0, 0.0, 0.0]"
query-000000,218.01818617712723,"[183.03178070401523, 0.0, -118.45377476586292]",nominal,40297.68438263645,booster-release,8664.1,generic_slender_body_v1,0.0,none,unprofiled,"[8288.340660536624, 0.0, 1214.2735747539264]",26.612075808,,query-000000,35673.92070384285,,71.0,"[183.03178070401523, 0.0, -118.45377476586292]","[0.0, 0.0, 0.0]"
query-000000,218.52397013758542,"[187.01942339406034, 0.0, -113.03300755994029]",nominal,41040.08461364959,booster-release,8664.1,generic_slender_body_v1,0.0,none,unprofiled,"[8473.399149529534, 0.0, 1098.496811027863]",26.612075808,,query-000000,34648.93651421255,,72.0,"[187.01942339406034, 0.0, -113.03300755994029]","[0.0, 0.0, 0.0]"
query-000000,218.69256317607812,"[190.59219151218906, 0.0, -107.24296584440387]",nominal,41639.631817112895,booster-release,8664.1,generic_slender_body_v1,0.0,none,unprofiled,"[8662.241014802614, 0.0, 988.3307118641211]",26.612075808,,query-000000,33605.43196976374,,73.0,"[190.59219151218906, 0.0, -107.24296584440387]","[0.0, 0.0, 0.0]"
query-000000,218.53353165884482,"[193.7156231273289, 0.0, -101.14920570957541]",nominal,42092.03353595428,booster-release,8664.1,generic_slender_body_v1,0.0,none,unprofiled,"[8854.43353789135, 0.0, 884.1121495408829]",26.612075808,,query-000000,32548.630640938765,,74.0,"[193.7156231273289, 0.0, -101.14920570957541]","[0.0, 0.0, 0.0]"
query-000000,218.05841546914482,"[196.36300519070457, 0.0, -94.82110919721148]",nominal,42395.2003255521,booster-release,8664.1,generic_slender_body_v1,0.0,none,unprofiled,"[9049.513352672715, 0.0, 786.1104110607001]",26.612075808,,query-000000,31483.8459410855,,75.0,"[196.36300519070457, 0.0, -94.82110919721148]","[0.0, 0.0, 0.0]"
query-000000,217.28058186487795,"[198.51596097166606, 0.0, -88.33042791154067]",nominal,42549.28649323665,booster-release,8664.1,generic_slender_body_v1,0.0,none,unprofiled,"[9246.99451086228, 0.0, 694.5240913571812]",26.612075808,,query-000000,30416.380308277865,,76.0,"[198.51596097166606, 0.0, -88.33042791154067]","[0.0, 0.0, 0.0]"
query-000000,216.21505406429944,"[200.1647516929239, 0.0, -81.74975097049564]",nominal,42556.65960976533,booster-release,8664.1,generic_slender_body_v1,0.0,none,unprofiled,"[9446.37699355783, 0.0, 609.4794862513461]",26.612075808,,query-000000,29351.426805860727,,77.0,"[200.1647516929239, 0.0, -81.74975097049564]","[0.0, 0.0, 0.0]"
query-000000,214.87831979006683,"[201.30828286907925, 0.0, -75.15096515750813]",nominal,42421.80103541281,booster-release,8664.1,generic_slender_body_v1,0.0,none,unprofiled,"[9647.155376833325, 0.0, 531.0305270390942]",26.612075808,,query-000000,28293.976675889047,,78.0,"[201.30828286907925, 0.0, -75.15096515750813]","[0.0, 0.0, 0.0]"
query-000000,213.28812575909072,"[201.95382325474293, 0.0, -68.60377440504095]",nominal,42151.14365227636,booster-release,8664.1,generic_slender_body_v1,0.0,none,unprofiled,"[9848.827358616987, 0.0, 459.1602306740374]",26.612075808,,query-000000,27248.7359710524,,79.0,"[201.95382325474293, 0.0, -68.60377440504095]","[0.0, 0.0, 0.0]"
query-000000,211.46326447785356,"[202.1164606227571, 0.0, -62.17434011680484]",nominal,41752.85636136185,booster-release,8664.1,generic_slender_body_v1,0.0,none,unprofiled,"[10050.901870303942, 0.0, 393.78357480640705]",26.612075808,,query-000000,26220.05380569057,,80.0,"[202.1164606227571, 0.0, -62.17434011680484]","[0.0, 0.0, 0.0]"
query-000000,209.42335968426585,"[201.81833239369547, 0.0, -55.92409401387952]",nominal,41236.58741036127,booster-release,8664.1,generic_slender_body_v1,0.0,none,unprofiled,"[10252.906527933854, 0.0, 334.7516500353463]",26.612075808,,query-000000,25211.864059541822,,81.0,"[201.81833239369547, 0.0, -55.92409401387952]","[0.0, 0.0, 0.0]"
query-000000,207.18865639404945,"[201.08767934814472, 0.0, -49.90876228428452]",nominal,40613.18009707544,booster-release,8664.1,generic_slender_body_v1,0.0,none,unprofiled,"[10454.394221220833, 0.0, 281.8568962974418]",26.612075808,,query-000000,24227.641601261053,,82.0,"[201.08767934814472, 0.0, -49.90876228428452]","[0.0, 0.0, 0.0]"
query-000000,204.77982081535887,"[199.9577766581921, 0.0, -44.17762518609451]",nominal,39894.3747979894,booster-release,8664.1,generic_slender_body_v1,0.0,none,unprofiled,"[10654.948690317857, 0.0, 234.83919876530214]",26.612075808,,query-000000,23270.373335156994,,83.0,"[199.9577766581921, 0.0, -44.17762518609451]","[0.0, 0.0, 0.0]"
query-000000,202.21775446227588,"[198.46579815620026, 0.0, -38.773021316214994]",nominal,39092.510672157536,booster-release,8664.1,generic_slender_body_v1,0.0,none,unprofiled,"[10854.188995626064, 0.0, 193.39260197930096]",26.612075808,,query-000000,22342.54367008296,,84.0,"[198.46579815620026, 0.0, -38.773021316214994]","[0.0, 0.0, 0.0]"
query-000000,199.52342570825095,"[196.65166745648656, 0.0, -33.73009180152586]",nominal,38220.23895269024,booster-release,8664.1,generic_slender_body_v1,0.0,none,unprofiled,"[11051.772841032465, 0.0, 157.17239882951247]",26.612075808,,query-000000,21446.13340815941,,85.0,"[196.65166745648656, 0.0, -33.73009180152586]","[0.0, 0.0, 0.0]"
query-000000,196.71772085762098,"[194.55694395522153, 0.0, -29.076747724284253]",nominal,37290.25768942378,booster-release,8664.1,generic_slender_body_v1,0.0,none,unprofiled,"[11247.39876201741, 0.0, 125.80236192075543]",26.612075808,,query-000000,20582.630582238617,,86.0,"[194.55694395522153, 0.0, -29.076747724284253]","[0.0, 0.0, 0.0]"
query-000000,193.8213156532266,"[192.2237837744657, 0.0, -24.833834842310825]",nominal,36315.07540055722,booster-release,8664.1,generic_slender_body_v1,0.0,none,unprofiled,"[11440.807234274682, 0.0, 98.88190640915764]",26.612075808,,query-000000,19753.05144826122,,87.0,"[192.2237837744657, 0.0, -24.833834842310825]","[0.0, 0.0, 0.0]"
query-000000,190.8545670447411,"[189.69400638653443, 0.0, -21.01546342246602]",nominal,35306.80857444629,booster-release,8664.1,generic_slender_body_v1,0.0,none,unprofiled,"[11631.780793961412, 0.0, 75.99300271254252]",26.612075808,,query-000000,18957.96966096874,,88.0,"[189.69400638653443, 0.0, -21.01546342246602]","[0.0, 0.0, 0.0]"
query-000000,187.83742406419017,"[187.00828790676817, 0.0, -17.62946775287659]",nominal,34277.01554793936,booster-release,8664.1,generic_slender_body_v1,0.0,none,unprofiled,"[11820.143286556244, 0.0, 56.706691544543986]",26.612075808,,query-000000,18197.55161617051,,89.0,"[187.00828790676817, 0.0, -17.62946775287659]","[0.0, 0.0, 0.0]"
query-000000,184.7893558252165,"[184.20549268608184, 0.0, -14.67795934645961]",nominal,33236.56713700669,booster-release,8664.1,generic_slender_body_v1,0.0,none,unprofiled,"[12005.7583775533, 0.0, 40.58908964026564]",26.612075808,,query-000000,17471.596009069945,,90.0,"[184.20549268608184, 0.0, -14.67795934645961]","[0.0, 0.0, 0.0]"
query-000000,181.72929399977076,"[181.32214648012473, 0.0, -12.157939525072253]",nominal,32195.552614561384,booster-release,8664.1,generic_slender_body_v1,0.0,none,unprofiled,"[12188.527465571315, 0.0, 27.206809853243797]",26.612075808,,query-000000,16779.575810674873,,91.0,"[181.32214648012473, 0.0, -12.157939525072253]","[0.0, 0.0, 0.0]"
query-000000,178.67558663792315,"[178.39204751179207, 0.0, -10.061940417061606]",nominal,31163.218270074733,booster-release,8664.1,generic_slender_body_v1,0.0,none,unprofiled,"[12368.387138127926, 0.0, 16.13175205700074]",26.612075808,,query-000000,16120.681076512778,,92.0,"[178.39204751179207, 0.0, -10.061940417061606]","[0.0, 0.0, 0.0]"
query-000000,175.64595988385605,"[175.44600636336042, 0.0, -8.378667833782757]",nominal,30147.934849762318,booster-release,8664.1,generic_slender_body_v1,0.0,none,unprofiled,"[12545.30630382188, 0.0, 6.945250103122415]",26.612075808,,query-000000,15493.86124868437,,93.0,"[175.44600636336042, 0.0, -8.378667833782757]","[0.0, 0.0, 0.0]"
query-000000,172.65753624944637,"[172.51174717954476, 0.0, -7.093793681079325]",nominal,29154.6058327148,booster-release,8664.1,generic_slender_body_v1,0.0,none,unprofiled,"[12719.283123578263, 0.0, -0.7584158462639783]",26.612075808,,query-000000,14897.874893105678,ground_contact,94.0,"[172.51174717954476, 0.0, -7.093793681079325]","[0.0, 0.0, 0.0]"
query-000001,249.99999999999997,"[85.5050358314172, 0.0, 234.92315519647707]",nominal,61124.611621499986,,11664.1,generic_slender_body_v1,0.0,none,unprofiled,"[0.0, 0.0, 0.0]",26.612075808,,query-000001,31249.999999999993,,0.0,"[85.5050358314172, 0.0, 234.92315519647707]","[0.0, 0.0, 0.0]"
query-000001,246.03138260416878,"[87.25977073633388, 0.0, 230.03733096426186]",nominal,57602.37378363749,,11564.1,generic_slender_body_v1,0.0,none,unprofiled,"[86.37772670472377, 0.0, 232.4510176804239]",26.612075808,,query-000001,32545.286385595173,,1.0,"[87.25977073633388, 0.0, 230.03733096426186]","[0.0, 0.0, 0.0]"
query-000001,242.44263004743172,"[89.06878005622127, 0.0, 225.4887608809191]",nominal,54455.470859561035,,11464.1,generic_slender_body_v1,0.0,none,unprofiled,"[174.5376233200478, 0.0, 460.187020619288]",26.612075808,,query-000001,33902.10747791406,,2.0,"[89.06878005622127, 0.0, 225.4887608809191]","[0.0, 0.0, 0.0]"
query-000001,239.20892144910925,"[90.92869338189739, 0.0, 221.25297923577665]",nominal,51637.68715947864,,11364.1,generic_slender_body_v1,0.0,none,unprofiled,"[264.53224642123814, 0.0, 683.5327515037053]",26.612075808,,query-000001,35313.620507956875,,3.0,"[90.92869338189739, 0.0, 221.25297923577665]","[0.0, 0.0, 0.0]"
query-000001,236.30837282110215,"[92.83650150728545, 0.0, 217.30860786734794]",nominal,49109.7404341337,,11264.1,generic_slender_body_v1,0.0,none,unprofiled,"[356.41096763294615, 0.0, 902.7900721832316]",26.612075808,,query-000001,36774.16979405419,,4.0,"[92.83650150728545, 0.0, 217.30860786734794]","[0.0, 0.0, 0.0]"
query-000001,233.72158316731964,"[94.78950363331568, 0.0, 213.63690795175805]",nominal,46838.0636201691,,11164.1,generic_slender_body_v1,0.0,none,unprofiled,"[450.2203075609667, 0.0, 1118.2408199255638]",26.612075808,,query-000001,38279.08555584218,,5.0,"[94.78950363331568, 0.0, 213.63690795175805]","[0.0, 0.0, 0.0]"
query-000001,231.43126007669082,"[96.78526396434526, 0.0, 210.22140904302995]",nominal,44793.829875380245,,11064.1,generic_slender_body_v1,0.0,none,unprofiled,"[546.0042217962172, 0.0, 1330.1492555173722]",26.612075808,,query-000001,39824.52226696189,,6.0,"[96.78526396434526, 0.0, 210.22140904302995]","[0.0, 0.0, 0.0]"
query-000001,229.42190960892603,"[98.82157587351442, 0.0, 207.04760020459418]",nominal,42952.16677763336,,10964.1,generic_slender_body_v1,0.0,none,unprofiled,"[643.8043474337003, 0.0, 1538.7641725641674]",26.612075808,,query-000001,41407.327977179506,,7.0,"[98.82157587351442, 0.0, 207.04760020459418]","[0.0, 0.0, 0.0]"
query-000001,227.67957857883061,"[100.89643220993877, 0.0, 204.10267139148164]",nominal,41291.51876930071,,10864.1,generic_slender_body_v1,0.0,none,unprofiled,"[743.6602169331295, 0.0, 1744.3207239198503]",26.612075808,,query-000001,43024.938078145555,,8.0,"[100.89643220993877, 0.0, 204.10267139148164]","[0.0, 0.0, 0.0]"
query-000001,226.19163984688223,"[103.00800062177052, 0.0, 201.37529576521297]",nominal,39793.12664469603,,10764.1,generic_slender_body_v1,0.0,none,unprofiled,"[845.609444878166, 0.0, 1947.0420106542406]",26.612075808,,query-000001,44675.288502093244,,9.0,"[103.00800062177052, 0.0, 201.37529576521297]","[0.0, 0.0, 0.0]"
query-000001,224.9466131317386,"[105.15460299986542, 0.0, 198.85544555626524]",nominal,38440.60009207593,,10664.1,generic_slender_body_v1,0.0,none,unprofiled,"[949.687892185651, 0.0, 2147.1404706576163]",26.612075808,,query-000001,46356.744476294545,,10.0,"[105.15460299986542, 0.0, 198.85544555626524]","[0.0, 0.0, 0.0]"
query-000001,223.93401532654107,"[107.33469832501859, 0.0, 196.53423558185682]",nominal,37219.56470590624,,10564.1,generic_slender_body_v1,0.0,none,unprofiled,"[1055.9298115138479, 0.0, 2344.819097374293]",26.612075808,,query-000001,48068.04181139938,,11.0,"[107.33469832501859, 0.0, 196.53423558185682]","[0.0, 0.0, 0.0]"
query-000001,223.14423543632023,"[109.5468683405344, 0.0, 194.40378968847685]",nominal,36117.36896719197,,10464.1,generic_slender_body_v1,0.0,none,unprofiled,"[1164.367976973921, 0.0, 2540.27251386982]",26.612075808,,query-000001,49808.23835237142,,12.0,"[109.5468683405344, 0.0, 194.40378968847685]","[0.0, 0.0, 0.0]"
query-000001,222.56843014017966,"[111.78980558084969, 0.0, 192.45712629897565]",nominal,35122.839797453365,,10364.1,generic_slender_body_v1,0.0,none,unprofiled,"[1275.0338007272885, 0.0, 2733.687923179243]",26.612075808,,query-000001,51576.67371937774,,13.0,"[111.78980558084969, 0.0, 192.45712629897565]","[0.0, 0.0, 0.0]"
query-000001,222.1984366798078,"[114.06230337312016, 0.0, 190.68805996225578]",nominal,34226.07767557353,,10264.1,generic_slender_body_v1,0.0,none,unprofiled,"[1387.9574386269571, 0.0, 2925.245952436817]",26.612075808,,query-000001,53372.935850939786,,14.0,"[114.06230337312016, 0.0, 190.68805996225578]","[0.0, 0.0, 0.0]"
query-000001,220.10341886644687,"[114.19684775179887, 0.0, 188.16108779514173]",nominal,32841.827455599865,,10164.1,generic_slender_body_v1,0.0,none,unprofiled,"[1503.1678867134922, 0.0, 3115.1214054815305]",26.612075808,,query-000001,54771.66282941473,,15.0,"[114.19684775179887, 0.0, 188.16108779514173]","[0.0, 0.0, 0.0]"
query-000001,208.63084314249795,"[104.30207370826786, 0.0, 180.68731590929298]",nominal,28873.91593334121,,10164.1,generic_slender_body_v1,0.0,none,unprofiled,"[1612.3155134763615, 0.0, 3299.588755674212]",26.612075808,,query-000001,54121.3264260073,,16.0,"[104.30207370826786, 0.0, 180.68731590929298]","[0.0, 0.0, 0.0]"
query-000001,197.42909819091798,"[95.57324521650207, 0.0, 172.75417103869157]",nominal,25324.44788187793,,10164.1,generic_slender_body_v1,0.0,none,unprofiled,"[1712.1606633133365, 0.0, 3476.343229317563]",26.612075808,,query-000001,53580.405736026645,,17.0,"[95.57324521650207, 0.0, 172.75417103869157]","[0.0, 0.0, 0.0]"
query-000001,186.48010756702797,"[87.90171057440286, 0.0, 164.46312594713817]",nominal,22149.633564733394,,10164.1,generic_slender_body_v1,0.0,none,unprofiled,"[1803.814388860962, 0.0, 3644.9780607255966]",26.612075808,,query-000001,53132.43935831983,,18.0,"[87.90171057440286, 0.0, 164.46312594713817]","[0.0, 0.0, 0.0]"
query-000001,175.76829722224338,"[81.18597253419254, 0.0, 155.89526026176748]",nominal,19310.675837091683,,10164.1,generic_slender_body_v1,0.0,none,unprofiled,"[1888.2826211630604, 0.0, 3805.1774248834145]",26.612075808,,query-000001,52763.290347936374,,19.0,"[81.18597253419254, 0.0, 155.89526026176748]","[0.0, 0.0, 0.0]"
query-000001,165.28072689763184,"[75.33200635850146, 0.0, 147.11494656156543]",nominal,16773.32268977389,,10164.1,generic_slender_body_v1,0.0,none,unprofiled,"[1966.4735210145727, 0.0, 3956.6979435830854]",26.612075808,,query-000001,52460.81123034384,,20.0,"[75.33200635850146, 0.0, 147.11494656156543]","[0.0, 0.0, 0.0]"
query-000001,155.0073083232676,"[70.25320721044741, 0.0, 138.1729080184335]",nominal,14507.422309804026,,10164.1,generic_slender_body_v1,0.0,none,unprofiled,"[2039.2049499871414, 0.0, 4099.353555454466]",26.612075808,,query-000001,52214.558361409814,,21.0,"[70.25320721044741, 0.0, 138.1729080184335]","[0.0, 0.0, 0.0]"
query-000001,144.9411507459238,"[65.87009932867343, 0.0, 129.1087417411513]",nominal,12486.499137606437,,10164.1,generic_slender_body_v1,0.0,none,unprofiled,"[2107.2117604826735, 0.0, 4233.003168930316]",26.612075808,,query-000001,52015.54911636678,,22.0,"[65.87009932867343, 0.0, 129.1087417411513]","[0.0, 0.0, 0.0]"
query-000001,135.0790904676699,"[62.109900285679146, 0.0, 119.95299482745705]",nominal,10687.36119294934,,10164.1,generic_slender_body_v1,0.0,none,unprofiled,"[2171.1527160327855, 0.0, 4357.540608057791]",26.612075808,,query-000001,51856.05594479641,,23.0,"[62.109900285679146, 0.0, 119.95299482745705]","[0.0, 0.0, 0.0]"
query-000001,125.42248711969263,"[58.90600508695966, 0.0, 110.72887085121273]",nominal,9089.743538179457,,10164.1,generic_slender_body_v1,0.0,none,unprofiled,"[2231.616931317992, 0.0, 4472.886443521203]",26.612075808,,query-000001,51729.431979001936,,24.0,"[58.90600508695966, 0.0, 110.72887085121273]","[0.0, 0.0, 0.0]"
query-000001,115.97841050610667,"[56.19743444926195, 0.0, 101.45363504992761]",nominal,7675.98928352983,booster-release,8664.1,generic_slender_body_v1,0.0,none,unprofiled,"[2289.1297753387394, 0.0, 4578.98137419746]",26.612075808,,query-000001,51629.96354503502,,25.0,"[56.19743444926195, 0.0, 101.45363504992761]","[0.0, 0.0, 0.0]"
query-000001,106.63373835031128,"[53.53743534369262, 0.0, 92.21983068398346]",nominal,6415.365284353215,booster-release,8664.1,generic_slender_body_v1,0.0,none,unprofiled,"[2343.9565196463695, 0.0, 4675.822226624678]",26.612075808,,query-000001,51539.52911601021,,26.0,"[53.53743534369262, 0.0, 92.21983068398346]","[0.0, 0.0, 0.0]"
query-000001,97.54421031729667,"[51.335980647051684, 0.0, 82.94269140455079]",nominal,5313.248428720325,booster-release,8664.1,generic_slender_body_v1,0.0,none,unprofiled,"[2396.35743763005, 0.0, 4763.406646557843]",26.612075808,,query-000001,51470.49827367897,,27.0,"[51.335980647051684, 0.0, 82.94269140455079]","[0.0, 0.0, 0.0]"
query-000001,88.74405113681594,"[49.536596770818015, 0.0, 73.63173359726895]",nominal,4357.481325865452,booster-release,8664.1,generic_slender_body_v1,0.0,none,unprofiled,"[2446.7624537687666, 0.0, 4841.696378541426]",26.612075808,,query-000001,51418.57509671018,,28.0,"[49.536596770818015, 0.0, 73.63173359726895]","[0.0, 0.0, 0.0]"
query-000001,80.2868491226606,"[48.08714189953354, 0.0, 64.29311725199668]",nominal,3537.7099645314806,booster-release,8664.1,generic_slender_body_v1,0.0,none,unprofiled,"[2495.5472286694076, 0.0, 4910.660923311212]",26.612075808,,query-000001,51380.12201461233,,29.0,"[48.08714189953354, 0.0, 64.29311725199668]","[0.0, 0.0, 0.0]"
query-000001,72.25420452817278,"[46.939315592967475, 0.0, 54.93059915623372]",nominal,2845.2063667500374,booster-release,8664.1,generic_slender_body_v1,0.0,none,unprofiled,"[2543.037239035951, 0.0, 4970.274662096432]",26.612075808,,query-000001,51352.079051047476,,30.0,"[46.939315592967475, 0.0, 54.93059915623372]","[0.0, 0.0, 0.0]"
query-000001,64.76824076442936,"[46.048272976324895, 0.0, 45.546477005548475]",nominal,2272.7139428000123,booster-release,8664.1,generic_slender_body_v1,0.0,none,unprofiled,"[2589.5114148866205, 0.0, 5020.514922686055]",26.612075808,,query-000001,51331.895172418735,,31.0,"[46.048272976324895, 0.0, 45.546477005548475]","[0.0, 0.0, 0.0]"
query-000001,58.00814624506631,"[45.372420039241824, 0.0, 36.14261377614529]",nominal,1814.310356642595,booster-release,8664.1,generic_slender_body_v1,0.0,none,unprofiled,"[2635.2054729821016, 0.0, 5061.361021822844]",26.612075808,,query-000001,51317.46858005349,,32.0,"[45.372420039241824, 0.0, 36.14261377614529]","[0.0, 0.0, 0.0]"
query-000001,52.22719102208979,"[44.873529693864825, 0.0, 26.72163570726329]",nominal,1465.2809438311601,booster-release,8664.1,generic_slender_body_v1,0.0,none,unprofiled,"[2680.315190725793, 0.0, 5092.794411786607]",26.612075808,,query-000001,51307.09205937605,,33.0,"[44.873529693864825, 0.0, 26.72163570726329]","[0.0, 0.0, 0.0]"
query-000001,47.75653525473735,"[44.51740843237804, 0.0, 17.288348851229486]",nominal,1221.9933377895625,booster-release,8664.1,generic_slender_body_v1,0.0,none,unprofiled,"[2725.000048724943, 0.0, 5114.80013571094]",26.612075808,,query-000001,51299.398080638166,,34.0,"[44.51740843237804, 0.0, 17.288348851229486]","[0.0, 0.0, 0.0]"
query-000001,44.96611626163389,"[44.27538604238715, 0.0, 7.851229359301991]",nominal,1081.7620663795217,booster-release,8664.1,generic_slender_body_v1,0.0,none,unprofiled,"[2769.3879326051406, 0.0, 5127.369762099628]",26.612075808,,query-000001,51293.296483321705,,35.0,"[44.27538604238715, 0.0, 7.851229359301991]","[0.0, 0.0, 0.0]"
query-000001,44.15481392235742,"[44.1266601418774, 0.0, -1.5765332984927962]",nominal,1042.694024597191,booster-release,8664.1,generic_slender_body_v1,0.0,none,unprofiled,"[2813.581773906502, 0.0, 5130.505646215151]",26.612075808,,query-000001,51287.89699171481,,36.0,"[44.1266601418774, 0.0, -1.5765332984927962]","[0.0, 0.0, 0.0]"
query-000001,45.40760824091083,"[44.060773661885975, 0.0, -10.977208683271389]",nominal,1103.5166387395823,booster-release,8664.1,generic_slender_body_v1,0.0,none,unprofiled,"[2857.668701884342, 0.0, 5124.225682291975]",26.612075808,,query-000001,51282.41323032861,,37.0,"[44.060773661885975, 0.0, -10.977208683271389]","[0.0, 0.0, 0.0]"
query-000001,48.541241650321204,"[44.07877180442004, 0.0, -20.330125852260302]",nominal,1263.4074792700185,booster-release,8664.1,generic_slender_body_v1,0.0,none,unprofiled,"[2901.7311342178955, 0.0, 5108.567138225739]",26.612075808,,query-000001,51276.055996558876,,38.0,"[44.07877180442004, 0.0, -20.330125852260302]","[0.0, 0.0, 0.0]"
query-000001,53.19699480998553,"[44.192137819412395, 0.0, -29.61376726733174]",nominal,1521.8509608908832,booster-release,8664.1,generic_slender_body_v1,0.0,none,unprofiled,"[2945.85792463074, 0.0, 5083.588533201946]",26.612075808,,query-000001,51267.93361753167,,39.0,"[44.192137819412395, 0.0, -29.61376726733174]","[0.0, 0.0, 0.0]"
query-000001,58.984299834484496,"[44.420180478368245, 0.0, -38.80715389246628]",nominal,1878.5343496982025,booster-release,8664.1,generic_slender_body_v1,0.0,none,unprofiled,"[2990.1535652391867, 0.0, 5049.369704322538]",26.612075808,,query-000001,51256.9752243768,,40.0,"[44.420180478368245, 0.0, -38.80715389246628]","[0.0, 0.0, 0.0]"
query-000001,65.56955488194191,"[44.78723537169619, 0.0, -47.89018767113235]",nominal,2333.2759255730034,booster-release,8664.1,generic_slender_body_v1,0.0,none,unprofiled,"[3034.744583325261, 0.0, 5006.0110211350875]",26.612075808,,query-000001,51241.88124412239,,41.0,"[44.78723537169619, 0.0, -47.89018767113235]","[0.0, 0.0, 0.0]"
query-000001,72.69875988286043,"[45.320474666465245, 0.0, -56.84333087101844]",nominal,2885.970104688038,booster-release,8664.1,generic_slender_body_v1,0.0,none,unprofiled,"[3079.783411501483, 0.0, 4953.632630077801]",26.612075808,,query-000001,51221.09627600536,,42.0,"[45.320474666465245, 0.0, -56.84333087101844]","[0.0, 0.0, 0.0]"
query-000001,80.18723412507634,"[46.04841905836113, 0.0, -65.64705339050163]",nominal,3536.536932309296,booster-release,8664.1,generic_slender_body_v1,0.0,none,unprofiled,"[3125.4504283981846, 0.0, 4892.374163494761]",26.612075808,,query-000001,51192.7973487508,,43.0,"[46.04841905836113, 0.0, -65.64705339050163]","[0.0, 0.0, 0.0]"
query-000001,87.90167389186551,"[46.99995988660863, 0.0, -74.28127653486476]",nominal,4284.8685019056775,booster-release,8664.1,generic_slender_body_v1,0.0,none,unprofiled,"[3171.9547849791943, 0.0, 4822.395014411648]",26.612075808,,query-000001,51154.892204575925,,44.0,"[46.99995988660863, 0.0, -74.28127653486476]","[0.0, 0.0, 0.0]"
query-000001,95.74446582518786,"[48.2036864557537, 0.0, -82.72488953287248]",nominal,5130.768524087978,booster-release,8664.1,generic_slender_body_v1,0.0,none,unprofiled,"[3219.534420311446, 0.0, 4743.875133852658]",26.612075808,,query-000001,51105.02444947145,,45.0,"[48.2036864557537, 0.0, -82.72488953287248]","[0.0, 0.0, 0.0]"
query-000001,103.64222504014097,"[49.68737441308208, 0.0, -90.95534967886947]",nominal,6073.883218559165,booster-release,8664.1,generic_slender_body_v1,0.0,none,unprofiled,"[3268.4554946316466, 0.0, 4657.016269584061]",26.612075808,,query-000001,51040.58400575214,,46.0,"[49.68737441308208, 0.0, -90.95534967886947]","[0.0, 0.0, 0.0]"
query-000001,111.53795531382642,"[51.47754625322884, 0.0, -98.94835879051165]",nominal,7113.622652827089,booster-release,8664.1,generic_slender_body_v1,0.0,none,unprofiled,"[3319.0113525076977, 0.0, 4562.043565808026]",26.612075808,,query-000001,50958.722272425846,,47.0,"[51.47754625322884, 0.0, -98.94835879051165]","[0.0, 0.0, 0.0]"
query-000001,119.38580481835359,"[53.599051243146775, 0.0, -106.67760823134603]",nominal,8249.072166752681,booster-release,8664.1,generic_slender_body_v1,0.0,none,unprofiled,"[3371.521059544914, 0.0, 4459.207451633066]",26.612075808,,query-000001,50856.371951620415,,48.0,"[53.599051243146775, 0.0, -106.67760823134603]","[0.0, 0.0, 0.0]"
query-000001,127.14756790862482,"[56.07463378185611, 0.0, -114.11458921325126]",nominal,9478.893906752395,booster-release,8664.1,generic_slender_body_v1,0.0,none,unprofiled,"[3426.3275151842463, 0.0, 4348.785751821829]",26.612075808,,query-000001,50730.27180564272,,49.0,"[56.07463378185611, 0.0, -114.11458921325126]","[0.0, 0.0, 0.0]"
query-000001,134.79033865544292,"[58.9244722932459, 0.0, -121.22847008772932]",nominal,10801.218896095817,booster-release,8664.1,generic_slender_body_v1,0.0,none,unprofiled,"[3483.7951202210334, 0.0, 4231.085954076582]",26.612075808,,query-000001,50576.996768969606,,50.0,"[58.9244722932459, 0.0, -121.22847008772932]","[0.0, 0.0, 0.0]"
query-000001,142.28492476636728,"[62.165679218035265, 0.0, -127.9860466735774]",nominal,12213.530560933714,booster-release,8664.1,generic_slender_body_v1,0.0,none,unprofiled,"[3544.3069642723367, 0.0, 4106.4475631754685]",26.612075808,,query-000001,50392.9939033001,,51.0,"[62.165679218035265, 0.0, -127.9860466735774]","[0.0, 0.0, 0.0]"
query-000001,149.60476962585886,"[65.81175889897048, 0.0, -134.35177514804218]",nominal,13712.541252495352,booster-release,8664.1,generic_slender_body_v1,0.0,none,unprofiled,"[3608.2614922210737, 0.0, 3975.24446441331]",26.612075808,,query-000001,50174.62467434193,,52.0,"[65.81175889897048, 0.0, -134.35177514804218]","[0.0, 0.0, 0.0]"
query-000001,156.72522047528503,"[69.87202548269205, 0.0, -140.2878996491598]",nominal,15294.064071771032,booster-release,8664.1,generic_slender_body_v1,0.0,none,unprofiled,"[3676.068608161837, 0.0, 3837.8872078914615]",26.612075808,,query-000001,49918.21395378215,,53.0,"[69.87202548269205, 0.0, -140.2878996491598]","[0.0, 0.0, 0.0]"
query-000001,163.623038249824,"[74.35098813277895, 0.0, -145.75468846586972]",nominal,16952.883216126702,booster-release,8664.1,generic_slender_body_v1,0.0,none,unprofiled,"[3748.145180075767, 0.0, 3694.825112111009]",26.612075808,,query-000001,49620.10600873511,,54.0,"[74.35098813277895, 0.0, -145.75468846586972]","[0.0, 0.0, 0.0]"
query-000001,170.2760810565754,"[79.24771624298607, 0.0, -150.7107934099499]",nominal,18682.627113269293,booster-release,8664.1,generic_slender_body_v1,0.0,none,unprofiled,"[3824.9099184263996, 0.0, 3546.5480709965896]",26.612075808,,query-000001,49276.72753043142,,55.0,"[79.24771624298607, 0.0, -150.7107934099499]","[0.0, 0.0, 0.0]"
query-000001,176.66311645130787,"[84.5552030995604, 0.0, -155.11374646716664]",nominal,20475.649751861903,booster-release,8664.1,generic_slender_body_v1,0.0,none,unprofiled,"[3906.777617406662, 0.0, 3393.5879340209626]",26.612075808,,query-000001,48884.657470310856,,56.0,"[84.5552030995604, 0.0, -155.11374646716664]","[0.0, 0.0, 0.0]"
query-000001,182.76373242367183,"[90.25975251838645, 0.0, -158.92060585320942]",nominal,22322.926799582012,booster-release,8664.1,generic_slender_body_v1,0.0,none,unprofiled,"[3994.152769035249, 0.0, 3236.5193158543925]",26.612075808,,query-000001,48440.70309353923,,57.0,"[90.25975251838645, 0.0, -158.92060585320942]","[0.0, 0.0, 0.0]"
query-000001,188.55832635733447,"[96.34041915208277, 0.0, -162.08875987026386]",nominal,24213.97422848226,booster-release,8664.1,generic_slender_body_v1,0.0,none,unprofiled,"[4087.4225879178166, 0.0, 3075.959681544469]",26.612075808,,query-000001,47941.98123035759,,58.0,"[96.34041915208277, 0.0, -162.08875987026386]","[0.0, 0.0, 0.0]"
query-000001,194.0281570691167,"[102.76853902381751, 0.0, -164.57689121668304]",nominal,26136.798121947577,booster-release,8664.1,generic_slender_body_v1,0.0,none,unprofiled,"[4186.9495181617895, 0.0, 2912.568547531672]",26.612075808,,query-000001,47386.00321447038,,59.0,"[102.76853902381751, 0.0, -164.57689121668304]","[0.0, 0.0, 0.0]"
query-000001,199.15544852605282,"[109.5073918246553, 0.0, -166.34609647771927]",nominal,28077.884964282603,booster-release,8664.1,generic_slender_body_v1,0.0,none,unprofiled,"[4293.063333082465, 0.0, 2747.0456399313894]",26.612075808,,query-000001,46770.76146363979,,60.0,"[109.5073918246553, 0.0, -166.34609647771927]","[0.0, 0.0, 0.0]"
query-000001,203.92353574511205,"[116.51203987895674, 0.0, -167.36114541324216]",nominal,30022.241835998764,booster-release,8664.1,generic_slender_body_v1,0.0,none,unprofiled,"[4406.0529817271745, 0.0, 2580.127861665242]",26.612075808,,query-000001,46094.81510999344,,61.0,"[116.51203987895674, 0.0, -167.36114541324216]","[0.0, 0.0, 0.0]"
query-000001,208.317044199803,"[123.72938959294869, 0.0, -167.591852591643]",nominal,31953.495368519765,booster-release,8664.1,generic_slender_body_v1,0.0,none,unprofiled,"[4526.158381845577, 0.0, 2412.5849412976636]",26.612075808,,query-000001,45357.37156664807,,62.0,"[123.72938959294869, 0.0, -167.591852591643]","[0.0, 0.0, 0.0]"
query-000001,212.32209414820716,"[131.09851877401863, 0.0, -167.01452044279992]",nominal,33854.05687760494,booster-release,8664.1,generic_slender_body_v1,0.0,none,unprofiled,"[4653.562403848644, 0.0, 2245.2136705383996]",26.612075808,,query-000001,44558.360473925466,,63.0,"[131.09851877401863, 0.0, -167.01452044279992]","[0.0, 0.0, 0.0]"
query-000001,215.9265209343472,"[138.55130664209318, 0.0, -165.61339882563772]",nominal,35705.35866537612,booster-release,8664.1,generic_slender_body_v1,0.0,none,unprofiled,"[4788.383330775536, 0.0, 2078.8306852945557]",26.612075808,,query-000001,43698.496161349394,,64.0,"[138.55130664209318, 0.0, -165.61339882563772]","[0.0, 0.0, 0.0]"
query-000001,219.12010173232994,"[146.01339208203592, 0.0, -163.38209300864116]",nominal,37488.163006673116,booster-release,8664.1,generic_slender_body_v1,0.0,none,unprofiled,"[4930.668110877426, 0.0, 1914.263806787104]",26.612075808,,query-000001,42779.32465242206,,65.0,"[146.01339208203592, 0.0, -163.38209300864116]","[0.0, 0.0, 0.0]"
query-000001,221.89477861017738,"[153.40546954573148, 0.0, -160.324841144201]",nominal,39182.94088405126,booster-release,8664.1,generic_slender_body_v1,0.0,none,unprofiled,"[5080.386737302301, 0.0, 1752.3420330284425]",26.612075808,,query-000001,41803.251385428186,,66.0,"[153.40546954573148, 0.0, -160.324841144201]","[0.0, 0.0, 0.0]"
query-000001,224.24486738036612,"[160.64491141577454, 0.0, -156.45757566399888]",nominal,40770.31232189837,booster-release,8664.1,generic_slender_body_v1,0.0,none,unprofiled,"[5237.4280888090625, 0.0, 1593.8843536252114]",26.612075808,,query-000001,40773.546269697676,,67.0,"[160.64491141577454, 0.0, -156.45757566399888]","[0.0, 0.0, 0.0]"
query-000001,226.16724164875603,"[167.647681696522, 0.0, -151.8086822839473]",nominal,42231.53456983171,booster-release,8664.1,generic_slender_body_v1,0.0,none,unprofiled,"[5401.597542489241, 0.0, 1439.6876473707182]",26.612075808,,query-000001,39694.323464591456,,68.0,"[167.647681696522, 0.0, -151.8086822839473]","[0.0, 0.0, 0.0]"
query-000001,227.66148191318126,"[174.33048044042883, 0.0, -146.41937691547187]",nominal,43549.01892396219,booster-release,8664.1,generic_slender_body_v1,0.0,none,unprofiled,"[5572.61662164092, 0.0, 1290.5140057533388]",26.612075808,,query-000001,38570.49434797386,,69.0,"[174.33048044042883, 0.0, -146.41937691547187]","[0.0, 0.0, 0.0]"
query-000001,228.7299805917622,"[180.6130338248228, 0.0, -140.34363553115378]",nominal,44706.85228250321,booster-release,8664.1,generic_slender_body_v1,0.0,none,unprofiled,"[5750.12486890375, 0.0, 1147.0778985204206]",26.612075808,,query-000001,37407.69348427924,,70.0,"[180.6130338248228, 0.0, -140.34363553115378]","[0.0, 0.0, 0.0]"
query-000001,229.3779955124883,"[186.42042414324774, 0.0, -133.64763479979254]",nominal,45691.29626945865,booster-release,8664.1,generic_slender_body_v1,0.0,none,unprofiled,"[5933.6840389105, 0.0, 1010.0336516358941]",26.612075808,,query-000001,36212.17892247869,,71.0,"[186.42042414324774, 0.0, -133.64763479979254]","[0.0, 0.0, 0.0]"
query-000001,229.6136466318872,"[191.68534006617472, 0.0, -126.40869085354896]",nominal,46491.23551468251,booster-release,8664.1,generic_slender_body_v1,0.0,none,unprofiled,"[6122.784591347985, 0.0, 879.9637358604808]",26.612075808,,query-000001,34990.70973007277,,72.0,"[191.68534006617472, 0.0, -126.40869085354896]","[0.0, 0.0, 0.0]"
query-000001,229.4478534592345,"[196.35012281553853, 0.0, -118.71371751981017]",nominal,47098.547856791614,booster-release,8664.1,generic_slender_body_v1,0.0,none,unprofiled,"[6316.8543424758545, 0.0, 757.3683600766167]",26.612075808,,query-000001,33750.405156870525,,73.0,"[196.35012281553853, 0.0, -118.71371751981017]","[0.0, 0.0, 0.0]"
query-000001,228.89421366400452,"[200.36848992930356, 0.0, -110.65726045910198]",nominal,47508.372966511204,booster-release,8664.1,generic_slender_body_v1,0.0,none,unprofiled,"[6515.269010889622, 0.0, 642.6568245330103]",26.612075808,,query-000001,32498.591072738123,,74.0,"[200.36848992930356, 0.0, -110.65726045910198]","[0.0, 0.0, 0.0]"
query-000001,227.96882640888828,"[203.70683532182676, 0.0, -102.33919609520098]",nominal,47719.26196706167,booster-release,8664.1,generic_slender_body_v1,0.0,none,unprofiled,"[6717.364282621957, 0.0, 536.1410161374483]",26.612075808,,query-000001,31242.640203027226,,75.0,"[203.70683532182676, 0.0, -102.33919609520098]","[0.0, 0.0, 0.0]"
query-000001,226.69006682696178,"[206.3450311650289, 0.0, -93.86221024201195]",nominal,47733.198515525495,booster-release,8664.1,generic_slender_body_v1,0.0,none,unprofiled,"[6922.448932069012, 0.0, 438.0313253549816]",26.612075808,,query-000001,29989.81309579863,,76.0,"[206.3450311650289, 0.0, -93.86221024201195]","[0.0, 0.0, 0.0]"
query-000001,225.07832050718764,"[208.2766911355213, 0.0, -85.32918780801174]",nominal,47555.49069365679,booster-release,8664.1,generic_slender_body_v1,0.0,none,unprofiled,"[7129.818477305317, 0.0, 348.4351402338042]",26.612075808,,query-000001,28747.106649141977,,77.0,"[208.2766911355213, 0.0, -85.32918780801174]","[0.0, 0.0, 0.0]"
query-000001,223.15568866622385,"[209.5088921722913, 0.0, -76.84064995063389]",nominal,47194.54197395116,booster-release,8664.1,generic_slender_body_v1,0.0,none,unprofiled,"[7338.768826566334, 0.0, 267.3579382107358]",26.612075808,,query-000001,27521.116416802626,,78.0,"[209.5088921722913, 0.0, -76.84064995063389]","[0.0, 0.0, 0.0]"
query-000001,220.94567573208917,"[210.06138896574495, 0.0, -68.49236811858312]",nominal,46661.51750967368,booster-release,8664.1,generic_slender_body_v1,0.0,none,unprofiled,"[7548.609388573895, 0.0, 194.70686247834442]",26.612075808,,query-000001,26317.917865278003,,79.0,"[210.06138896574495, 0.0, -68.49236811858312]","[0.0, 0.0, 0.0]"
query-000001,218.47287129403017,"[209.96538801072958, 0.0, -60.373266674594056]",nominal,45969.928226499644,booster-release,8664.1,generic_slender_body_v1,0.0,none,unprofiled,"[7758.675170422837, 0.0, 130.29654831822836]",26.612075808,,query-000001,25142.97039129389,,80.0,"[209.96538801072958, 0.0, -60.373266674594056]","[0.0, 0.0, 0.0]"
query-000001,215.7626378144355,"[209.26197302120082, 0.0, -52.56369967874693]",nominal,45135.15911636864,booster-release,8664.1,generic_slender_body_v1,0.0,none,unprofiled,"[7968.337466797925, 0.0, 73.85686560288013]",26.612075808,,query-000001,24001.04636938612,,81.0,"[209.26197302120082, 0.0, -52.56369967874693]","[0.0, 0.0, 0.0]"
query-000001,212.84081425807128,"[208.00028882931363, 0.0, -45.1341562562203]",nominal,44173.96953129105,booster-release,8664.1,generic_slender_body_v1,0.0,none,unprofiled,"[8177.0128445953405, 0.0, 25.042173397478216]",26.612075808,,query-000001,22896.185936767775,,82.0,"[208.00028882931363, 0.0, -45.1341562562203]","[0.0, 0.0, 0.0]"
query-000001,209.73506092742616,"[206.23624474840068, 0.0, -38.14979861426447]",nominal,43020.76892618172,booster-release,8664.1,generic_slender_body_v1,0.0,none,unprofiled,"[8384.170237520115, 0.0, -16.55835551897178]",26.612075808,,query-000001,21832.015893965458,ground_contact,83.0,"[206.23624474840068, 0.0, -38.14979861426447]","[0.0, 0.0, 0.0]"
query-000002,249.99999999999997,"[43.412044416732606, 0.0, 246.201938253052]",nominal,61124.611621499986,,11664.1,generic_slender_body_v1,0.0,none,unprofiled,"[0.0, 0.0, 0.0]",26.612075808,,query-000002,31249.999999999993,,0.0,"[43.412044416732606, 0.0, 246.201938253052]","[0.0, 0.0, 0.0]"
query-000002,245.5847107118883,"[44.30434918876522, 0.0, 241.55532446709142]",nominal,57316.50903953093,,11564.1,generic_slender_body_v1,0.0,none,unprofiled,"[43.855589084627894, 0.0, 243.847517032784]",26.612075808,,query-000002,32547.252320630487,,1.0,"[44.30434918876522, 0.0, 241.55532446709142]","[0.0, 0.0, 0.0]"
query-000002,241.53976675875927,"[45.22699794116619, 0.0, 237.26773396967735]",nominal,53904.3074284097,,11464.1,generic_slender_body_v1,0.0,none,unprofiled,"[88.61880772739954, 0.0, 483.23025906083296]",26.612075808,,query-000002,33909.59948295683,,2.0,"[45.22699794116619, 0.0, 237.26773396967735]","[0.0, 0.0, 0.0]"
query-000002,237.83910147116208,"[46.17827196344258, 0.0, 233.31310590509068]",nominal,50838.44520026221,,11364.1,generic_slender_body_v1,0.0,none,unprofiled,"[134.319122107842, 0.0, 718.4939176425812]",26.612075808,,query-000002,35329.73747175449,,3.0,"[46.17827196344258, 0.0, 233.31310590509068]","[0.0, 0.0, 0.0]"
query-000002,234.4599502687411,"[47.156656492747715, 0.0, 229.66871364738722]",nominal,48076.92578469459,,11264.1,generic_slender_body_v1,0.0,none,unprofiled,"[180.9843844477488, 0.0, 949.9598357894922]",26.612075808,,query-000002,36801.6577636553,,4.0,"[47.156656492747715, 0.0, 229.66871364738722]","[0.0, 0.0, 0.0]"
query-000002,231.38235618985775,"[48.160810497557044, 0.0, 226.31467271961975]",nominal,45583.96959032941,,11164.1,generic_slender_body_v1,0.0,none,unprofiled,"[228.64102135280675, 0.0, 1177.9280881302402]",26.612075808,,query-000002,38320.42586344752,,5.0,"[48.160810497557044, 0.0, 226.31467271961975]","[0.0, 0.0, 0.0]"
query-000002,228.58876195672008,"[49.189541805069226, 0.0, 223.23353482376564]",nominal,43328.93896228049,,11064.1,generic_slender_body_v1,0.0,none,unprofiled,"[277.31419470947606, 0.0, 1402.680113668297]",26.612075808,,query-000002,39882.003983158225,,6.0,"[49.189541805069226, 0.0, 223.23353482376564]","[0.0, 0.0, 0.0]"
query-000002,226.06367145408612,"[50.24178651836862, 0.0, 220.40995086144287]",nominal,41285.47455350624,,10964.1,generic_slender_body_v1,0.0,none,unprofiled,"[327.02793993142893, 0.0, 1624.480978319335]",26.612075808,,query-000002,41483.1081616858,,7.0,"[50.24178651836862, 0.0, 220.40995086144287]","[0.0, 0.0, 0.0]"
query-000002,223.79336730322535,"[51.31659190326485, 0.0, 217.83038962539203]",nominal,39430.796757271804,,10864.1,generic_slender_body_v1,0.0,none,unprofiled,"[377.805285418366, 0.0, 1843.5813292848095]",26.612075808,,query-000002,43121.09246728904,,8.0,"[51.31659190326485, 0.0, 217.83038962539203]","[0.0, 0.0, 0.0]"
query-000002,221.7656740886922,"[52.41310210165109, 0.0, 215.48290171634025]",nominal,37745.136997917274,,10764.1,generic_slender_body_v1,0.0,none,unprofiled,"[429.6683563624666, 0.0, 2060.2190915012516]",26.612075808,,query-000002,44793.85465567677,,9.0,"[52.41310210165109, 0.0, 215.48290171634025]","[0.0, 0.0, 0.0]"
query-000002,219.96975898838858,"[53.53054616322974, 0.0, 213.35692043352165]",nominal,36211.27191986626,,10664.1,generic_slender_body_v1,0.0,none,unprofiled,"[482.63846546507386, 0.0, 2274.6209471049647]",26.612075808,,query-000002,46499.75894563178,,10.0,"[53.53054616322974, 0.0, 213.35692043352165]","[0.0, 0.0, 0.0]"
query-000002,218.39596324285432,"[54.66822799131667, 0.0, 211.44309307485926]",nominal,34814.139664007314,,10564.1,generic_slender_body_v1,0.0,none,unprofiled,"[536.7361926722358, 0.0, 2487.0036314803265]",26.612075808,,query-000002,48237.57254304363,,11.0,"[54.66822799131667, 0.0, 211.44309307485926]","[0.0, 0.0, 0.0]"
query-000002,217.0356592048089,"[55.82551787895645, 0.0, 209.7331373913342]",nominal,33540.52204740121,,10464.1,generic_slender_body_v1,0.0,none,unprofiled,"[591.9814556753822, 0.0, 2697.5750735775314]",26.612075808,,query-000002,50006.41327853207,,12.0,"[55.82551787895645, 0.0, 209.7331373913342]","[0.0, 0.0, 0.0]"
query-000002,215.88112872759757,"[57.001845374463, 0.0, 208.21971896198343]",nominal,32378.779971818905,,10364.1,generic_slender_body_v1,0.0,none,unprofiled,"[648.393572632368, 0.0, 2906.535403461876]",26.612075808,,query-000002,51805.70628471018,,13.0,"[57.001845374463, 0.0, 208.21971896198343]","[0.0, 0.0, 0.0]"
query-000002,214.9254594499498,"[58.19669326495114, 0.0, 206.89634605956002]",nominal,31318.63206906577,,10264.1,generic_slender_body_v1,0.0,none,unprofiled,"[705.9913183289325, 0.0, 3114.0778462408102]",26.612075808,,query-000002,53635.14807072345,,14.0,"[58.19669326495114, 0.0, 206.89634605956002]","[0.0, 0.0, 0.0]"
query-000002,212.21041578666282,"[57.53783285195279, 0.0, 204.2612502631105]",nominal,29800.206311614493,,10164.1,generic_slender_body_v1,0.0,none,unprofiled,"[764.7929748095167, 0.0, 3320.3895184152725]",26.612075808,,query-000002,55078.52815494129,,15.0,"[57.53783285195279, 0.0, 204.2612502631105]","[0.0, 0.0, 0.0]"
query-000002,199.99782992262357,"[48.38099030839331, 0.0, 194.05775364704655]",nominal,25855.905713489232,,10164.1,generic_slender_body_v1,0.0,none,unprofiled,"[817.6431110250955, 0.0, 3519.567414807425]",26.612075808,,query-000002,54514.73177530056,,16.0,"[48.38099030839331, 0.0, 194.05775364704655]","[0.0, 0.0, 0.0]"
query-000002,188.08192341369843,"[40.46092740980107, 0.0, 183.67831463767064]",nominal,22364.17108779925,,10164.1,generic_slender_body_v1,0.0,none,unprofiled,"[861.967058468154, 0.0, 3708.446694698458]",26.612075808,,query-000002,54054.843736062794,,17.0,"[40.46092740980107, 0.0, 183.67831463767064]","[0.0, 0.0, 0.0]"
query-000002,176.43403017602827,"[33.63793165379411, 0.0, 173.1977383172492]",nominal,19271.081279505885,,10164.1,generic_slender_body_v1,0.0,none,unprofiled,"[898.93049773373, 0.0, 3886.890581533917]",26.612075808,,query-000002,53681.85902347742,,18.0,"[33.63793165379411, 0.0, 173.1977383172492]","[0.0, 0.0, 0.0]"
query-000002,165.02813550488983,"[27.78668597654822, 0.0, 162.67201846249088]",nominal,16530.1536188005,,10164.1,generic_slender_body_v1,0.0,none,unprofiled,"[929.5666876466728, 0.0, 4054.8273200201616]",26.612075808,,query-000002,53381.41509198585,,19.0,"[27.78668597654822, 0.0, 162.67201846249088]","[0.0, 0.0, 0.0]"
query-000002,153.8405678825816,"[22.795066269532175, 0.0, 152.14238489061105]",nominal,14101.334875834618,,10164.1,generic_slender_body_v1,0.0,none,unprofiled,"[954.7902709587644, 0.0, 4212.233467914232]",26.612075808,,query-000002,53141.3595013387,,20.0,"[22.795066269532175, 0.0, 152.14238489061105]","[0.0, 0.0, 0.0]"
query-000002,142.8497233271296,"[18.56286085705493, 0.0, 141.6384963611203]",nominal,11950.120974710288,,10164.1,generic_slender_body_v1,0.0,none,unprofiled,"[975.409829546548, 0.0, 4359.120791808939]",26.612075808,,query-000002,52951.39364031187,,21.0,"[18.56286085705493, 0.0, 141.6384963611203]","[0.0, 0.0, 0.0]"
query-000002,132.03581988320894,"[15.000496389694995, 0.0, 131.1809545638922]",nominal,10046.796657146784,,10164.1,generic_slender_body_v1,0.0,none,unprofiled,"[992.1391569005474, 0.0, 4495.526003251638]",26.612075808,,query-000002,52802.77894590327,,22.0,"[15.000496389694995, 0.0, 131.1809545638922]","[0.0, 0.0, 0.0]"
query-000002,121.38067963269384,"[12.027819298054975, 0.0, 120.78328092508497]",nominal,8365.783498302384,,10164.1,generic_slender_body_v1,0.0,none,unprofiled,"[1005.6072812708762, 0.0, 4621.502729727816]",26.612075808,,query-000002,52688.094438532615,,23.0,"[12.027819298054975, 0.0, 120.78328092508497]","[0.0, 0.0, 0.0]"
query-000002,110.86753573108228,"[9.572958848607707, 0.0, 110.45346956056054]",nominal,6885.083889104517,,10164.1,generic_slender_body_v1,0.0,none,unprofiled,"[1016.3673095916341, 0.0, 4737.1152421314055]",26.612075808,,query-000002,52601.036428789346,,24.0,"[9.572958848607707, 0.0, 110.45346956056054]","[0.0, 0.0, 0.0]"
query-000002,100.48086242639421,"[7.571283017761733, 0.0, 100.19520640937326]",nominal,5585.808940337347,booster-release,8664.1,generic_slender_body_v1,0.0,none,unprofiled,"[1024.9041803718694, 0.0, 4842.43356162526]",26.612075808,,query-000002,52536.25294408834,,25.0,"[7.571283017761733, 0.0, 100.19520640937326]","[0.0, 0.0, 0.0]"
query-000002,90.12048636079626,"[5.688629142521127, 0.0, 89.94076695462033]",nominal,4443.338571503007,booster-release,8664.1,generic_slender_body_v1,0.0,none,unprofiled,"[1031.497842182147, 0.0, 4937.49494750765]",26.612075808,,query-000002,52481.135857929126,,26.0,"[5.688629142521127, 0.0, 89.94076695462033]","[0.0, 0.0, 0.0]"
query-000002,79.87582411389339,"[4.210548534445541, 0.0, 79.7647701614736]",nominal,3455.874506154186,booster-release,8664.1,generic_slender_body_v1,0.0,none,unprofiled,"[1036.4162207194133, 0.0, 5022.34128155245]",26.612075808,,query-000002,52442.416767673145,,27.0,"[4.210548534445541, 0.0, 79.7647701614736]","[0.0, 0.0, 0.0]"
query-000002,69.73184990936103,"[3.0788326327036435, 0.0, 69.66384773612101]",nominal,2610.79353601884,booster-release,8664.1,generic_slender_body_v1,0.0,none,unprofiled,"[1040.0343294468123, 0.0, 5097.049541781506]",26.612075808,,query-000002,52416.24633480243,,28.0,"[3.0788326327036435, 0.0, 69.66384773612101]","[0.0, 0.0, 0.0]"
query-000002,59.674385593079016,"[2.240310551629624, 0.0, 59.63231761841672]",nominal,1897.506419022151,booster-release,8664.1,generic_slender_body_v1,0.0,none,unprofiled,"[1042.671562666176, 0.0, 5161.692129756382]",26.612075808,,query-000002,52399.42427223116,,29.0,"[2.240310551629624, 0.0, 59.63231761841672]","[0.0, 0.0, 0.0]"
query-000002,49.690000935084434,"[1.646041708172847, 0.0, 49.66272988493129]",nominal,1307.2343929937094,booster-release,8664.1,generic_slender_body_v1,0.0,none,unprofiled,"[1044.5963230126738, 0.0, 5216.334840876787]",26.612075808,,query-000002,52389.318163748685,,30.0,"[1.646041708172847, 0.0, 49.66272988493129]","[0.0, 0.0, 0.0]"
query-000002,39.76596441828336,"[1.2505811824265207, 0.0, 39.746295082967656]",nominal,832.8266086598296,booster-release,8664.1,generic_slender_body_v1,0.0,none,unprofiled,"[1046.0298788368623, 0.0, 5261.035319259426]",26.612075808,,query-000002,52383.79797667354,,31.0,"[1.2505811824265207, 0.0, 39.746295082967656]","[0.0, 0.0, 0.0]"
query-000002,29.890335403704043,"[1.0113069059861106, 0.0, 29.873222271590123]",nominal,468.6134411980462,booster-release,8664.1,generic_slender_body_v1,0.0,none,unprofiled,"[1047.1495187731466, 0.0, 5295.841893775051]",26.612075808,,query-000002,52381.183982862065,,32.0,"[1.0113069059861106, 0.0, 29.873222271590123]","[0.0, 0.0, 0.0]"
query-000002,20.052651241132345,"[0.8877977430080979, 0.0, 20.032988717762418]",nominal,210.2916078888862,booster-release,8664.1,generic_slender_body_v1,0.0,none,unprofiled,"[1048.0910598465118, 0.0, 5320.792716306306]",26.612075808,,query-000002,52380.20630226447,,33.0,"[0.8877977430080979, 0.0, 20.032988717762418]","[0.0, 0.0, 0.0]"
query-000002,10.249142803652594,"[0.8412516798203171, 0.0, 10.214559404147751]",nominal,54.83789452003149,booster-release,8664.1,generic_slender_body_v1,0.0,none,unprofiled,"[1048.9507546089803, 0.0, 5335.915143194868]",26.612075808,,query-000002,52379.97470311678,,34.0,"[0.8412516798203171, 0.0, 10.214559404147751]","[0.0, 0.0, 0.0]"
query-000002,0.9277706448868012,"[0.8339337981920228, 0.0, 0.40658675549837753]",nominal,0.449071632837888,booster-release,8664.1,generic_slender_body_v1,0.0,none,unprofiled,"[1049.7866319017198, 0.0, 5341.225318577604]",26.612075808,,query-000002,52379.95764961382,,35.0,"[0.8339337981920228, 0.0, 0.40658675549837753]","[0.0, 0.0, 0.0]"
query-000002,9.434975034753052,"[0.8391722209814564, 0.0, -9.397581810761022]",nominal,46.46710308419731,booster-release,8664.1,generic_slender_body_v1,0.0,none,unprofiled,"[1050.6217900080694, 0.0, 5336.729259398425]",26.612075808,,query-000002,52379.94536863276,,36.0,"[0.8391722209814564, 0.0, -9.397581810761022]","[0.0, 0.0, 0.0]"
query-000002,19.209180480116686,"[0.8794770623649004, 0.0, -19.189036839155577]",nominal,192.93549574543363,booster-release,8664.1,generic_slender_body_v1,0.0,none,unprofiled,"[1051.4766519415714, 0.0, 5322.434397196405]",26.612075808,,query-000002,52379.747588624974,,37.0,"[0.8794770623649004, 0.0, -19.189036839155577]","[0.0, 0.0, 0.0]"
query-000002,28.97278888761606,"[0.9918421323866311, 0.0, -28.955806759798477]",nominal,440.1544935273658,booster-release,8664.1,generic_slender_body_v1,0.0,none,unprofiled,"[1052.4047635828183, 0.0, 5298.359406828377]",26.612075808,,query-000002,52378.867524936686,,38.0,"[0.9918421323866311, 0.0, -28.955806759798477]","[0.0, 0.0, 0.0]"
query-000002,38.70437260032104,"[1.2132678141347029, 0.0, -38.68535174449971]",nominal,788.6290976165059,booster-release,8664.1,generic_slender_body_v1,0.0,none,unprofiled,"[1053.4966890595783, 0.0, 5264.535180831683]",26.612075808,,query-000002,52376.468160295255,,39.0,"[1.2132678141347029, 0.0, -38.68535174449971]","[0.0, 0.0, 0.0]"
query-000002,48.39005007778449,"[1.5806937114238409, 0.0, -48.36422597252183]",nominal,1239.0503496584715,booster-release,8664.1,generic_slender_body_v1,0.0,none,unprofiled,"[1054.8799654793572, 0.0, 5221.005578571396]",26.612075808,,query-000002,52371.37283036242,,40.0,"[1.5806937114238409, 0.0, -48.36422597252183]","[0.0, 0.0, 0.0]"
query-000002,58.01691257846404,"[2.1309523234915875, 0.0, -57.97776459412819]",nominal,1792.2683719433983,booster-release,8664.1,generic_slender_body_v1,0.0,none,unprofiled,"[1056.719020848888, 0.0, 5167.828488554978]",26.612075808,,query-000002,52362.06631985624,,41.0,"[2.1309523234915875, 0.0, -57.97776459412819]","[0.0, 0.0, 0.0]"
query-000002,67.57205618279308,"[2.900696592316505, 0.0, -67.50976770845732]",nominal,2449.2564653647673,booster-release,8664.1,generic_slender_body_v1,0.0,none,unprofiled,"[1059.2150332302742, 0.0, 5105.077205211027]",26.612075808,,query-000002,52346.696762867985,,42.0,"[2.900696592316505, 0.0, -67.50976770845732]","[0.0, 0.0, 0.0]"
query-000002,77.04229412724814,"[3.926293814445811, 0.0, -76.94218154739349]",nominal,3211.065378758361,booster-release,8664.1,generic_slender_body_v1,0.0,none,unprofiled,"[1062.6057012618555, 0.0, 5032.842123164118]",26.612075808,,query-000002,52323.0787493221,,43.0,"[3.926293814445811, 0.0, -76.94218154739349]","[0.0, 0.0, 0.0]"
query-000002,86.41402062085044,"[5.243678098377571, 0.0, -86.25477841755412]",nominal,4078.7667035808254,booster-release,8664.1,generic_slender_body_v1,0.0,none,unprofiled,"[1067.1648885314469, 0.0, 4951.2327511311505]",26.612075808,,query-000002,52288.69813881068,,44.0,"[5.243678098377571, 0.0, -86.25477841755412]","[0.0, 0.0, 0.0]"
query-000002,95.67312281046465,"[6.888153157816236, 0.0, -95.42483835134706]",nominal,5053.384224910869,booster-release,8664.1,generic_slender_body_v1,0.0,none,unprofiled,"[1073.2020962733607, 0.0, 4860.380045333387]",26.612075808,,query-000002,52240.719185721784,,45.0,"[6.888153157816236, 0.0, -95.42483835134706]","[0.0, 0.0, 0.0]"
query-000002,104.8049139176519,"[8.894136914264475, 0.0, -104.42683711497128]",nominal,6135.811988649505,booster-release,8664.1,generic_slender_body_v1,0.0,none,unprofiled,"[1081.061710482281, 0.0, 4760.439058546816]",26.612075808,,query-000002,52175.99468414135,,46.0,"[8.894136914264475, 0.0, -104.42683711497128]","[0.0, 0.0, 0.0]"
query-000002,113.79407967699542,"[11.29483923974132, 0.0, -113.23214727312549]",nominal,7326.717846531474,booster-release,8664.1,generic_slender_body_v1,0.0,none,unprofiled,"[1091.1219609200414, 0.0, 4651.591895270586]",26.612075808,,query-000002,52091.079944522484,,47.0,"[11.29483923974132, 0.0, -113.23214727312549]","[0.0, 0.0, 0.0]"
query-000002,122.62463625346847,"[14.121864320868696, 0.0, -121.80876144349563]",nominal,8626.431341819818,booster-release,8664.1,generic_slender_body_v1,0.0,none,unprofiled,"[1103.7935208672195, 0.0, 4534.050955609042]",26.612075808,,query-000002,51982.25151197113,,48.0,"[14.121864320868696, 0.0, -121.80876144349563]","[0.0, 0.0, 0.0]"
query-000002,131.27990017333428,"[17.404729715858803, 0.0, -130.12104969234807]",nominal,10034.815031900378,booster-release,8664.1,generic_slender_body_v1,0.0,none,unprofiled,"[1119.5176682042381, 0.0, 4408.062439952093]",26.612075808,,query-000002,51845.5316215165,,49.0,"[17.404729715858803, 0.0, -130.12104969234807]","[0.0, 0.0, 0.0]"
query-000002,139.7424719415361,"[21.170295382806778, 0.0, -138.12956619687083]",nominal,11551.118747498142,booster-release,8664.1,generic_slender_body_v1,0.0,none,unprofiled,"[1138.7639210220736, 0.0, 4273.910073027273]",26.612075808,,query-000002,51676.71944981841,,50.0,"[21.170295382806778, 0.0, -138.12956619687083]","[0.0, 0.0, 0.0]"
query-000002,147.9942356952541,"[25.4420979862279, 0.0, -145.79092375412677]",nominal,13173.816904175432,booster-release,8664.1,generic_slender_body_v1,0.0,none,unprofiled,"[1162.0270551776896, 0.0, 4131.918989062504]",26.612075808,,query-000002,51471.43025360101,,51.0,"[25.4420979862279, 0.0, -145.79092375412677]","[0.0, 0.0, 0.0]"
query-000002,156.01637770858252,"[30.239588865436275, 0.0, -153.05775830893535]",nominal,14900.429853895026,booster-release,8664.1,generic_slender_body_v1,0.0,none,unprofiled,"[1189.8234079575518, 0.0, 3982.459699425679]",26.612075808,,query-000002,51225.14346802638,,52.0,"[30.239588865436275, 0.0, -153.05775830893535]","[0.0, 0.0, 0.0]"
query-000002,163.7894268942834,"[35.57727840650714, 0.0, -159.8788091760246]",nominal,16727.331433335865,booster-release,8664.1,generic_slender_body_v1,0.0,none,unprofiled,"[1222.6863724591446, 0.0, 3825.9520401634663]",26.612075808,,query-000002,50933.26075584796,,53.0,"[35.57727840650714, 0.0, -159.8788091760246]","[0.0, 0.0, 0.0]"
query-000002,171.29332065367686,"[41.46379541486434, 0.0, -166.19914371126475]",nominal,18649.546361720197,booster-release,8664.1,generic_slender_body_v1,0.0,none,unprofiled,"[1261.16099283748, 0.0, 3662.8689695939447]",26.612075808,,query-000002,50591.17483095014,,54.0,"[41.46379541486434, 0.0, -166.19914371126475]","[0.0, 0.0, 0.0]"
query-000002,178.50749948097857,"[47.900877598692205, 0.0, -171.96055738519422]",nominal,20660.542974451215,booster-release,8664.1,generic_slender_body_v1,0.0,none,unprofiled,"[1305.7975827752134, 0.0, 3493.740056157432]",26.612075808,,query-000002,50194.34960719205,,55.0,"[47.900877598692205, 0.0, -171.96055738519422]","[0.0, 0.0, 0.0]"
query-000002,185.41103359218857,"[54.882318498476025, 0.0, -177.10218094070868]",nominal,22752.028927341013,booster-release,8664.1,generic_slender_body_v1,0.0,none,unprofiled,"[1357.1443101175173, 0.0, 3319.154465261727]",26.612075808,,query-000002,49738.41182562076,,56.0,"[54.882318498476025, 0.0, -177.10218094070868]","[0.0, 0.0, 0.0]"
query-000002,191.98278446954598,"[62.392907016607644, 0.0, -181.56132486489818]",nominal,24913.759899149307,booster-release,8664.1,generic_slender_body_v1,0.0,none,unprofiled,"[1415.7387212365152, 0.0, 3139.763222688019]",26.612075808,,query-000002,49219.25377411353,,57.0,"[62.392907016607644, 0.0, -181.56132486489818]","[0.0, 0.0, 0.0]"
query-000002,198.20160353580312,"[70.40740774558314, 0.0, -185.27458697487597]",nominal,27133.373823085116,booster-release,8664.1,generic_slender_body_v1,0.0,none,unprofiled,"[1482.098220788654, 0.0, 2956.280503826538]",26.612075808,,query-000002,48633.14602493236,,58.0,"[70.40740774558314, 0.0, -185.27458697487597]","[0.0, 0.0, 0.0]"
query-000002,204.0465691473582,"[78.8896428683068, 0.0, -188.17924069598817]",nominal,29396.265578122202,booster-release,8664.1,generic_slender_body_v1,0.0,none,unprofiled,"[1556.7095770104231, 0.0, 2769.483675974419]",26.612075808,,query-000002,47976.85828139835,,59.0,"[78.8896428683068, 0.0, -188.17924069598817]","[0.0, 0.0, 0.0]"
query-000002,209.49726168407017,"[87.79174841992446, 0.0, -190.2149088859663]",nominal,31685.51906917374,booster-release,8664.1,generic_slender_body_v1,0.0,none,unprofiled,"[1640.0175895836242, 0.0, 2580.2118093142003]",26.612075808,,query-000002,47247.78546637299,,60.0,"[87.79174841992446, 0.0, -190.2149088859663]","[0.0, 0.0, 0.0]"
query-000002,214.53407470324234,"[97.0536876435116, 0.0, -191.3255103836706]",nominal,33981.914838805424,booster-release,8664.1,generic_slender_body_v1,0.0,none,unprofiled,"[1732.4131351098777, 0.0, 2389.3623757568553]",26.612075808,,query-000002,46444.07514660414,,61.0,"[97.0536876435116, 0.0, -191.3255103836706]","[0.0, 0.0, 0.0]"
query-000002,219.13855793961977,"[106.60311013691525, 0.0, -191.4614438600963]",nominal,36264.03133761718,booster-release,8664.1,generic_slender_body_v1,0.0,none,unprofiled,"[1834.2208913682862, 0.0, 2197.8858785648586]",26.612075808,,query-000002,45564.75133895611,,62.0,"[106.60311013691525, 0.0, -191.4614438600963]","[0.0, 0.0, 0.0]"
query-000002,223.29378544535888,"[116.35564530732502, 0.0, -190.58194674111695]",nominal,38508.45627400403,booster-release,8664.1,generic_slender_body_v1,0.0,none,unprofiled,"[1945.6871307415295, 0.0, 2006.7782042019844]",26.612075808,,query-000002,44609.82878549637,,63.0,"[116.35564530732502, 0.0, -190.58194674111695]","[0.0, 0.0, 0.0]"
query-000002,226.98473950579685,"[126.21571014062994, 0.0, -188.65753757062276]",nominal,40690.12065978142,booster-release,8664.1,generic_slender_body_v1,0.0,none,unprofiled,"[2066.9680582340916, 0.0, 1817.070564668166]",26.612075808,,query-000002,43580.4110372603,,64.0,"[126.21571014062994, 0.0, -188.65753757062276]","[0.0, 0.0, 0.0]"
query-000002,230.19869833332925,"[136.0778926296729, 0.0, -185.6724208164108]",nominal,42782.762010008184,booster-release,8664.1,generic_slender_body_v1,0.0,none,unprofiled,"[2198.1192410819986, 0.0, 1629.8170050339188]",26.612075808,,query-000002,42478.76528959544,,65.0,"[136.0778926296729, 0.0, -185.6724208164108]","[0.0, 0.0, 0.0]"
query-000002,232.92561318526623,"[145.82894239832922, 0.0, -181.62670738830522]",nominal,44759.514647254684,booster-release,8664.1,generic_slender_body_v1,0.0,none,unprofiled,"[2339.086724326742, 0.0, 1446.0795852284834]",26.612075808,,query-000002,41308.36700334704,,66.0,"[145.82894239832922, 0.0, -181.62670738830522]","[0.0, 0.0, 0.0]"
query-000002,235.15845876490002,"[155.3503594592027, 0.0, -176.5382863420275]",nominal,46593.614568267076,booster-release,8664.1,generic_slender_body_v1,0.0,none,unprofiled,"[2489.7004387972884, 0.0, 1266.9115016136213]",26.612075808,,query-000002,40073.90804164081,,67.0,"[155.3503594592027, 0.0, -176.5382863420275]","[0.0, 0.0, 0.0]"
query-000002,236.89353985045994,"[164.5215227772327, 0.0, -170.4441778587405]",nominal,48259.194646287535,booster-release,8664.1,generic_slender_body_v1,0.0,none,unprofiled,"[2649.6704748241673, 0.0, 1093.3385823007802]",26.612075808,,query-000002,38781.26341956067,,68.0,"[164.5215227772327, 0.0, -170.4441778587405]","[0.0, 0.0, 0.0]"
query-000002,238.13073732344068,"[173.2232464845814, 0.0, -163.40120848863836]",nominal,49732.13427741007,booster-release,8664.1,generic_slender_body_v1,0.0,none,unprofiled,"[2818.5867099213374, 0.0, 926.3397561079597]",26.612075808,,query-000002,37437.41379833888,,69.0,"[173.2232464845814, 0.0, -163.40120848863836]","[0.0, 0.0, 0.0]"
query-000002,238.87367832293208,"[181.34159912648684, 0.0, -155.48587917163468]",nominal,50990.917464721504,booster-release,8664.1,generic_slender_body_v1,0.0,none,unprofiled,"[2995.922139883444, 0.0, 766.8272408845099]",26.612075808,,query-000002,36050.323459583895,,70.0,"[181.34159912648684, 0.0, -155.48587917163468]","[0.0, 0.0, 0.0]"
query-000002,239.12981819317983,"[188.7717773321667, 0.0, -146.7933446446334]",nominal,52017.44641174006,booster-release,8664.1,generic_slender_body_v1,0.0,none,unprofiled,"[3181.040075118933, 0.0, 615.627303829204]",26.612075808,,query-000002,34628.77647364828,,71.0,"[188.7717773321667, 0.0, -146.7933446446334]","[0.0, 0.0, 0.0]"
query-000002,238.9104261101229,"[195.42179704576756, 0.0, -137.4354864782867]",nominal,52797.75543081357,booster-release,8664.1,generic_slender_body_v1,0.0,none,unprofiled,"[3373.2051397206114, 0.0, 473.4624970768566]",26.612075808,,query-000002,33182.176849019,,72.0,"[195.42179704576756, 0.0, -137.4354864782867]","[0.0, 0.0, 0.0]"
query-000002,238.2304714854128,"[201.21575893093404, 0.0, -127.53813508911884]",nominal,53322.573328656385,booster-release,8664.1,generic_slender_body_v1,0.0,none,unprofiled,"[3571.5977686587335, 0.0, 340.93625349309764]",26.612075808,,query-000002,31720.321282399127,,73.0,"[201.21575893093404, 0.0, -127.53813508911884]","[0.0, 0.0, 0.0]"
query-000002,237.10841401281195,"[206.0964631837252, 0.0, -117.23757016771731]",nominal,53587.69160567811,booster-release,8664.1,generic_slender_body_v1,0.0,none,unprofiled,"[3775.331662273714, 0.0, 218.5206349103138]",26.612075808,,query-000002,30253.15538217875,,74.0,"[206.0964631837252, 0.0, -117.23757016771731]","[0.0, 0.0, 0.0]"
query-000002,235.5659059951319,"[210.02719253004662, 0.0, -106.67649443646927]",nominal,53594.11007996259,booster-release,8664.1,generic_slender_body_v1,0.0,none,unprofiled,"[3983.4734523036295, 0.0, 106.54786174851733]",26.612075808,,query-000002,28790.52562206976,,75.0,"[210.02719253004662, 0.0, -106.67649443646927]","[0.0, 0.0, 0.0]"
query-000002,233.62742079254343,"[212.9925464495982, 0.0, -95.9997234532054]",nominal,53347.94933244567,booster-release,8664.1,generic_slender_body_v1,0.0,none,unprofiled,"[4195.063683148622, 0.0, 5.206032360959227]",26.612075808,,query-000002,27341.93961034068,,76.0,"[212.9925464495982, 0.0, -95.9997234532054]","[0.0, 0.0, 0.0]"
query-000002,231.35058070388087,"[214.99211839274588, 0.0, -85.44869935243267]",nominal,52345.250590312426,booster-release,8664.1,generic_slender_body_v1,0.0,none,unprofiled,"[4409.135646377183, 0.0, -85.49362352420745]",26.612075808,,query-000002,25923.139552877776,ground_contact,77.0,"[214.99211839274588, 0.0, -85.44869935243267]","[0.0, 0.0, 0.0]"
