table_id,declared_id,name,function_name,source_kind,dimensions,shape,breakpoint_ids,flat_index,coordinates,value,issues
gridded-table-0001,,CL_TABLE,Basic CL,inline-function,2,"[10,6]",MACH1;ALPHA1,0,"[0.0,-4.0]",0.95013,
gridded-table-0001,,CL_TABLE,Basic CL,inline-function,2,"[10,6]",MACH1;ALPHA1,1,"[0.0,0.0]",0.61543,
gridded-table-0001,,CL_TABLE,Basic CL,inline-function,2,"[10,6]",MACH1;ALPHA1,2,"[0.0,4.0]",0.057891,
gridded-table-0001,,CL_TABLE,Basic CL,inline-function,2,"[10,6]",MACH1;ALPHA1,3,"[0.0,8.0]",0.015274,
gridded-table-0001,,CL_TABLE,Basic CL,inline-function,2,"[10,6]",MACH1;ALPHA1,4,"[0.0,12.0]",0.83812,
gridded-table-0001,,CL_TABLE,Basic CL,inline-function,2,"[10,6]",MACH1;ALPHA1,5,"[0.0,16.0]",0.19343,
gridded-table-0001,,CL_TABLE,Basic CL,inline-function,2,"[10,6]",MACH1;ALPHA1,6,"[0.4,-4.0]",0.23114,
gridded-table-0001,,CL_TABLE,Basic CL,inline-function,2,"[10,6]",MACH1;ALPHA1,7,"[0.4,0.0]",0.79194,
gridded-table-0001,,CL_TABLE,Basic CL,inline-function,2,"[10,6]",MACH1;ALPHA1,8,"[0.4,4.0]",0.35287,
gridded-table-0001,,CL_TABLE,Basic CL,inline-function,2,"[10,6]",MACH1;ALPHA1,9,"[0.4,8.0]",0.74679,
gridded-table-0001,,CL_TABLE,Basic CL,inline-function,2,"[10,6]",MACH1;ALPHA1,10,"[0.4,12.0]",0.01964,
gridded-table-0001,,CL_TABLE,Basic CL,inline-function,2,"[10,6]",MACH1;ALPHA1,11,"[0.4,16.0]",0.68222,
gridded-table-0001,,CL_TABLE,Basic CL,inline-function,2,"[10,6]",MACH1;ALPHA1,12,"[0.8,-4.0]",0.60684,
gridded-table-0001,,CL_TABLE,Basic CL,inline-function,2,"[10,6]",MACH1;ALPHA1,13,"[0.8,0.0]",0.92181,
gridded-table-0001,,CL_TABLE,Basic CL,inline-function,2,"[10,6]",MACH1;ALPHA1,14,"[0.8,4.0]",0.81317,
gridded-table-0001,,CL_TABLE,Basic CL,inline-function,2,"[10,6]",MACH1;ALPHA1,15,"[0.8,8.0]",0.4451,
gridded-table-0001,,CL_TABLE,Basic CL,inline-function,2,"[10,6]",MACH1;ALPHA1,16,"[0.8,12.0]",0.68128,
gridded-table-0001,,CL_TABLE,Basic CL,inline-function,2,"[10,6]",MACH1;ALPHA1,17,"[0.8,16.0]",0.30276,
gridded-table-0001,,CL_TABLE,Basic CL,inline-function,2,"[10,6]",MACH1;ALPHA1,18,"[0.9,-4.0]",0.48598,
gridded-table-0001,,CL_TABLE,Basic CL,inline-function,2,"[10,6]",MACH1;ALPHA1,19,"[0.9,0.0]",0.73821,
gridded-table-0001,,CL_TABLE,Basic CL,inline-function,2,"[10,6]",MACH1;ALPHA1,20,"[0.9,4.0]",0.0098613,
gridded-table-0001,,CL_TABLE,Basic CL,inline-function,2,"[10,6]",MACH1;ALPHA1,21,"[0.9,8.0]",0.93181,
gridded-table-0001,,CL_TABLE,Basic CL,inline-function,2,"[10,6]",MACH1;ALPHA1,22,"[0.9,12.0]",0.37948,
gridded-table-0001,,CL_TABLE,Basic CL,inline-function,2,"[10,6]",MACH1;ALPHA1,23,"[0.9,16.0]",0.54167,
gridded-table-0001,,CL_TABLE,Basic CL,inline-function,2,"[10,6]",MACH1;ALPHA1,24,"[0.95,-4.0]",0.8913,
gridded-table-0001,,CL_TABLE,Basic CL,inline-function,2,"[10,6]",MACH1;ALPHA1,25,"[0.95,0.0]",0.17627,
gridded-table-0001,,CL_TABLE,Basic CL,inline-function,2,"[10,6]",MACH1;ALPHA1,26,"[0.95,4.0]",0.13889,
gridded-table-0001,,CL_TABLE,Basic CL,inline-function,2,"[10,6]",MACH1;ALPHA1,27,"[0.95,8.0]",0.46599,
gridded-table-0001,,CL_TABLE,Basic CL,inline-function,2,"[10,6]",MACH1;ALPHA1,28,"[0.95,12.0]",0.8318,
gridded-table-0001,,CL_TABLE,Basic CL,inline-function,2,"[10,6]",MACH1;ALPHA1,29,"[0.95,16.0]",0.15087,
gridded-table-0001,,CL_TABLE,Basic CL,inline-function,2,"[10,6]",MACH1;ALPHA1,30,"[0.99,-4.0]",0.7621,
gridded-table-0001,,CL_TABLE,Basic CL,inline-function,2,"[10,6]",MACH1;ALPHA1,31,"[0.99,0.0]",0.40571,
gridded-table-0001,,CL_TABLE,Basic CL,inline-function,2,"[10,6]",MACH1;ALPHA1,32,"[0.99,4.0]",0.20277,
gridded-table-0001,,CL_TABLE,Basic CL,inline-function,2,"[10,6]",MACH1;ALPHA1,33,"[0.99,8.0]",0.41865,
gridded-table-0001,,CL_TABLE,Basic CL,inline-function,2,"[10,6]",MACH1;ALPHA1,34,"[0.99,12.0]",0.50281,
gridded-table-0001,,CL_TABLE,Basic CL,inline-function,2,"[10,6]",MACH1;ALPHA1,35,"[0.99,16.0]",0.6979,
gridded-table-0001,,CL_TABLE,Basic CL,inline-function,2,"[10,6]",MACH1;ALPHA1,36,"[1.0,-4.0]",0.45647,
gridded-table-0001,,CL_TABLE,Basic CL,inline-function,2,"[10,6]",MACH1;ALPHA1,37,"[1.0,0.0]",0.93547,
gridded-table-0001,,CL_TABLE,Basic CL,inline-function,2,"[10,6]",MACH1;ALPHA1,38,"[1.0,4.0]",0.19872,
gridded-table-0001,,CL_TABLE,Basic CL,inline-function,2,"[10,6]",MACH1;ALPHA1,39,"[1.0,8.0]",0.84622,
gridded-table-0001,,CL_TABLE,Basic CL,inline-function,2,"[10,6]",MACH1;ALPHA1,40,"[1.0,12.0]",0.70947,
gridded-table-0001,,CL_TABLE,Basic CL,inline-function,2,"[10,6]",MACH1;ALPHA1,41,"[1.0,16.0]",0.37837,
gridded-table-0001,,CL_TABLE,Basic CL,inline-function,2,"[10,6]",MACH1;ALPHA1,42,"[1.01,-4.0]",0.018504,
gridded-table-0001,,CL_TABLE,Basic CL,inline-function,2,"[10,6]",MACH1;ALPHA1,43,"[1.01,0.0]",0.9169,
gridded-table-0001,,CL_TABLE,Basic CL,inline-function,2,"[10,6]",MACH1;ALPHA1,44,"[1.01,4.0]",0.60379,
gridded-table-0001,,CL_TABLE,Basic CL,inline-function,2,"[10,6]",MACH1;ALPHA1,45,"[1.01,8.0]",0.52515,
gridded-table-0001,,CL_TABLE,Basic CL,inline-function,2,"[10,6]",MACH1;ALPHA1,46,"[1.01,12.0]",0.42889,
gridded-table-0001,,CL_TABLE,Basic CL,inline-function,2,"[10,6]",MACH1;ALPHA1,47,"[1.01,16.0]",0.86001,
gridded-table-0001,,CL_TABLE,Basic CL,inline-function,2,"[10,6]",MACH1;ALPHA1,48,"[1.05,-4.0]",0.82141,
gridded-table-0001,,CL_TABLE,Basic CL,inline-function,2,"[10,6]",MACH1;ALPHA1,49,"[1.05,0.0]",0.41027,
gridded-table-0001,,CL_TABLE,Basic CL,inline-function,2,"[10,6]",MACH1;ALPHA1,50,"[1.05,4.0]",0.27219,
gridded-table-0001,,CL_TABLE,Basic CL,inline-function,2,"[10,6]",MACH1;ALPHA1,51,"[1.05,8.0]",0.20265,
gridded-table-0001,,CL_TABLE,Basic CL,inline-function,2,"[10,6]",MACH1;ALPHA1,52,"[1.05,12.0]",0.30462,
gridded-table-0001,,CL_TABLE,Basic CL,inline-function,2,"[10,6]",MACH1;ALPHA1,53,"[1.05,16.0]",0.85366,
gridded-table-0001,,CL_TABLE,Basic CL,inline-function,2,"[10,6]",MACH1;ALPHA1,54,"[1.2,-4.0]",0.4447,
gridded-table-0001,,CL_TABLE,Basic CL,inline-function,2,"[10,6]",MACH1;ALPHA1,55,"[1.2,0.0]",0.89365,
gridded-table-0001,,CL_TABLE,Basic CL,inline-function,2,"[10,6]",MACH1;ALPHA1,56,"[1.2,4.0]",0.19881,
gridded-table-0001,,CL_TABLE,Basic CL,inline-function,2,"[10,6]",MACH1;ALPHA1,57,"[1.2,8.0]",0.67214,
gridded-table-0001,,CL_TABLE,Basic CL,inline-function,2,"[10,6]",MACH1;ALPHA1,58,"[1.2,12.0]",0.18965,
gridded-table-0001,,CL_TABLE,Basic CL,inline-function,2,"[10,6]",MACH1;ALPHA1,59,"[1.2,16.0]",0.59356,
