time_s,position_n_m,position_e_m,position_d_m,altitude_m,u_mps,v_mps,w_mps,qw,qx,qy,qz,p_rad_s,q_rad_s,r_rad_s
0,0,0,0,3051.9624000000003,172.23545996014465,0,7.992150327561883,0.99973124913056,0,0.023182526002362223,0,0,0,0
0.01,1.7242078799999998,0,-6.0034406697367799e-16,3051.9624000000003,172.23545996014465,0,7.9921503275617232,0.99973124913056,0,0.023182526002362105,0,0,-4.6721968246499988e-14,0
0.02,3.4484157599999996,0,-2.3532133099878342e-15,3051.9624000000003,172.23545996014465,0,7.9921503275614914,0.99973124913056,0,0.023182526002361755,0,0,-9.2725921295229511e-14,0
0.029999999999999999,5.1726236399999994,0,-5.1719877851253053e-15,3051.9624000000003,172.23545996014465,0,7.9921503275611885,0.99973124913056,0,0.023182526002361179,0,0,-1.3800106259122587e-13,0
0.040000000000000001,6.8968315199999992,0,-9.0055805676282989e-15,3051.9624000000003,172.23545996014465,0,7.9921503275608163,0.99973124913056011,0,0.023182526002360381,0,0,-1.8253540794784543e-13,0
0.050000000000000003,8.621039399999999,0,-1.3748167486964225e-14,3051.9624000000003,172.23545996014468,0,7.9921503275603776,0.99973124913056011,0,0.023182526002359358,0,0,-2.2631649723141237e-13,0
0.060000000000000005,10.345247279999999,0,-1.9304295102867582e-14,3051.9624000000003,172.23545996014471,0,7.9921503275598731,0.99973124913056011,0,0.023182526002358119,0,0,-2.6933443663598815e-13,0
0.069999999999999993,12.069455159999999,0,-2.5591853335811141e-14,3051.9624000000003,172.23545996014474,0,7.9921503275593047,0.99973124913056011,0,0.023182526002356665,0,0,-3.1158069848869409e-13,0
0.080000000000000002,13.793663039999998,0,-3.252134812165763e-14,3051.9624000000003,172.23545996014477,0,7.9921503275586749,0.99973124913056022,0,0.023182526002355007,0,0,-3.5304574918103441e-13,0
0.089999999999999997,15.517870919999998,0,-3.997666958163842e-14,3051.9624000000003,172.23545996014479,0,7.9921503275579848,0.99973124913056022,0,0.02318252600235314,0,0,-3.9372102735214689e-13,0
0.099999999999999992,17.242078799999998,0,-4.7841718076799782e-14,3051.9624000000003,172.23545996014482,0,7.9921503275572361,0.99973124913056033,0,0.023182526002351076,0,0,-4.3359893081500552e-13,0
0.11,18.966286679999996,0,-5.6025570715708904e-14,3051.9624000000003,172.23545996014485,0,7.9921503275564305,0.99973124913056033,0,0.023182526002348811,0,0,-4.726728114898543e-13,0
0.12,20.690494559999994,0,-6.4389964074656077e-14,3051.9624000000003,172.23545996014488,0,7.9921503275555708,0.99973124913056044,0,0.023182526002346351,0,0,-5.1093696516085202e-13,0
0.13,22.414702439999992,0,-7.2818863611608033e-14,3051.9624000000003,172.23545996014494,0,7.9921503275546577,0.99973124913056055,0,0.023182526002343704,0,0,-5.4838524645242565e-13,0
0.14000000000000001,24.13891031999999,0,-8.1202166695883637e-14,3051.9624000000003,172.23545996014499,0,7.9921503275536931,0.99973124913056055,0,0.023182526002340869,0,0,-5.8501245110138215e-13,0
0.15000000000000002,25.863118199999988,0,-8.9398698428668301e-14,3051.9624000000003,172.23545996014505,0,7.9921503275526788,0.99973124913056055,0,0.023182526002337851,0,0,-6.2081440193459074e-13,0
0.16,27.587326079999986,0,-9.7282114138508792e-14,3051.9624000000003,172.23545996014511,0,7.9921503275516175,0.99973124913056066,0,0.023182526002334659,0,0,-6.5578725890535196e-13,0
0.17000000000000001,29.311533959999984,0,-1.0471276771661834e-13,3051.9624000000003,172.23545996014516,0,7.9921503275505099,0.99973124913056077,0,0.023182526002331293,0,0,-6.8992838999606601e-13,0
0.18000000000000002,31.035741839999986,0,-1.1156138378447723e-13,3051.9624000000003,172.23545996014522,0,7.9921503275493579,0.99973124913056088,0,0.023182526002327761,0,0,-7.2323509232357464e-13,0
0.19,32.759949719999987,0,-1.1769427042020457e-13,3051.9624000000003,172.23545996014528,0,7.9921503275481633,0.99973124913056099,0,0.023182526002324063,0,0,-7.5570527709416495e-13,0
0.20000000000000001,34.484157599999989,0,-1.2295555669920269e-13,3051.9624000000003,172.23545996014533,0,7.9921503275469279,0.99973124913056111,0,0.023182526002320205,0,0,-7.8733746148575985e-13,0
0.21000000000000002,36.208365479999991,0,-1.2721009683040884e-13,3051.9624000000003,172.23545996014539,0,7.9921503275456525,0.99973124913056122,0,0.023182526002316191,0,0,-8.1813086817989521e-13,0
0.22,37.932573359999992,0,-1.3031388350711661e-13,3051.9624000000003,172.23545996014545,0,7.9921503275443397,0.99973124913056133,0,0.023182526002312027,0,0,-8.4808491992733577e-13,0
0.23000000000000001,39.656781239999994,0,-1.3210518189525904e-13,3051.9624000000003,172.2354599601455,0,7.9921503275429906,0.99973124913056133,0,0.023182526002307715,0,0,-8.7720012667279741e-13,0
0.24000000000000002,41.380989119999995,0,-1.3245185280209436e-13,3051.9624000000003,172.23545996014559,0,7.9921503275416077,0.99973124913056144,0,0.02318252600230326,0,0,-9.0547699557258795e-13,0
0.25,43.105196999999997,0,-1.3121587852815307e-13,3051.9624000000003,172.23545996014568,0,7.9921503275401919,0.99973124913056155,0,0.023182526002298667,0,0,-9.3291691377077809e-13,0
0.26000000000000001,44.829404879999998,0,-1.2823408385840636e-13,3051.9624000000003,172.23545996014576,0,7.9921503275387451,0.99973124913056166,0,0.023182526002293938,0,0,-9.5952154969841292e-13,0
0.27000000000000002,46.55361276,0,-1.233581176518192e-13,3051.9624000000003,172.23545996014585,0,7.992150327537269,0.99973124913056177,0,0.023182526002289077,0,0,-9.852926574236506e-13,0
0.28000000000000003,48.277820640000002,0,-1.1642187633673952e-13,3051.9624000000003,172.23545996014593,0,7.9921503275357644,0.99973124913056188,0,0.023182526002284088,0,0,-1.0102329542228854e-12,0
0.29000000000000004,50.002028520000003,0,-1.0726371750216702e-13,3051.9624000000003,172.23545996014602,0,7.992150327534234,0.99973124913056199,0,0.023182526002278978,0,0,-1.0343459259326655e-12,0
0.29999999999999999,51.726236400000005,0,-9.5736819628873353e-14,3051.9624000000003,172.2354599601461,0,7.9921503275326788,0.99973124913056211,0,0.023182526002273749,0,0,-1.0576349240911917e-12,0
0.31,53.450444280000006,0,-8.1672169881914851e-14,3051.9624000000003,172.23545996014619,0,7.9921503275310997,0.99973124913056222,0,0.023182526002268406,0,0,-1.0801039608080754e-12,0
0.32000000000000001,55.174652160000008,0,-6.4905209529406834e-14,3051.9624000000003,172.23545996014627,0,7.9921503275294992,0.99973124913056233,0,0.023182526002262952,0,0,-1.101757700267327e-12,0
0.33000000000000002,56.89886004000001,0,-4.5275839342822297e-14,3051.9624000000003,172.23545996014636,0,7.9921503275278782,0.99973124913056244,0,0.023182526002257394,0,0,-1.1226002729219578e-12,0
0.34000000000000002,58.623067920000011,0,-2.2613622638067981e-14,3051.9624000000003,172.23545996014644,0,7.9921503275262387,0.99973124913056255,0,0.023182526002251732,0,0,-1.1426376401569362e-12,0
0.35000000000000003,60.347275800000013,0,3.2400281096867026e-15,3051.9624000000003,172.23545996014653,0,7.9921503275245813,0.99973124913056277,0,0.023182526002245976,0,0,-1.1618750240590005e-12,0
0.36000000000000004,62.071483680000014,0,3.2431845456084952e-14,3051.9624000000003,172.23545996014661,0,7.992150327522908,0.99973124913056288,0,0.023182526002240123,0,0,-1.1803186803834805e-12,0
0.37,63.795691560000016,0,6.5138143898798783e-14,3051.9624000000003,172.2354599601467,0,7.9921503275212205,0.99973124913056299,0,0.02318252600223418,0,0,-1.1979749060721043e-12,0
0.38,65.519899440000017,0,1.0152782849311449e-13,3051.9624000000003,172.23545996014681,0,7.9921503275195196,0.9997312491305631,0,0.02318252600222815,0,0,-1.2148505326936258e-12,0
0.39000000000000001,67.244107320000026,0,1.4176386242041088e-13,3051.9624000000003,172.23545996014693,0,7.9921503275178063,0.99973124913056333,0,0.02318252600222204,0,0,-1.2309519401907784e-12,0
0.40000000000000002,68.968315200000035,0,1.8598700281046335e-13,3051.9624000000003,172.23545996014704,0,7.9921503275160832,0.99973124913056344,0,0.023182526002215847,0,0,-1.2462871173934507e-12,0
0.41000000000000003,70.692523080000043,0,2.343868296958738e-13,3051.9624000000003,172.23545996014715,0,7.9921503275143504,0.99973124913056355,0,0.023182526002209582,0,0,-1.2608631035034713e-12,0
0.42000000000000004,72.416730960000052,0,2.8712330747662527e-13,3051.9624000000003,172.23545996014727,0,7.9921503275126096,0.99973124913056366,0,0.023182526002203243,0,0,-1.2746866711719606e-12,0
0.42999999999999999,74.140938840000061,0,3.4435934406110158e-13,3051.9624000000003,172.23545996014738,0,7.9921503275108625,0.99973124913056388,0,0.023182526002196842,0,0,-1.2877673924947199e-12,0
0.44,75.86514672000007,0,4.0625191578977722e-13,3051.9624000000003,172.23545996014749,0,7.9921503275091093,0.99973124913056399,0,0.023182526002190375,0,0,-1.3001137629133215e-12,0
0.45000000000000001,77.589354600000078,0,4.7297131573086771e-13,3051.9624000000003,172.23545996014761,0,7.9921503275073524,0.99973124913056421,0,0.023182526002183849,0,0,-1.311734993081325e-12,0
0.46000000000000002,79.313562480000087,0,5.4467744519443597e-13,3051.9624000000003,172.23545996014772,0,7.9921503275055921,0.99973124913056433,0,0.023182526002177264,0,0,-1.3226394248198578e-12,0
0.47000000000000003,81.037770360000096,0,6.2154649719920018e-13,3051.9624000000003,172.23545996014784,0,7.9921503275038299,0.99973124913056444,0,0.023182526002170627,0,0,-1.3328366006638846e-12,0
0.48000000000000004,82.761978240000104,0,7.0373686889119222e-13,3051.9624000000003,172.23545996014795,0,7.9921503275020669,0.99973124913056466,0,0.023182526002163945,0,0,-1.3423356860912226e-12,0
0.48999999999999999,84.486186120000113,0,7.9138919329353096e-13,3051.9624000000003,172.23545996014806,0,7.9921503275003039,0.99973124913056477,0,0.023182526002157214,0,0,-1.3511463538482472e-12,0
0.5,86.210394000000122,0,8.8465890107514472e-13,3051.9624000000003,172.23545996014818,0,7.9921503274985426,0.99973124913056499,0,0.023182526002150441,0,0,-1.3592790748653353e-12,0
0.51000000000000001,87.93460188000013,0,9.8372803450077918e-13,3051.9624000000003,172.23545996014829,0,7.992150327496784,0.9997312491305651,0,0.023182526002143627,0,0,-1.3667436357599432e-12,0
0.52000000000000002,89.658809760000139,0,1.0887756775908913e-12,3051.9624000000003,172.2354599601484,0,7.992150327495029,0.99973124913056521,0,0.023182526002136779,0,0,-1.3735502296467128e-12,0
0.53000000000000003,91.383017640000148,0,1.1999305822484878e-12,3051.9624000000003,172.23545996014852,0,7.9921503274932784,0.99973124913056544,0,0.023182526002129902,0,0,-1.379709646518128e-12,0
0.54000000000000004,93.107225520000156,0,1.3173451561509935e-12,3051.9624000000003,172.23545996014863,0,7.9921503274915331,0.99973124913056555,0,0.023182526002122991,0,0,-1.3852321841003939e-12,0
0.55000000000000004,94.831433400000165,0,1.4411836502527245e-12,3051.9624000000003,172.23545996014875,0,7.992150327489794,0.99973124913056577,0,0.023182526002116059,0,0,-1.3901290350173724e-12,0
0.56000000000000005,96.555641280000174,0,1.5715851393149954e-12,3051.9624000000003,172.23545996014886,0,7.992150327488063,0.99973124913056588,0,0.0231825260021091,0,0,-1.3944107002648187e-12,0
0.57000000000000006,98.279849160000182,0,1.7087301345944475e-12,3051.9624000000003,172.23545996014897,0,7.9921503274863399,0.9997312491305661,0,0.023182526002102122,0,0,-1.3980889636908876e-12,0
0.58000000000000007,100.00405704000019,0,1.8527428909310322e-12,3051.9624000000003,172.23545996014909,0,7.9921503274846257,0.99973124913056621,0,0.023182526002095125,0,0,-1.4011744219289743e-12,0
0.58999999999999997,101.7282649200002,0,2.003799454063295e-12,3051.9624000000003,172.2354599601492,0,7.9921503274829222,0.99973124913056644,0,0.023182526002088116,0,0,-1.4036781678823113e-12,0
0.59999999999999998,103.45247280000021,0,2.1620358967889329e-12,3051.9624000000003,172.23545996014931,0,7.9921503274812293,0.99973124913056655,0,0.023182526002081094,0,0,-1.4056125720273948e-12,0
0.60999999999999999,105.17668068000022,0,2.3276075341802914e-12,3051.9624000000003,172.23545996014943,0,7.992150327479548,0.99973124913056666,0,0.023182526002074065,0,0,-1.4069886166139426e-12,0
0.62,106.90088856000023,0,2.5006459806407481e-12,3051.9624000000003,172.23545996014954,0,7.9921503274778791,0.99973124913056688,0,0.023182526002067032,0,0,-1.4078179698509841e-12,0
0.63,108.62509644000023,0,2.6812858048039687e-12,3051.9624000000003,172.23545996014968,0,7.9921503274762236,0.99973124913056699,0,0.023182526002059993,0,0,-1.4081125926282345e-12,0
0.64000000000000001,110.34930432000024,0,2.8696689745061898e-12,3051.9624000000003,172.23545996014983,0,7.9921503274745813,0.99973124913056721,0,0.023182526002052957,0,0,-1.4078836477029594e-12,0
0.65000000000000002,112.07351220000025,0,3.0659211660136227e-12,3051.9624000000003,172.23545996014997,0,7.9921503274729542,0.99973124913056732,0,0.023182526002045921,0,0,-1.4071425950523039e-12,0
0.66000000000000003,113.79772008000026,0,3.2701961617332142e-12,3051.9624000000003,172.23545996015011,0,7.9921503274713421,0.99973124913056755,0,0.023182526002038892,0,0,-1.4059015736722683e-12,0
0.67000000000000004,115.52192796000027,0,3.4826166592797031e-12,3051.9624000000003,172.23545996015025,0,7.9921503274697461,0.99973124913056766,0,0.02318252600203187,0,0,-1.4041723267466759e-12,0
0.68000000000000005,117.24613584000028,0,3.7033127513902146e-12,3051.9624000000003,172.23545996015039,0,7.9921503274681669,0.99973124913056788,0,0.023182526002024858,0,0,-1.4019674679791419e-12,0
0.69000000000000006,118.97034372000029,0,3.9324189573739752e-12,3051.9623999999999,172.23545996015054,0,7.9921503274666046,0.99973124913056799,0,0.023182526002017857,0,0,-1.3992980275404047e-12,0
0.70000000000000007,120.6945516000003,0,4.170072761908274e-12,3051.9623999999994,172.23545996015068,0,7.99215032746506,0.99973124913056821,0,0.023182526002010873,0,0,-1.3961765130406274e-12,0
0.71000000000000008,122.4187594800003,0,4.4163805611414537e-12,3051.962399999999,172.23545996015082,0,7.9921503274635342,0.99973124913056832,0,0.023182526002003902,0,0,-1.392614724321041e-12,0
0.71999999999999997,124.14296736000033,0,4.6714857344459008e-12,3051.9623999999985,172.23545996015096,0,7.9921503274620269,0.99973124913056854,0,0.023182526001996953,0,0,-1.3886249502758203e-12,0
0.72999999999999998,125.86717524000035,0,4.9354990974182805e-12,3051.9623999999981,172.2354599601511,0,7.9921503274605392,0.99973124913056866,0,0.023182526001990021,0,0,-1.3842194679982645e-12,0
0.73999999999999999,127.59138312000037,0,5.2085536652037874e-12,3051.9623999999976,172.23545996015125,0,7.9921503274590719,0.99973124913056877,0,0.023182526001983114,0,0,-1.3794104423574192e-12,0
0.75,129.31559100000038,0,5.4907780040999621e-12,3051.9623999999972,172.23545996015139,0,7.9921503274576251,0.99973124913056899,0,0.023182526001976234,0,0,-1.3742090486682468e-12,0
0.76000000000000001,131.0397988800004,0,5.7822681147602519e-12,3051.9623999999967,172.23545996015153,0,7.9921503274561987,0.9997312491305691,0,0.023182526001969378,0,0,-1.3686284225204577e-12,0
0.77000000000000002,132.76400676000043,0,6.0831510757837962e-12,3051.9623999999963,172.23545996015167,0,7.9921503274547936,0.99973124913056932,0,0.023182526001962554,0,0,-1.3626794234797332e-12,0
0.78000000000000003,134.48821464000045,0,6.3935287971163981e-12,3051.9623999999958,172.23545996015181,0,7.9921503274534098,0.99973124913056943,0,0.023182526001955757,0,0,-1.3563743874133105e-12,0
0.79000000000000004,136.21242252000047,0,6.7135091170171013e-12,3051.9623999999953,172.23545996015196,0,7.9921503274520482,0.99973124913056965,0,0.023182526001948998,0,0,-1.34972454976364e-12,0
0.80000000000000004,137.9366304000005,0,7.0431894842710566e-12,3051.9623999999949,172.2354599601521,0,7.9921503274507089,0.99973124913056977,0,0.023182526001942268,0,0,-1.3427425316147724e-12,0
0.81000000000000005,139.66083828000052,0,7.382689565889388e-12,3051.9623999999944,172.23545996015224,0,7.9921503274493926,0.99973124913056988,0,0.023182526001935575,0,0,-1.335438571499287e-12,0
0.82000000000000006,141.38504616000054,0,7.732111256804749e-12,3051.962399999994,172.23545996015238,0,7.9921503274480994,0.9997312491305701,0,0.023182526001928921,0,0,-1.3278260653510999e-12,0
0.83000000000000007,143.10925404000056,0,8.091556442059688e-12,3051.9623999999935,172.23545996015253,0,7.9921503274468293,0.99973124913057021,0,0.023182526001922305,0,0,-1.3199165161016578e-12,0
0.84000000000000008,144.83346192000059,0,8.4611136985452662e-12,3051.9623999999931,172.23545996015267,0,7.9921503274455823,0.99973124913057043,0,0.02318252600191573,0,0,-1.3117209351212454e-12,0
0.84999999999999998,146.55766980000061,0,8.8408804639088575e-12,3051.9623999999926,172.23545996015281,0,7.9921503274443593,0.99973124913057054,0,0.023182526001909193,0,0,-1.3032511164621297e-12,0
0.85999999999999999,148.28187768000063,0,9.2309541921910208e-12,3051.9623999999922,172.23545996015295,0,7.9921503274431602,0.99973124913057065,0,0.023182526001902702,0,0,-1.2945179667137142e-12,0
0.87,150.00608556000066,0,9.6314189918597592e-12,3051.9623999999917,172.23545996015309,0,7.9921503274419852,0.99973124913057088,0,0.023182526001896256,0,0,-1.2855323859458333e-12,0
0.88,151.73029344000068,0,1.0042350109451545e-11,3051.9623999999912,172.23545996015324,0,7.992150327440835,0.99973124913057099,0,0.023182526001889851,0,0,-1.2763056795911955e-12,0
0.89000000000000001,153.4545013200007,0,1.0463861255783595e-11,3051.9623999999908,172.23545996015338,0,7.9921503274397088,0.9997312491305711,0,0.023182526001883495,0,0,-1.2668495328037701e-12,0
0.90000000000000002,155.17870920000072,0,1.0896029142610417e-11,3051.9623999999903,172.23545996015352,0,7.9921503274386074,0.99973124913057132,0,0.023182526001877191,0,0,-1.257174058133206e-12,0
0.91000000000000003,156.90291708000075,0,1.133891124003257e-11,3051.9623999999899,172.23545996015366,0,7.992150327437531,0.99973124913057143,0,0.023182526001870932,0,0,-1.2472907523524625e-12,0
0.92000000000000004,158.62712496000077,0,1.179260793951183e-11,3051.9623999999894,172.2354599601538,0,7.9921503274364794,0.99973124913057154,0,0.023182526001864722,0,0,-1.2372101215710827e-12,0
0.93000000000000005,160.35133284000079,0,1.2257187065829282e-11,3051.962399999989,172.23545996015395,0,7.9921503274354535,0.99973124913057165,0,0.023182526001858564,0,0,-1.2269431698580315e-12,0
0.94000000000000006,162.07554072000082,0,1.2732729761530347e-11,3051.9623999999885,172.23545996015409,0,7.9921503274344525,0.99973124913057188,0,0.023182526001852461,0,0,-1.2164996240170274e-12,0
0.95000000000000007,163.79974860000084,0,1.3219293484541217e-11,3051.9623999999881,172.23545996015423,0,7.9921503274334764,0.99973124913057199,0,0.023182526001846407,0,0,-1.2058911876053717e-12,0
0.96000000000000008,165.52395648000086,0,1.3716965309873184e-11,3051.9623999999876,172.23545996015437,0,7.9921503274325261,0.9997312491305721,0,0.023182526001840405,0,0,-1.1951265107574681e-12,0
0.96999999999999997,167.24816436000091,0,1.4225813055942893e-11,3051.9623999999872,172.23545996015451,0,7.9921503274316006,0.99973124913057221,0,0.023182526001834458,0,0,-1.1842171135802053e-12,0
0.97999999999999998,168.97237224000096,0,1.4745894185449866e-11,3051.9623999999867,172.23545996015466,0,7.9921503274307009,0.99973124913057243,0,0.02318252600182857,0,0,-1.1731718612602762e-12,0
0.98999999999999999,170.69658012000102,0,1.52772557894654e-11,3051.9623999999862,172.2354599601548,0,7.992150327429826,0.99973124913057254,0,0.023182526001822735,0,0,-1.1620006192508276e-12,0
1,172.42078800000107,0,1.5819976054852145e-11,3051.9623999999858,172.23545996015494,0,7.9921503274289769,0.99973124913057265,0,0.023182526001816955,0,0,-1.1507142461107299e-12,0
1.01,174.14499588000112,0,1.6374112442579888e-11,3051.9623999999853,172.23545996015508,0,7.9921503274281527,0.99973124913057276,0,0.02318252600181123,0,0,-1.1393215360627084e-12,0
1.02,175.86920376000117,0,1.6939725377533993e-11,3051.9623999999849,172.23545996015523,0,7.9921503274273533,0.99973124913057299,0,0.023182526001805568,0,0,-1.1278316986565511e-12,0
1.03,177.59341164000122,0,1.7516829399738921e-11,3051.9623999999844,172.23545996015537,0,7.9921503274265788,0.9997312491305731,0,0.023182526001799958,0,0,-1.1162541566770239e-12,0
1.04,179.31761952000127,0,1.8105516014376178e-11,3051.962399999984,172.23545996015551,0,7.9921503274258301,0.99973124913057321,0,0.023182526001794407,0,0,-1.1045981473833172e-12,0
1.05,181.04182740000132,0,1.8705836756591377e-11,3051.9623999999835,172.23545996015565,0,7.9921503274251062,0.99973124913057332,0,0.023182526001788915,0,0,-1.0928728282398924e-12,0
1.0600000000000001,182.76603528000138,0,1.9317822449680006e-11,3051.9623999999831,172.23545996015579,0,7.9921503274244072,0.99973124913057343,0,0.023182526001783482,0,0,-1.0810867811399985e-12,0
1.0700000000000001,184.49024316000143,0,1.9941529074869004e-11,3051.9623999999826,172.23545996015594,0,7.9921503274237322,0.99973124913057354,0,0.023182526001778107,0,0,-1.0692486110142652e-12,0
1.0800000000000001,186.21445104000148,0,2.0576974143638081e-11,3051.9623999999822,172.23545996015608,0,7.9921503274230821,0.99973124913057365,0,0.023182526001772792,0,0,-1.0573656678192414e-12,0
1.0900000000000001,187.93865892000153,0,2.1224218075201307e-11,3051.9623999999817,172.23545996015622,0,7.9921503274224559,0.99973124913057376,0,0.023182526001767536,0,0,-1.0454478885668893e-12,0
1.1000000000000001,189.66286680000158,0,2.1883288744849699e-11,3051.9623999999812,172.23545996015636,0,7.9921503274218546,0.99973124913057398,0,0.023182526001762342,0,0,-1.033502759941726e-12,0
1.1100000000000001,191.38707468000163,0,2.2554211053375425e-11,3051.9623999999808,172.2354599601565,0,7.9921503274212773,0.9997312491305741,0,0.023182526001757207,0,0,-1.0215379019776639e-12,0
1.1200000000000001,193.11128256000168,0,2.323703654616392e-11,3051.9623999999799,172.23545996015665,0,7.992150327420724,0.99973124913057421,0,0.023182526001752132,0,0,-1.009561455786955e-12,0
1.1300000000000001,194.83549044000173,0,2.3931794577212451e-11,3051.962399999979,172.23545996015679,0,7.9921503274201946,0.99973124913057432,0,0.023182526001747115,0,0,-9.9758139105647079e-13,0
1.1400000000000001,196.55969832000179,0,2.4638514500934175e-11,3051.9623999999781,172.23545996015693,0,7.9921503274196883,0.99973124913057443,0,0.023182526001742157,0,0,-9.8560481705246253e-13,0
1.1500000000000001,198.28390620000184,0,2.5357230112772981e-11,3051.9623999999772,172.23545996015707,0,7.9921503274192052,0.99973124913057454,0,0.023182526001737262,0,0,-9.7363878578206177e-13,0
1.1600000000000001,200.00811408000189,0,2.6087947088887243e-11,3051.9623999999762,172.23545996015721,0,7.9921503274187451,0.99973124913057465,0,0.023182526001732425,0,0,-9.6169067343776592e-13,0
1.1699999999999999,201.73232196000194,0,2.683069478701097e-11,3051.9623999999753,172.23545996015736,0,7.9921503274183081,0.99973124913057476,0,0.023182526001727648,0,0,-9.4976720481872016e-13,0
1.1799999999999999,203.45652984000199,0,2.7585505530246239e-11,3051.9623999999744,172.2354599601575,0,7.9921503274178933,0.99973124913057487,0,0.023182526001722929,0,0,-9.3787523958815133e-13,0
1.1899999999999999,205.18073772000204,0,2.8352395361606319e-11,3051.9623999999735,172.23545996015764,0,7.9921503274175016,0.99973124913057498,0,0.02318252600171827,0,0,-9.260219668536786e-13,0
1.2,206.90494560000209,0,2.9131389197933122e-11,3051.9623999999726,172.23545996015778,0,7.9921503274171313,0.99973124913057509,0,0.023182526001713669,0,0,-9.1421353180265643e-13,0
1.21,208.62915348000215,0,2.9922497176961558e-11,3051.9623999999717,172.23545996015793,0,7.9921503274167831,0.99973124913057521,0,0.023182526001709128,0,0,-9.0245612442052601e-13,0
1.22,210.35336136000222,0,3.0725724990067966e-11,3051.9623999999708,172.23545996015807,0,7.9921503274164563,0.99973124913057532,0,0.023182526001704645,0,0,-8.9075538208551522e-13,0
1.23,212.0775692400023,0,3.1541088685593467e-11,3051.9623999999699,172.23545996015821,0,7.9921503274161507,0.99973124913057543,0,0.023182526001700222,0,0,-8.7911709466807277e-13,0
1.24,213.80177712000238,0,3.2368601355641898e-11,3051.962399999969,172.23545996015835,0,7.9921503274158665,0.99973124913057554,0,0.023182526001695857,0,0,-8.6754788224254076e-13,0
1.25,215.52598500000246,0,3.3208264257339191e-11,3051.9623999999681,172.23545996015849,0,7.9921503274156027,0.99973124913057565,0,0.023182526001691548,0,0,-8.5605302620289762e-13,0
1.26,217.25019288000254,0,3.4060087539558037e-11,3051.9623999999671,172.23545996015864,0,7.9921503274153594,0.99973124913057576,0,0.023182526001687298,0,0,-8.446378630997734e-13,0
1.27,218.97440076000262,0,3.4924076894645187e-11,3051.9623999999662,172.23545996015878,0,7.9921503274151364,0.99973124913057587,0,0.023182526001683103,0,0,-8.3330816864758577e-13,0
1.28,220.6986086400027,0,3.5800240998576996e-11,3051.9623999999653,172.23545996015892,0,7.992150327414933,0.99973124913057598,0,0.023182526001678968,0,0,-8.2206790150298581e-13,0
1.29,222.42281652000278,0,3.6688576674922159e-11,3051.9623999999644,172.23545996015906,0,7.9921503274147492,0.99973124913057609,0,0.023182526001674888,0,0,-8.1092245770956236e-13,0
1.3,224.14702440000286,0,3.7589083722646177e-11,3051.9623999999635,172.2354599601592,0,7.9921503274145849,0.99973124913057609,0,0.023182526001670863,0,0,-7.9987708726433618e-13,0
1.3100000000000001,225.87123228000294,0,3.8501776733104942e-11,3051.9623999999626,172.23545996015935,0,7.9921503274144392,0.99973124913057609,0,0.023182526001666887,0,0,-7.8893600913977878e-13,0
1.3200000000000001,227.59544016000302,0,3.942665106693338e-11,3051.9623999999617,172.23545996015949,0,7.9921503274143122,0.9997312491305762,0,0.02318252600166297,0,0,-7.7810360218702206e-13,0
1.3300000000000001,229.3196480400031,0,4.0363705044390728e-11,3051.9623999999608,172.23545996015963,0,7.9921503274142029,0.99973124913057632,0,0.023182526001659109,0,0,-7.6738381375986038e-13,0
1.3400000000000001,231.04385592000318,0,4.1312923676481977e-11,3051.9623999999599,172.23545996015977,0,7.9921503274141115,0.99973124913057643,0,0.023182526001655299,0,0,-7.5678163624250076e-13,0
1.3500000000000001,232.76806380000326,0,4.227429641019224e-11,3051.962399999959,172.23545996015991,0,7.9921503274140377,0.99973124913057654,0,0.023182526001651542,0,0,-7.4629965760411523e-13,0
1.3600000000000001,234.49227168000334,0,4.32478201034015e-11,3051.9623999999581,172.23545996016003,0,7.9921503274139809,0.99973124913057665,0,0.023182526001647837,0,0,-7.3594221260545024e-13,0
1.3700000000000001,236.21647956000342,0,4.4233493088061304e-11,3051.9623999999571,172.23545996016014,0,7.9921503274139409,0.99973124913057676,0,0.023182526001644183,0,0,-7.2571359820673938e-13,0
1.3800000000000001,237.9406874400035,0,4.5231310748257341e-11,3051.9623999999562,172.23545996016026,0,7.9921503274139178,0.99973124913057687,0,0.023182526001640582,0,0,-7.1561640187870819e-13,0
1.3900000000000001,239.66489532000358,0,4.62412669830046e-11,3051.9623999999553,172.23545996016037,0,7.9921503274139107,0.99973124913057687,0,0.023182526001637029,0,0,-7.0565475772407255e-13,0
1.4000000000000001,241.38910320000366,0,4.7263352738678907e-11,3051.9623999999544,172.23545996016048,0,7.9921503274139196,0.99973124913057687,0,0.023182526001633522,0,0,-6.958315891640202e-13,0
1.4100000000000001,243.11331108000374,0,4.8297561923841919e-11,3051.9623999999535,172.2354599601606,0,7.9921503274139436,0.99973124913057698,0,0.023182526001630066,0,0,-6.8614998315942876e-13,0
1.4199999999999999,244.83751896000382,0,4.9343863294590328e-11,3051.9623999999526,172.23545996016071,0,7.9921503274139827,0.99973124913057709,0,0.023182526001626659,0,0,-6.7661231564174274e-13,0
1.4299999999999999,246.5617268400039,0,5.0402253731218301e-11,3051.9623999999517,172.23545996016082,0,7.9921503274140369,0.9997312491305772,0,0.023182526001623301,0,0,-6.6722172708869258e-13,0
1.4399999999999999,248.28593472000398,0,5.1472712347408024e-11,3051.9623999999508,172.23545996016094,0,7.9921503274141052,0.99973124913057732,0,0.023182526001619987,0,0,-6.5798034490442636e-13,0
1.45,250.01014260000409,0,5.2555213832758653e-11,3051.9623999999499,172.23545996016105,0,7.992150327414187,0.99973124913057743,0,0.023182526001616723,0,0,-6.4889077047919958e-13,0
1.46,251.7343504800042,0,5.3649728432174323e-11,3051.962399999949,172.23545996016117,0,7.9921503274142829,0.99973124913057743,0,0.023182526001613503,0,0,-6.3995450167815447e-13,0
1.47,253.4585583600043,0,5.4756258958276447e-11,3051.962399999948,172.23545996016128,0,7.9921503274143921,0.99973124913057743,0,0.023182526001610321,0,0,-6.3117420030596275e-13,0
1.48,255.18276624000441,0,5.5874775667866267e-11,3051.9623999999471,172.23545996016139,0,7.9921503274145138,0.99973124913057754,0,0.023182526001607189,0,0,-6.2255280069821628e-13,0
1.49,256.90697412000452,0,5.7005253261060009e-11,3051.9623999999462,172.23545996016151,0,7.9921503274146479,0.99973124913057765,0,0.023182526001604097,0,0,-6.140896712149462e-13,0
1.5,258.63118200000463,0,5.8147669402926086e-11,3051.9623999999449,172.23545996016162,0,7.9921503274147945,0.99973124913057776,0,0.023182526001601048,0,0,-6.0578841437338504e-13,0
1.51,260.35538988000474,0,5.930199583838003e-11,3051.9623999999435,172.23545996016173,0,7.9921503274149526,0.99973124913057787,0,0.02318252600159804,0,0,-5.9764915686033368e-13,0
1.52,262.07959776000484,0,6.0468226519498023e-11,3051.9623999999421,172.23545996016185,0,7.9921503274151222,0.99973124913057776,0,0.02318252600159507,0,0,-5.8967350400449812e-13,0
1.53,263.80380564000495,0,6.1646321361545541e-11,3051.9623999999408,172.23545996016196,0,7.9921503274153034,0.99973124913057787,0,0.023182526001592142,0,0,-5.8186402480466482e-13,0
1.54,265.52801352000506,0,6.2836272836301409e-11,3051.9623999999394,172.23545996016207,0,7.9921503274154944,0.99973124913057798,0,0.023182526001589251,0,0,-5.742213984052445e-13,0
1.55,267.25222140000517,0,6.4038034955343869e-11,3051.962399999938,172.23545996016219,0,7.992150327415696,0.99973124913057809,0,0.0231825260015864,0,0,-5.6674521849197574e-13,0
1.5600000000000001,268.97642928000528,0,6.5251569125789448e-11,3051.9623999999367,172.2354599601623,0,7.9921503274159074,0.9997312491305782,0,0.023182526001583586,0,0,-5.5943685051645281e-13,0
1.5700000000000001,270.70063716000539,0,6.6476860426024314e-11,3051.9623999999353,172.23545996016242,0,7.9921503274161285,0.99973124913057809,0,0.023182526001580803,0,0,-5.5229794316214035e-13,0
1.5800000000000001,272.42484504000549,0,6.7713886558749013e-11,3051.962399999934,172.23545996016253,0,7.9921503274163594,0.9997312491305782,0,0.023182526001578059,0,0,-5.453278684257926e-13,0
1.5900000000000001,274.1490529200056,0,6.8962626697830688e-11,3051.9623999999326,172.23545996016264,0,7.9921503274165993,0.99973124913057831,0,0.023182526001575349,0,0,-5.3852866007752672e-13,0
1.6000000000000001,275.87326080000571,0,7.0223039298023941e-11,3051.9623999999312,172.23545996016276,0,7.9921503274168479,0.99973124913057843,0,0.023182526001572674,0,0,-5.3189898617189731e-13,0
1.6100000000000001,277.59746868000582,0,7.1495097617472936e-11,3051.9623999999299,172.2354599601629,0,7.9921503274171046,0.99973124913057843,0,0.023182526001570031,0,0,-5.2543999411628685e-13,0
1.6200000000000001,279.32167656000593,0,7.2778758645714247e-11,3051.9623999999285,172.23545996016304,0,7.9921503274173693,0.99973124913057843,0,0.023182526001567418,0,0,-5.1915222052911528e-13,0
1.6300000000000001,281.04588444000603,0,7.4073983817051916e-11,3051.9623999999271,172.23545996016318,0,7.9921503274176411,0.99973124913057854,0,0.023182526001564837,0,0,-5.1303443438146954e-13,0
1.6400000000000001,282.77009232000614,0,7.5380746409760014e-11,3051.9623999999258,172.23545996016333,0,7.99215032741792,0.99973124913057865,0,0.023182526001562287,0,0,-5.0708678781934733e-13,0
1.6500000000000001,284.49430020000625,0,7.6699001938544238e-11,3051.9623999999244,172.23545996016347,0,7.992150327418206,0.99973124913057876,0,0.023182526001559768,0,0,-5.0130805944343516e-13,0
1.6600000000000001,286.21850808000636,0,7.8028720721083944e-11,3051.962399999923,172.23545996016361,0,7.9921503274184991,0.99973124913057865,0,0.023182526001557274,0,0,-4.9569978930170972e-13,0
1.6700000000000002,287.94271596000647,0,7.9369881963207112e-11,3051.9623999999217,172.23545996016375,0,7.9921503274187975,0.99973124913057876,0,0.02318252600155481,0,0,-4.9026124170920506e-13,0
1.6799999999999999,289.66692384000658,0,8.0722458953427636e-11,3051.9623999999203,172.23545996016389,0,7.9921503274191021,0.99973124913057887,0,0.023182526001552371,0,0,-4.8499188508651953e-13,0
1.6899999999999999,291.39113172000668,0,8.2086405746283767e-11,3051.9623999999189,172.23545996016404,0,7.9921503274194121,0.99973124913057898,0,0.02318252600154996,0,0,-4.7989021019247266e-13,0
1.7,293.11533960000679,0,8.3461682317919104e-11,3051.9623999999176,172.23545996016418,0,7.9921503274197274,0.99973124913057898,0,0.023182526001547573,0,0,-4.7495678483504024e-13,0
1.71,294.8395474800069,0,8.4848263445998424e-11,3051.9623999999162,172.23545996016432,0,7.9921503274200481,0.99973124913057898,0,0.02318252600154521,0,0,-4.7018990887354345e-13,0
1.72,296.56375536000701,0,8.6246113558140685e-11,3051.9623999999149,172.23545996016446,0,7.9921503274203731,0.99973124913057898,0,0.023182526001542872,0,0,-4.6558878627217998e-13,0
1.73,298.28796324000712,0,8.7655177829800086e-11,3051.9623999999135,172.2354599601646,0,7.9921503274207026,0.99973124913057909,0,0.023182526001540558,0,0,-4.6115292087465145e-13,0
1.74,300.01217112000722,0,8.9075448810303983e-11,3051.9623999999121,172.23545996016475,0,7.9921503274210366,0.99973124913057909,0,0.023182526001538264,0,0,-4.5688260581243111e-13,0
1.75,301.73637900000733,0,9.0506871685689833e-11,3051.9623999999108,172.23545996016489,0,7.9921503274213741,0.9997312491305792,0,0.023182526001535995,0,0,-4.5277498687012953e-13,0
1.76,303.4605868800075,0,9.1949424213310487e-11,3051.9623999999094,172.23545996016503,0,7.9921503274217152,0.9997312491305792,0,0.023182526001533744,0,0,-4.4882940028452764e-13,0
1.77,305.18479476000766,0,9.340305454616257e-11,3051.962399999908,172.23545996016517,0,7.9921503274220589,0.99973124913057931,0,0.023182526001531513,0,0,-4.4504459384413922e-13,0
1.78,306.90900264000783,0,9.4867744893628801e-11,3051.9623999999067,172.23545996016531,0,7.9921503274224062,0.99973124913057931,0,0.023182526001529296,0,0,-4.4141923303401054e-13,0
1.79,308.63321052000799,0,9.6343464132868933e-11,3051.9623999999053,172.23545996016546,0,7.9921503274227561,0.99973124913057942,0,0.023182526001527103,0,0,-4.3795179594808035e-13,0
1.8,310.35741840000816,0,9.7830158950763607e-11,3051.9623999999039,172.2354599601656,0,7.9921503274231078,0.99973124913057942,0,0.023182526001524921,0,0,-4.3464126634888197e-13,0
1.8100000000000001,312.08162628000832,0,9.9327804165791972e-11,3051.9623999999026,172.23545996016574,0,7.9921503274234613,0.99973124913057954,0,0.02318252600152276,0,0,-4.3148594656393288e-13,0
1.8200000000000001,313.80583416000849,0,1.0083635386397104e-10,3051.9623999999012,172.23545996016588,0,7.9921503274238175,0.99973124913057954,0,0.023182526001520612,0,0,-4.284835685164175e-13,0
1.8300000000000001,315.53004204000865,0,1.0235579173657201e-10,3051.9623999998998,172.23545996016603,0,7.9921503274241745,0.99973124913057954,0,0.023182526001518478,0,0,-4.2563365162702581e-13,0
1.8400000000000001,317.25424992000882,0,1.0388606152115719e-10,3051.9623999998985,172.23545996016617,0,7.9921503274245334,0.99973124913057965,0,0.023182526001516362,0,0,-4.2293414636499495e-13,0
1.8500000000000001,318.97845780000898,0,1.05427138048796e-10,3051.9623999998971,172.23545996016631,0,7.9921503274248931,0.99973124913057965,0,0.023182526001514256,0,0,-4.2038321991343479e-13,0
1.8600000000000001,320.70266568000915,0,1.0697897540854904e-10,3051.9623999998958,172.23545996016645,0,7.9921503274252537,0.99973124913057976,0,0.023182526001512164,0,0,-4.1797895262895134e-13,0
1.8700000000000001,322.42687356000931,0,1.0854156175499379e-10,3051.9623999998944,172.23545996016659,0,7.9921503274256143,0.99973124913057976,0,0.023182526001510079,0,0,-4.1571954782417007e-13,0
1.8800000000000001,324.15108144000948,0,1.1011486303969971e-10,3051.962399999893,172.23545996016674,0,7.9921503274259758,0.99973124913057987,0,0.023182526001508011,0,0,-4.1360292326176865e-13,0
1.8900000000000001,325.87528932000964,0,1.1169881264859219e-10,3051.9623999998917,172.23545996016688,0,7.9921503274263372,0.99973124913057987,0,0.02318252600150595,0,0,-4.1162751088471732e-13,0
1.9000000000000001,327.59949720000981,0,1.1329341057586128e-10,3051.9623999998898,172.23545996016702,0,7.9921503274266987,0.99973124913057998,0,0.0231825260015039,0,0,-4.0979126279569984e-13,0
1.9100000000000001,329.32370508000997,0,1.1489860797183256e-10,3051.962399999888,172.23545996016716,0,7.9921503274270593,0.99973124913057998,0,0.023182526001501856,0,0,-4.0809175694237363e-13,0
1.9200000000000002,331.04791296001014,0,1.1651437968085882e-10,3051.9623999998862,172.2354599601673,0,7.9921503274274199,0.99973124913057998,0,0.02318252600149982,0,0,-4.0652679042964391e-13,0
1.9299999999999999,332.7721208400103,0,1.1814067686371022e-10,3051.9623999998844,172.23545996016745,0,7.9921503274277796,0.99973124913058009,0,0.023182526001497793,0,0,-4.0509535908044137e-13,0
1.9399999999999999,334.49632872001047,0,1.1977748768029213e-10,3051.9623999998826,172.23545996016759,0,7.9921503274281385,0.99973124913058009,0,0.023182526001495771,0,0,-4.0379459723741756e-13,0
1.95,336.22053660001063,0,1.2142478253565635e-10,3051.9623999998807,172.23545996016773,0,7.9921503274284964,0.9997312491305802,0,0.023182526001493758,0,0,-4.0262196377819163e-13,0
1.96,337.9447444800108,0,1.2308250519545068e-10,3051.9623999998789,172.23545996016787,0,7.9921503274288526,0.9997312491305802,0,0.02318252600149175,0,0,-4.015770029381808e-13,0
1.97,339.66895236001096,0,1.2475064235201194e-10,3051.9623999998771,172.23545996016801,0,7.9921503274292069,0.9997312491305802,0,0.023182526001489744,0,0,-4.0065464117021428e-13,0
1.98,341.39316024001113,0,1.264291407337283e-10,3051.9623999998753,172.23545996016816,0,7.9921503274295596,0.99973124913058031,0,0.023182526001487746,0,0,-3.9985526309995537e-13,0
1.99,343.11736812001129,0,1.2811798260338711e-10,3051.9623999998735,172.2354599601683,0,7.9921503274299104,0.99973124913058031,0,0.023182526001485747,0,0,-3.9917501256500282e-13,0
2,344.84157600001146,0,1.2981712800942512e-10,3051.9623999998716,172.23545996016844,0,7.9921503274302594,0.99973124913058042,0,0.023182526001483756,0,0,-3.9861253261335991e-13,0
2.0099999999999998,346.56578388001162,0,1.3152655624372893e-10,3051.9623999998698,172.23545996016858,0,7.9921503274306058,0.99973124913058042,0,0.023182526001481765,0,0,-3.9816382401143155e-13,0
2.02,348.28999176001179,0,1.3324623033794902e-10,3051.962399999868,172.23545996016873,0,7.9921503274309496,0.99973124913058053,0,0.02318252600147978,0,0,-3.9782895244597447e-13,0
2.0299999999999998,350.01419964001195,0,1.3497609702261915e-10,3051.9623999998662,172.23545996016887,0,7.9921503274312915,0.99973124913058053,0,0.023182526001477792,0,0,-3.9760375449005373e-13,0
2.04,351.73840752001212,0,1.3671615187434945e-10,3051.9623999998644,172.23545996016901,0,7.9921503274316308,0.99973124913058053,0,0.023182526001475804,0,0,-3.9748626796881639e-13,0
2.0499999999999998,353.46261540001228,0,1.3846635052662442e-10,3051.9623999998626,172.23545996016915,0,7.9921503274319665,0.99973124913058065,0,0.02318252600147382,0,0,-3.9747405612815539e-13,0
2.0599999999999996,355.18682328001245,0,1.4022668560729037e-10,3051.9623999998607,172.23545996016929,0,7.9921503274322996,0.99973124913058065,0,0.023182526001471832,0,0,-3.9756490328144647e-13,0
2.0699999999999998,356.91103116001261,0,1.4199712753571913e-10,3051.9623999998589,172.23545996016944,0,7.9921503274326291,0.99973124913058076,0,0.023182526001469847,0,0,-3.9775749360889586e-13,0
2.0799999999999996,358.63523904001278,0,1.4377763047146227e-10,3051.9623999998571,172.23545996016958,0,7.9921503274329559,0.99973124913058076,0,0.023182526001467859,0,0,-3.9804698764602205e-13,0
2.0899999999999999,360.35944692001294,0,1.4556817815421745e-10,3051.9623999998553,172.23545996016972,0,7.9921503274332792,0.99973124913058076,0,0.023182526001465868,0,0,-3.984323229369096e-13,0
2.0999999999999996,362.08365480001311,0,1.4736872621470285e-10,3051.9623999998535,172.23545996016986,0,7.992150327433599,0.99973124913058087,0,0.02318252600146388,0,0,-3.9891146322069444e-13,0
2.1099999999999999,363.80786268001327,0,1.4917925989394139e-10,3051.9623999998516,172.23545996017,0,7.9921503274339152,0.99973124913058087,0,0.023182526001461885,0,0,-3.9948180398058679e-13,0
2.1199999999999997,365.53207056001349,0,1.5099975850028529e-10,3051.9623999998498,172.23545996017015,0,7.9921503274342269,0.99973124913058098,0,0.02318252600145989,0,0,-4.0014066076900807e-13,0
2.1299999999999999,367.25627844001372,0,1.5283017323151621e-10,3051.962399999848,172.23545996017029,0,7.9921503274345351,0.99973124913058098,0,0.023182526001457888,0,0,-4.0088606359214399e-13,0
2.1399999999999997,368.98048632001394,0,1.546704848941294e-10,3051.9623999998462,172.23545996017043,0,7.9921503274348398,0.99973124913058109,0,0.023182526001455886,0,0,-4.0171370017211887e-13,0
2.1499999999999999,370.70469420001416,0,1.5652066686892317e-10,3051.9623999998444,172.23545996017057,0,7.99215032743514,0.99973124913058109,0,0.023182526001453877,0,0,-4.0262352614130252e-13,0
2.1599999999999997,372.42890208001438,0,1.5838070736270443e-10,3051.9623999998425,172.23545996017072,0,7.9921503274354357,0.99973124913058109,0,0.023182526001451861,0,0,-4.0361067637917087e-13,0
2.1699999999999999,374.1531099600146,0,1.602505605413892e-10,3051.9623999998407,172.23545996017086,0,7.992150327435728,0.9997312491305812,0,0.023182526001449846,0,0,-4.0467426582743662e-13,0
2.1799999999999997,375.87731784001483,0,1.6213022495719545e-10,3051.9623999998389,172.235459960171,0,7.9921503274360157,0.9997312491305812,0,0.023182526001447819,0,0,-4.0581223563455787e-13,0
2.1899999999999999,377.60152572001505,0,1.6401967845339605e-10,3051.9623999998371,172.23545996017114,0,7.9921503274362991,0.99973124913058131,0,0.02318252600144579,0,0,-4.0702274109739433e-13,0
2.1999999999999997,379.32573360001527,0,1.6591887667606573e-10,3051.9623999998353,172.23545996017128,0,7.9921503274365779,0.99973124913058131,0,0.023182526001443753,0,0,-4.0830198653618219e-13,0
2.21,381.04994148001549,0,1.6782780782474897e-10,3051.9623999998335,172.23545996017143,0,7.9921503274368524,0.99973124913058131,0,0.02318252600144171,0,0,-4.0964749237516468e-13,0
2.2199999999999998,382.77414936001571,0,1.6974644530196514e-10,3051.9623999998316,172.23545996017157,0,7.9921503274371215,0.99973124913058142,0,0.023182526001439663,0,0,-4.1105738938364977e-13,0
2.23,384.49835724001593,0,1.716747595620905e-10,3051.9623999998298,172.23545996017171,0,7.9921503274373862,0.99973124913058142,0,0.023182526001437605,0,0,-4.1252913450535694e-13,0
2.2399999999999998,386.22256512001616,0,1.7361271808894403e-10,3051.962399999828,172.23545996017185,0,7.9921503274376464,0.99973124913058153,0,0.023182526001435545,0,0,-4.1406070211560479e-13,0
2.25,387.94677300001638,0,1.7556032536547987e-10,3051.9623999998262,172.23545996017199,0,7.9921503274379013,0.99973124913058153,0,0.02318252600143347,0,0,-4.1565077164072587e-13,0
2.2599999999999998,389.6709808800166,0,1.7751755924610861e-10,3051.9623999998244,172.23545996017214,0,7.9921503274381518,0.99973124913058165,0,0.023182526001431392,0,0,-4.172950835762061e-13,0
2.27,391.39518876001682,0,1.7948438425709811e-10,3051.9623999998225,172.23545996017228,0,7.9921503274383969,0.99973124913058165,0,0.023182526001429303,0,0,-4.1899167841914301e-13,0
2.2799999999999998,393.11939664001704,0,1.8146078712883326e-10,3051.9623999998207,172.23545996017245,0,7.9921503274386376,0.99973124913058176,0,0.023182526001427207,0,0,-4.2073812382269733e-13,0
2.29,394.84360452001727,0,1.8344673533946172e-10,3051.9623999998189,172.23545996017262,0,7.992150327438873,0.99973124913058176,0,0.023182526001425102,0,0,-4.2253269703061796e-13,0
2.2999999999999998,396.56781240001749,0,1.8544221414488095e-10,3051.9623999998171,172.23545996017279,0,7.9921503274391039,0.99973124913058176,0,0.023182526001422985,0,0,-4.2437280613284791e-13,0
2.3100000000000001,398.29202028001771,0,1.8744719547602784e-10,3051.9623999998153,172.23545996017296,0,7.9921503274393295,0.99973124913058187,0,0.023182526001420862,0,0,-4.2625686035207221e-13,0
2.3199999999999998,400.01622816001793,0,1.8946168530237969e-10,3051.9623999998134,172.23545996017313,0,7.9921503274395498,0.99973124913058187,0,0.023182526001418725,0,0,-4.2818142413082539e-13,0
2.3299999999999996,401.74043604001815,0,1.9148564075432264e-10,3051.9623999998116,172.2354599601733,0,7.9921503274397647,0.99973124913058198,0,0.023182526001416584,0,0,-4.3014485631906549e-13,0
2.3399999999999999,403.46464392001837,0,1.9351906040724818e-10,3051.9623999998098,172.23545996017347,0,7.9921503274399752,0.99973124913058198,0,0.02318252600141443,0,0,-4.3214454624144202e-13,0
2.3499999999999996,405.1888518000186,0,1.9556192802402752e-10,3051.962399999808,172.23545996017364,0,7.9921503274401804,0.99973124913058209,0,0.023182526001412268,0,0,-4.3417879720967987e-13,0
2.3599999999999999,406.91305968001882,0,1.976142081452485e-10,3051.9623999998057,172.23545996017381,0,7.9921503274403802,0.99973124913058209,0,0.023182526001410093,0,0,-4.3624582274665237e-13,0
2.3699999999999997,408.63726756001904,0,1.9967589786178644e-10,3051.9623999998034,172.23545996017398,0,7.9921503274405747,0.9997312491305822,0,0.02318252600140791,0,0,-4.3834316974122707e-13,0
2.3799999999999999,410.36147544001926,0,2.0174697650371462e-10,3051.9623999998012,172.23545996017415,0,7.9921503274407648,0.9997312491305822,0,0.023182526001405714,0,0,-4.4046909043047863e-13,0
2.3899999999999997,412.08568332001948,0,2.0382744560065485e-10,3051.9623999997989,172.23545996017432,0,7.9921503274409496,0.9997312491305822,0,0.023182526001403508,0,0,-4.4262126621664332e-13,0
2.3999999999999999,413.80989120001971,0,2.0591727264334507e-10,3051.9623999997966,172.2354599601745,0,7.992150327441129,0.99973124913058231,0,0.023182526001401294,0,0,-4.4479867524325211e-13,0
2.4099999999999997,415.53409908001993,0,2.0801644584350415e-10,3051.9623999997943,172.23545996017467,0,7.992150327441303,0.99973124913058231,0,0.023182526001399067,0,0,-4.4699774914305873e-13,0
2.4199999999999999,417.25830696002015,0,2.1012495341907671e-10,3051.9623999997921,172.23545996017484,0,7.9921503274414727,0.99973124913058242,0,0.023182526001396829,0,0,-4.4921810053675347e-13,0
2.4299999999999997,418.98251484002037,0,2.1224278654341294e-10,3051.9623999997898,172.23545996017501,0,7.992150327441637,0.99973124913058242,0,0.023182526001394577,0,0,-4.5145737275961436e-13,0
2.4399999999999999,420.70672272002059,0,2.1436992750296202e-10,3051.9623999997875,172.23545996017518,0,7.992150327441796,0.99973124913058253,0,0.023182526001392319,0,0,-4.53713136709255e-13,0
2.4499999999999997,422.43093060002082,0,2.1650638375330857e-10,3051.9623999997852,172.23545996017535,0,7.9921503274419496,0.99973124913058253,0,0.023182526001390046,0,0,-4.5598426102280505e-13,0
2.46,424.15513848002109,0,2.1865211094440268e-10,3051.962399999783,172.23545996017552,0,7.9921503274420989,0.99973124913058264,0,0.023182526001387763,0,0,-4.5826795506567684e-13,0
2.4699999999999998,425.87934636002137,0,2.2080713429062406e-10,3051.9623999997807,172.23545996017569,0,7.9921503274422427,0.99973124913058264,0,0.023182526001385467,0,0,-4.6056312513349626e-13,0
2.48,427.60355424002165,0,2.2297143608568429e-10,3051.9623999997784,172.23545996017586,0,7.9921503274423813,0.99973124913058276,0,0.023182526001383163,0,0,-4.6286789447845443e-13,0
2.4899999999999998,429.32776212002193,0,2.2514498233525059e-10,3051.9623999997762,172.23545996017603,0,7.9921503274425154,0.99973124913058276,0,0.023182526001380842,0,0,-4.6518050893387104e-13,0
2.5,431.05197000002221,0,2.2732779677340529e-10,3051.9623999997739,172.2354599601762,0,7.9921503274426442,0.99973124913058287,0,0.023182526001378514,0,0,-4.6749961976287737e-13,0
2.5099999999999998,432.77617788002249,0,2.2951984393347381e-10,3051.9623999997716,172.23545996017637,0,7.9921503274427677,0.99973124913058287,0,0.023182526001376172,0,0,-4.6982310277075948e-13,0
2.52,434.50038576002277,0,2.3172111646965819e-10,3051.9623999997693,172.23545996017654,0,7.9921503274428867,0.99973124913058298,0,0.02318252600137382,0,0,-4.7214983953264628e-13,0
2.5299999999999998,436.22459364002304,0,2.3393161146591482e-10,3051.9623999997671,172.23545996017671,0,7.9921503274430012,0.99973124913058298,0,0.023182526001371453,0,0,-4.7447783267992777e-13,0
2.54,437.94880152002332,0,2.3615133489275759e-10,3051.9623999997648,172.23545996017688,0,7.9921503274431105,0.99973124913058309,0,0.02318252600136908,0,0,-4.7680598982279068e-13,0
2.5499999999999998,439.6730094000236,0,2.3838024684102876e-10,3051.9623999997625,172.23545996017705,0,7.9921503274432153,0.99973124913058309,0,0.02318252600136669,0,0,-4.7913204839982069e-13,0
2.5600000000000001,441.39721728002388,0,2.4061837696122672e-10,3051.9623999997602,172.23545996017722,0,7.9921503274433157,0.9997312491305832,0,0.023182526001364289,0,0,-4.8145563471220439e-13,0
2.5699999999999998,443.12142516002416,0,2.4286570457851281e-10,3051.962399999758,172.23545996017739,0,7.9921503274434107,0.99973124913058331,0,0.023182526001361878,0,0,-4.8377509703674267e-13,0
2.5799999999999996,444.84563304002444,0,2.4512221346848711e-10,3051.9623999997557,172.23545996017756,0,7.9921503274435013,0.99973124913058331,0,0.023182526001359453,0,0,-4.8608840861578551e-13,0
2.5899999999999999,446.56984092002472,0,2.4738791107718753e-10,3051.9623999997534,172.23545996017774,0,7.9921503274435874,0.99973124913058331,0,0.023182526001357014,0,0,-4.8839405022159718e-13,0
2.5999999999999996,448.294048800025,0,2.4966279893264476e-10,3051.9623999997511,172.23545996017791,0,7.9921503274436692,0.99973124913058342,0,0.023182526001354568,0,0,-4.9069101089994641e-13,0
2.6099999999999999,450.01825668002527,0,2.5194685043723958e-10,3051.9623999997489,172.23545996017808,0,7.9921503274437464,0.99973124913058353,0,0.023182526001352108,0,0,-4.9297936637352941e-13,0
2.6199999999999997,451.74246456002555,0,2.5424007748108422e-10,3051.9623999997466,172.23545996017825,0,7.9921503274438193,0.99973124913058353,0,0.023182526001349638,0,0,-4.9525614483477583e-13,0
2.6299999999999999,453.46667244002583,0,2.5654247567101991e-10,3051.9623999997443,172.23545996017842,0,7.9921503274438876,0.99973124913058353,0,0.023182526001347153,0,0,-4.9752066387383215e-13,0
2.6399999999999997,455.19088032002611,0,2.5885404209418525e-10,3051.962399999742,172.23545996017859,0,7.9921503274439516,0.99973124913058364,0,0.023182526001344662,0,0,-4.9977136088620201e-13,0
2.6499999999999999,456.91508820002639,0,2.6117475903156294e-10,3051.9623999997398,172.23545996017876,0,7.9921503274440111,0.99973124913058375,0,0.023182526001342157,0,0,-5.0200767226952847e-13,0
2.6599999999999997,458.63929608002667,0,2.6350461913576394e-10,3051.9623999997375,172.23545996017893,0,7.9921503274440662,0.99973124913058387,0,0.023182526001339642,0,0,-5.0422756144635665e-13,0
2.6699999999999999,460.36350396002695,0,2.6584362540716079e-10,3051.9623999997352,172.2354599601791,0,7.9921503274441177,0.99973124913058375,0,0.023182526001337113,0,0,-5.0643029135679338e-13,0
2.6799999999999997,462.08771184002723,0,2.681917912082075e-10,3051.962399999733,172.23545996017927,0,7.9921503274441648,0.99973124913058387,0,0.023182526001334577,0,0,-5.0861562184118466e-13,0
2.6899999999999999,463.8119197200275,0,2.7054910769918195e-10,3051.9623999997307,172.23545996017944,0,7.9921503274442083,0.99973124913058398,0,0.02318252600133203,0,0,-5.1078242861780079e-13,0
2.6999999999999997,465.53612760002778,0,2.7291555864240078e-10,3051.9623999997284,172.23545996017961,0,7.9921503274442474,0.99973124913058409,0,0.023182526001329473,0,0,-5.1292901098926069e-13,0
2.71,467.26033548002806,0,2.7529113668078967e-10,3051.9623999997261,172.23545996017981,0,7.9921503274442829,0.99973124913058398,0,0.023182526001326899,0,0,-5.150546614283886e-13,0
2.7199999999999998,468.98454336002834,0,2.7767585517521155e-10,3051.9623999997239,172.23545996018001,0,7.9921503274443149,0.99973124913058409,0,0.023182526001324318,0,0,-5.1715819281330667e-13,0
2.73,470.70875124002862,0,2.8006971416385308e-10,3051.9623999997216,172.23545996018021,0,7.9921503274443433,0.9997312491305842,0,0.023182526001321726,0,0,-5.1923881841064031e-13,0
2.7399999999999998,472.4329591200289,0,2.8247269740322104e-10,3051.9623999997193,172.23545996018041,0,7.9921503274443673,0.99973124913058431,0,0.023182526001319124,0,0,-5.2129546395154225e-13,0
2.75,474.15716700002918,0,2.8488480345770779e-10,3051.962399999717,172.23545996018061,0,7.9921503274443877,0.99973124913058431,0,0.023182526001316511,0,0,-5.2332726318821941e-13,0
2.7599999999999998,475.88137488002945,0,2.8730604272177163e-10,3051.9623999997148,172.2354599601808,0,7.9921503274444046,0.99973124913058431,0,0.023182526001313888,0,0,-5.2533345372547387e-13,0
2.77,477.60558276002979,0,2.8973639303640112e-10,3051.9623999997125,172.235459960181,0,7.9921503274444179,0.99973124913058442,0,0.023182526001311259,0,0,-5.2731337873852945e-13,0
2.7799999999999998,479.32979064003013,0,2.9217585739878656e-10,3051.9623999997102,172.2354599601812,0,7.9921503274444285,0.99973124913058453,0,0.023182526001308618,0,0,-5.2926570029780781e-13,0
2.79,481.05399852003046,0,2.9462443435886168e-10,3051.9623999997079,172.2354599601814,0,7.9921503274444357,0.99973124913058464,0,0.023182526001305968,0,0,-5.3119056688674175e-13,0
2.7999999999999998,482.7782064000308,0,2.970821328351449e-10,3051.9623999997057,172.2354599601816,0,7.9921503274444392,0.99973124913058453,0,0.023182526001303303,0,0,-5.3308763270110264e-13,0
2.8100000000000001,484.50241428003113,0,2.9954896470080071e-10,3051.9623999997034,172.2354599601818,0,7.9921503274444401,0.99973124913058464,0,0.023182526001300635,0,0,-5.3495626048551212e-13,0
2.8199999999999998,486.22662216003147,0,3.0202492406895102e-10,3051.9623999997011,172.235459960182,0,7.9921503274444374,0.99973124913058475,0,0.023182526001297957,0,0,-5.3679464049795016e-13,0
2.8299999999999996,487.9508300400318,0,3.0451000357470446e-10,3051.9623999996988,172.2354599601822,0,7.9921503274444321,0.99973124913058486,0,0.023182526001295268,0,0,-5.3860422265337268e-13,0
2.8399999999999999,489.67503792003214,0,3.0700420769091406e-10,3051.9623999996966,172.2354599601824,0,7.9921503274444232,0.99973124913058486,0,0.023182526001292572,0,0,-5.4038280358390164e-13,0
2.8499999999999996,491.39924580003247,0,3.0950754532696736e-10,3051.9623999996938,172.2354599601826,0,7.9921503274444117,0.99973124913058486,0,0.023182526001289862,0,0,-5.4213076139824204e-13,0
2.8599999999999999,493.12345368003281,0,3.1202002540055097e-10,3051.9623999996911,172.23545996018279,0,7.9921503274443975,0.99973124913058498,0,0.023182526001287149,0,0,-5.4384699107345279e-13,0
2.8699999999999997,494.84766156003315,0,3.1454162129813456e-10,3051.9623999996884,172.23545996018299,0,7.9921503274443806,0.99973124913058509,0,0.023182526001284426,0,0,-5.4553157914237329e-13,0
2.8799999999999999,496.57186944003348,0,3.1707234932381221e-10,3051.9623999996857,172.23545996018319,0,7.992150327444361,0.9997312491305852,0,0.023182526001281695,0,0,-5.4718274268948909e-13,0
2.8899999999999997,498.29607732003382,0,3.1961221246737318e-10,3051.9623999996829,172.23545996018339,0,7.9921503274443388,0.99973124913058509,0,0.023182526001278951,0,0,-5.4880196262468593e-13,0
2.8999999999999999,500.02028520003415,0,3.2216122260073433e-10,3051.9623999996802,172.23545996018359,0,7.992150327444314,0.9997312491305852,0,0.023182526001276203,0,0,-5.5038844025673645e-13,0
2.9099999999999997,501.74449308003449,0,3.2471937235277859e-10,3051.9623999996775,172.23545996018379,0,7.9921503274442864,0.99973124913058531,0,0.023182526001273449,0,0,-5.5194138577445193e-13,0
2.9199999999999999,503.46870096003482,0,3.2728667210682645e-10,3051.9623999996747,172.23545996018399,0,7.9921503274442571,0.99973124913058542,0,0.023182526001270687,0,0,-5.5346001818323048e-13,0
2.9299999999999997,505.19290884003516,0,3.2986310116347946e-10,3051.962399999672,172.23545996018419,0,7.9921503274442252,0.99973124913058553,0,0.023182526001267918,0,0,-5.5494493828732961e-13,0
2.9399999999999999,506.91711672003549,0,3.3244866251356345e-10,3051.9623999996693,172.23545996018439,0,7.9921503274441914,0.99973124913058542,0,0.023182526001265136,0,0,-5.5639644786844785e-13,0
2.9499999999999997,508.64132460003583,0,3.3504338873386025e-10,3051.9623999996666,172.23545996018458,0,7.992150327444155,0.99973124913058553,0,0.02318252600126235,0,0,-5.5781405762913752e-13,0
2.96,510.36553248003617,0,3.3764727393922149e-10,3051.9623999996638,172.23545996018478,0,7.9921503274441168,0.99973124913058564,0,0.023182526001259557,0,0,-5.5919649424573562e-13,0
2.9699999999999998,512.08974036003656,0,3.4026031666671334e-10,3051.9623999996611,172.23545996018498,0,7.9921503274440768,0.99973124913058575,0,0.023182526001256757,0,0,-5.6054348697779564e-13,0
2.98,513.81394824003689,0,3.4288253617362363e-10,3051.9623999996584,172.23545996018518,0,7.9921503274440342,0.99973124913058575,0,0.02318252600125395,0,0,-5.6185652858802829e-13,0
2.9899999999999998,515.53815612003723,0,3.4551392065043224e-10,3051.9623999996556,172.23545996018538,0,7.9921503274439898,0.99973124913058575,0,0.023182526001251137,0,0,-5.6313444939600729e-13,0
3,517.26236400003756,0,3.4815446567679289e-10,3051.9623999996529,172.23545996018558,0,7.9921503274439436,0.99973124913058586,0,0.023182526001248319,0,0,-5.6437736445666288e-13,0
3.0099999999999998,518.9865718800379,0,3.5080419494929434e-10,3051.9623999996502,172.23545996018578,0,7.9921503274438956,0.99973124913058597,0,0.023182526001245495,0,0,-5.6558519378118443e-13,0
3.02,520.71077976003824,0,3.534630877670856e-10,3051.9623999996475,172.23545996018598,0,7.9921503274438468,0.99973124913058609,0,0.023182526001242664,0,0,-5.6675746302033432e-13,0
3.0299999999999998,522.43498764003857,0,3.5613116634576496e-10,3051.9623999996447,172.23545996018618,0,7.9921503274437962,0.99973124913058609,0,0.02318252600123983,0,0,-5.6789567038586523e-13,0
3.04,524.15919552003891,0,3.5880844105751521e-10,3051.962399999642,172.23545996018638,0,7.9921503274437438,0.99973124913058609,0,0.023182526001236985,0,0,-5.6899962869478384e-13,0
3.0499999999999998,525.88340340003924,0,3.6149489712890058e-10,3051.9623999996393,172.23545996018657,0,7.9921503274436896,0.9997312491305862,0,0.023182526001234136,0,0,-5.7006846194122297e-13,0
3.0600000000000001,527.60761128003958,0,3.6419056269581085e-10,3051.9623999996365,172.23545996018677,0,7.9921503274436345,0.99973124913058631,0,0.023182526001231284,0,0,-5.7110081426520365e-13,0
3.0699999999999998,529.33181916003991,0,3.6689542000685202e-10,3051.9623999996338,172.23545996018697,0,7.9921503274435786,0.99973124913058642,0,0.023182526001228426,0,0,-5.7209946638485551e-13,0
3.0800000000000001,531.05602704004025,0,3.6960948683673026e-10,3051.9623999996311,172.23545996018717,0,7.9921503274435208,0.99973124913058642,0,0.023182526001225563,0,0,-5.7306246063537363e-13,0
3.0899999999999999,532.78023492004058,0,3.7233275580028573e-10,3051.9623999996284,172.23545996018737,0,7.9921503274434622,0.99973124913058642,0,0.023182526001222694,0,0,-5.7399060736679612e-13,0
3.0999999999999996,534.50444280004092,0,3.7506523282942979e-10,3051.9623999996256,172.23545996018757,0,7.9921503274434027,0.99973124913058653,0,0.023182526001219821,0,0,-5.748847070516649e-13,0
3.1099999999999999,536.22865068004126,0,3.7780694606095018e-10,3051.9623999996229,172.23545996018777,0,7.9921503274433414,0.99973124913058664,0,0.023182526001216945,0,0,-5.7574447271560895e-13,0
3.1199999999999997,537.95285856004159,0,3.8055787774615301e-10,3051.9623999996202,172.23545996018797,0,7.9921503274432792,0.99973124913058675,0,0.023182526001214065,0,0,-5.7656952648531564e-13,0
3.1299999999999999,539.67706644004193,0,3.8331803233492251e-10,3051.9623999996174,172.23545996018817,0,7.9921503274432162,0.99973124913058675,0,0.023182526001211182,0,0,-5.7736076462525652e-13,0
3.1399999999999997,541.40127432004226,0,3.8608741871914411e-10,3051.9623999996147,172.23545996018836,0,7.9921503274431522,0.99973124913058675,0,0.023182526001208292,0,0,-5.7811730990177887e-13,0
3.1499999999999999,543.1254822000426,0,3.888660324683703e-10,3051.962399999612,172.23545996018856,0,7.9921503274430874,0.99973124913058686,0,0.023182526001205402,0,0,-5.7883967038773744e-13,0
3.1599999999999997,544.84969008004293,0,3.916538898729297e-10,3051.9623999996093,172.23545996018876,0,7.9921503274430226,0.99973124913058697,0,0.023182526001202509,0,0,-5.7953031265094252e-13,0
3.1699999999999999,546.57389796004327,0,3.9445098353237207e-10,3051.9623999996065,172.23545996018899,0,7.9921503274429568,0.99973124913058709,0,0.023182526001199612,0,0,-5.8018735657962649e-13,0
3.1799999999999997,548.2981058400436,0,3.9725731197594671e-10,3051.9623999996038,172.23545996018922,0,7.9921503274428902,0.99973124913058709,0,0.023182526001196711,0,0,-5.808111999407327e-13,0
3.1899999999999999,550.02231372004394,0,4.0007288409553903e-10,3051.9623999996011,172.23545996018944,0,7.9921503274428227,0.99973124913058709,0,0.023182526001193804,0,0,-5.8140184628837211e-13,0
3.1999999999999997,551.74652160004439,0,4.0289769693940781e-10,3051.9623999995983,172.23545996018967,0,7.9921503274427552,0.9997312491305872,0,0.023182526001190897,0,0,-5.8195958927869089e-13,0
3.21,553.47072948004484,0,4.0573177566693696e-10,3051.9623999995956,172.2354599601899,0,7.9921503274426868,0.99973124913058731,0,0.023182526001187986,0,0,-5.8248501977789866e-13,0
3.2199999999999998,555.19493736004529,0,4.0857510697239786e-10,3051.9623999995929,172.23545996019013,0,7.9921503274426184,0.99973124913058742,0,0.023182526001185071,0,0,-5.8297852319846471e-13,0
3.23,556.91914524004574,0,4.1142770121206221e-10,3051.9623999995902,172.23545996019035,0,7.9921503274425501,0.99973124913058742,0,0.023182526001182157,0,0,-5.8344009084636233e-13,0
3.2399999999999998,558.64335312004619,0,4.1428955394925667e-10,3051.9623999995874,172.23545996019058,0,7.9921503274424808,0.99973124913058742,0,0.023182526001179236,0,0,-5.8387030054371422e-13,0
3.25,560.36756100004663,0,4.1716068295550523e-10,3051.9623999995847,172.23545996019081,0,7.9921503274424115,0.99973124913058753,0,0.023182526001176314,0,0,-5.8426894274072625e-13,0
3.2599999999999998,562.09176888004708,0,4.2004110302797163e-10,3051.962399999582,172.23545996019104,0,7.9921503274423422,0.99973124913058764,0,0.023182526001173393,0,0,-5.8463738036201558e-13,0
3.27,563.81597676004753,0,4.2293079641048846e-10,3051.9623999995792,172.23545996019126,0,7.9921503274422721,0.99973124913058775,0,0.023182526001170468,0,0,-5.8497558757615401e-13,0
3.2799999999999998,565.54018464004798,0,4.2582978086876977e-10,3051.9623999995765,172.23545996019149,0,7.9921503274422019,0.99973124913058775,0,0.023182526001167544,0,0,-5.8528334212469755e-13,0
3.29,567.26439252004843,0,4.2873805641007802e-10,3051.9623999995738,172.23545996019172,0,7.9921503274421317,0.99973124913058775,0,0.023182526001164615,0,0,-5.8556160454820089e-13,0
3.2999999999999998,568.98860040004888,0,4.3165561858625865e-10,3051.9623999995711,172.23545996019195,0,7.9921503274420616,0.99973124913058786,0,0.023182526001161687,0,0,-5.8581053930987836e-13,0
3.3100000000000001,570.71280828004933,0,4.3458248368639264e-10,3051.9623999995683,172.23545996019217,0,7.9921503274419914,0.99973124913058797,0,0.023182526001158759,0,0,-5.860307053649032e-13,0
3.3199999999999998,572.43701616004978,0,4.3751864726218679e-10,3051.9623999995656,172.2354599601924,0,7.9921503274419221,0.99973124913058808,0,0.023182526001155831,0,0,-5.8622314435238731e-13,0
3.3300000000000001,574.16122404005023,0,4.404641063509008e-10,3051.9623999995629,172.23545996019263,0,7.9921503274418528,0.9997312491305882,0,0.023182526001152899,0,0,-5.8638702081989103e-13,0
3.3399999999999999,575.88543192005068,0,4.4341888167669777e-10,3051.9623999995601,172.23545996019286,0,7.9921503274417836,0.99973124913058808,0,0.023182526001149964,0,0,-5.8652377228136627e-13,0
3.3499999999999996,577.60963980005113,0,4.4638299099733621e-10,3051.962399999557,172.23545996019308,0,7.9921503274417143,0.9997312491305882,0,0.023182526001147032,0,0,-5.8663344242502192e-13,0
3.3599999999999999,579.33384768005158,0,4.4935642099594972e-10,3051.9623999995538,172.23545996019331,0,7.992150327441645,0.99973124913058831,0,0.023182526001144101,0,0,-5.8671706046992921e-13,0
3.3699999999999997,581.05805556005203,0,4.523391613030557e-10,3051.9623999995506,172.23545996019354,0,7.9921503274415766,0.99973124913058842,0,0.023182526001141169,0,0,-5.8677426897997002e-13,0
3.3799999999999999,582.78226344005247,0,4.5533122227686031e-10,3051.9623999995474,172.23545996019377,0,7.9921503274415082,0.99973124913058853,0,0.023182526001138237,0,0,-5.8680628607263763e-13,0
3.3899999999999997,584.50647132005292,0,4.5833262315237585e-10,3051.9623999995442,172.23545996019399,0,7.9921503274414407,0.99973124913058842,0,0.023182526001135302,0,0,-5.8681284627300914e-13,0
3.3999999999999999,586.23067920005337,0,4.6134335504885472e-10,3051.962399999541,172.23545996019422,0,7.9921503274413732,0.99973124913058853,0,0.02318252600113237,0,0,-5.8679476500691674e-13,0
3.4099999999999997,587.95488708005382,0,4.6436343720435272e-10,3051.9623999995379,172.23545996019445,0,7.9921503274413057,0.99973124913058864,0,0.023182526001129439,0,0,-5.8675275517087804e-13,0
3.4199999999999999,589.67909496005427,0,4.673928459351486e-10,3051.9623999995347,172.23545996019467,0,7.9921503274412391,0.99973124913058875,0,0.023182526001126507,0,0,-5.8668673667991659e-13,0
3.4299999999999997,591.40330284005472,0,4.7043159603466933e-10,3051.9623999995315,172.2354599601949,0,7.9921503274411734,0.99973124913058886,0,0.023182526001123575,0,0,-5.8659741238638097e-13,0
3.4399999999999999,593.12751072005517,0,4.7347970377560264e-10,3051.9623999995283,172.23545996019513,0,7.9921503274411076,0.99973124913058886,0,0.023182526001120644,0,0,-5.86485582030907e-13,0
3.4499999999999997,594.85171860005562,0,4.7653715880008586e-10,3051.9623999995251,172.23545996019536,0,7.9921503274410428,0.99973124913058886,0,0.023182526001117709,0,0,-5.8635164314955741e-13,0
3.46,596.57592648005607,0,4.7960399661353478e-10,3051.9623999995219,172.23545996019558,0,7.9921503274409789,0.99973124913058897,0,0.023182526001114777,0,0,-5.8619589096060008e-13,0
3.4699999999999998,598.30013436005652,0,4.8268019501716014e-10,3051.9623999995188,172.23545996019581,0,7.9921503274409149,0.99973124913058908,0,0.023182526001111849,0,0,-5.8601871769847606e-13,0
3.48,600.02434224005697,0,4.8576575695952095e-10,3051.9623999995156,172.23545996019604,0,7.9921503274408519,0.99973124913058919,0,0.02318252600110892,0,0,-5.8582080487521409e-13,0
3.4899999999999998,601.74855012005742,0,4.8886068243688043e-10,3051.9623999995124,172.23545996019627,0,7.9921503274407897,0.99973124913058919,0,0.023182526001105992,0,0,-5.8560381384077337e-13,0
3.5,603.47275800005787,0,4.9196499512182204e-10,3051.9623999995092,172.23545996019649,0,7.9921503274407284,0.99973124913058919,0,0.023182526001103061,0,0,-5.8536594656299947e-13,0
3.5099999999999998,605.19696588005831,0,4.9507868760434894e-10,3051.962399999506,172.23545996019672,0,7.9921503274406671,0.99973124913058931,0,0.023182526001100136,0,0,-5.8510916103502915e-13,0
3.52,606.92117376005876,0,4.9820175248774769e-10,3051.9623999995028,172.23545996019695,0,7.9921503274406067,0.99973124913058942,0,0.023182526001097211,0,0,-5.8483362611616979e-13,0
3.5299999999999998,608.64538164005921,0,5.0133420011556092e-10,3051.9623999994997,172.23545996019718,0,7.9921503274405472,0.99973124913058953,0,0.02318252600109429,0,0,-5.8454049066753844e-13,0
3.54,610.36958952005966,0,5.0447602308256512e-10,3051.9623999994965,172.2354599601974,0,7.9921503274404886,0.99973124913058953,0,0.023182526001091368,0,0,-5.8422922569742421e-13,0
3.5499999999999998,612.09379740006011,0,5.0762724801875632e-10,3051.9623999994933,172.23545996019763,0,7.9921503274404309,0.99973124913058953,0,0.023182526001088444,0,0,-5.839007769951129e-13,0
3.5600000000000001,613.81800528006056,0,5.1078786159917383e-10,3051.9623999994901,172.23545996019786,0,7.992150327440374,0.99973124913058964,0,0.023182526001085526,0,0,-5.8355648228392354e-13,0
3.5699999999999998,615.54221316006101,0,5.1395788009027975e-10,3051.9623999994869,172.23545996019809,0,7.9921503274403181,0.99973124913058975,0,0.023182526001082608,0,0,-5.8319480569393592e-13,0
3.5800000000000001,617.26642104006146,0,5.1713729164595837e-10,3051.9623999994838,172.23545996019831,0,7.992150327440263,0.99973124913058986,0,0.023182526001079694,0,0,-5.8281767667398546e-13,0
3.5899999999999999,618.99062892006191,0,5.203261140144215e-10,3051.9623999994806,172.23545996019854,0,7.9921503274402088,0.99973124913058986,0,0.023182526001076783,0,0,-5.8242542892510222e-13,0
3.5999999999999996,620.71483680006236,0,5.2352433238895874e-10,3051.9623999994774,172.23545996019877,0,7.9921503274401555,0.99973124913058986,0,0.023182526001073869,0,0,-5.8201878471005317e-13,0
3.6099999999999999,622.43904468006281,0,5.2673194972061809e-10,3051.9623999994742,172.23545996019899,0,7.9921503274401031,0.99973124913058997,0,0.023182526001070961,0,0,-5.8159738397041575e-13,0
3.6199999999999997,624.16325256006326,0,5.2994898671820617e-10,3051.962399999471,172.23545996019922,0,7.9921503274400516,0.99973124913059008,0,0.023182526001068054,0,0,-5.8116214416075409e-13,0
3.6299999999999999,625.88746044006371,0,5.331754256158703e-10,3051.9623999994678,172.23545996019945,0,7.992150327440001,0.99973124913059019,0,0.02318252600106515,0,0,-5.8071387665094514e-13,0
3.6399999999999997,627.61166832006415,0,5.3641126935739614e-10,3051.9623999994647,172.23545996019968,0,7.9921503274399512,0.99973124913059019,0,0.023182526001062249,0,0,-5.8025240319036105e-13,0
3.6499999999999999,629.3358762000646,0,5.3965652386023632e-10,3051.9623999994615,172.2354599601999,0,7.9921503274399024,0.99973124913059019,0,0.023182526001059345,0,0,-5.7977941488996313e-13,0
3.6599999999999997,631.06008408006505,0,5.4291119354833534e-10,3051.9623999994583,172.23545996020013,0,7.9921503274398553,0.9997312491305903,0,0.023182526001056449,0,0,-5.7929501364420083e-13,0
3.6699999999999999,632.7842919600655,0,5.4617527988711604e-10,3051.9623999994551,172.23545996020036,0,7.9921503274398091,0.99973124913059042,0,0.023182526001053555,0,0,-5.7879910642915065e-13,0
3.6799999999999997,634.50849984006595,0,5.4944877843250405e-10,3051.9623999994519,172.23545996020059,0,7.9921503274397638,0.99973124913059053,0,0.023182526001050661,0,0,-5.7829248291687826e-13,0
3.6899999999999999,636.2327077200664,0,5.5273170840664415e-10,3051.9623999994487,172.23545996020081,0,7.9921503274397194,0.99973124913059053,0,0.023182526001047771,0,0,-5.7777504121684384e-13,0
3.6999999999999997,637.95691560006685,0,5.5602405648775803e-10,3051.9623999994456,172.23545996020104,0,7.9921503274396759,0.99973124913059053,0,0.023182526001044881,0,0,-5.7724786380785329e-13,0
3.71,639.68112348006741,0,5.5932582561963126e-10,3051.9623999994424,172.23545996020127,0,7.9921503274396333,0.99973124913059064,0,0.023182526001041998,0,0,-5.7671142914618646e-13,0
3.7199999999999998,641.40533136006798,0,5.6263702319524071e-10,3051.9623999994392,172.2354599602015,0,7.9921503274395924,0.99973124913059075,0,0.023182526001039115,0,0,-5.7616611439538273e-13,0
3.73,643.12953924006854,0,5.6595764328225909e-10,3051.962399999436,172.23545996020175,0,7.9921503274395524,0.99973124913059086,0,0.023182526001036236,0,0,-5.756118039244391e-13,0
3.7399999999999998,644.8537471200691,0,5.6928767697718117e-10,3051.9623999994328,172.23545996020201,0,7.9921503274395134,0.99973124913059097,0,0.023182526001033359,0,0,-5.7504995285297848e-13,0
3.75,646.57795500006966,0,5.7262711984001273e-10,3051.9623999994296,172.23545996020226,0,7.9921503274394752,0.99973124913059086,0,0.023182526001030483,0,0,-5.7448003851605124e-13,0
3.7599999999999998,648.30216288007023,0,5.7597598961751317e-10,3051.9623999994265,172.23545996020252,0,7.9921503274394379,0.99973124913059097,0,0.023182526001027614,0,0,-5.7390183922249615e-13,0
3.77,650.02637076007079,0,5.7933426558178268e-10,3051.9623999994233,172.23545996020277,0,7.9921503274394015,0.99973124913059108,0,0.023182526001024748,0,0,-5.733170021687245e-13,0
3.7799999999999998,651.75057864007135,0,5.8270194476108867e-10,3051.9623999994201,172.23545996020303,0,7.9921503274393668,0.99973124913059119,0,0.023182526001021882,0,0,-5.7272548606752255e-13,0
3.79,653.47478652007192,0,5.8607904933339729e-10,3051.9623999994169,172.23545996020329,0,7.9921503274393331,0.9997312491305913,0,0.02318252600101902,0,0,-5.7212705863600513e-13,0
3.7999999999999998,655.19899440007248,0,5.8946556153922027e-10,3051.9623999994137,172.23545996020354,0,7.9921503274393002,0.99973124913059119,0,0.023182526001016158,0,0,-5.7152413966952232e-13,0
3.8100000000000001,656.92320228007304,0,5.9286149911895258e-10,3051.9623999994105,172.2354599602038,0,7.9921503274392682,0.9997312491305913,0,0.023182526001013302,0,0,-5.7091470393173942e-13,0
3.8199999999999998,658.6474101600736,0,5.9626684874936328e-10,3051.9623999994074,172.23545996020405,0,7.9921503274392371,0.99973124913059142,0,0.023182526001010451,0,0,-5.7030067825636267e-13,0
3.8300000000000001,660.37161804007417,0,5.9968160746031106e-10,3051.9623999994037,172.23545996020431,0,7.9921503274392069,0.99973124913059153,0,0.023182526001007602,0,0,-5.6968249868931241e-13,0
3.8399999999999999,662.09582592007473,0,6.0310577227107129e-10,3051.9623999994001,172.23545996020457,0,7.9921503274391785,0.99973124913059153,0,0.023182526001004757,0,0,-5.6906000300789447e-13,0
3.8499999999999996,663.82003380007529,0,6.0653935057925541e-10,3051.9623999993964,172.23545996020482,0,7.992150327439151,0.99973124913059153,0,0.023182526001001912,0,0,-5.6843283818764604e-13,0
3.8599999999999999,665.54424168007586,0,6.0998233348571556e-10,3051.9623999993928,172.23545996020508,0,7.9921503274391243,0.99973124913059164,0,0.023182526000999071,0,0,-5.6780291369353542e-13,0
3.8699999999999997,667.26844956007642,0,6.1343475058422483e-10,3051.9623999993892,172.23545996020533,0,7.9921503274390986,0.99973124913059175,0,0.023182526000996233,0,0,-5.6716966242516479e-13,0
3.8799999999999999,668.99265744007698,0,6.1689657374684893e-10,3051.9623999993855,172.23545996020559,0,7.9921503274390737,0.99973124913059186,0,0.023182526000993398,0,0,-5.6653360880127287e-13,0
3.8899999999999997,670.71686532007755,0,6.2036781627786396e-10,3051.9623999993819,172.23545996020584,0,7.9921503274390506,0.99973124913059186,0,0.023182526000990567,0,0,-5.6589477607514351e-13,0
3.8999999999999999,672.44107320007811,0,6.238484737246855e-10,3051.9623999993782,172.2354599602061,0,7.9921503274390284,0.99973124913059186,0,0.023182526000987736,0,0,-5.6525446775495574e-13,0
3.9099999999999997,674.16528108007867,0,6.2733854311544243e-10,3051.9623999993746,172.23545996020636,0,7.9921503274390071,0.99973124913059197,0,0.023182526000984912,0,0,-5.6461338398244554e-13,0
3.9199999999999999,675.88948896007923,0,6.3083803628206915e-10,3051.962399999371,172.23545996020661,0,7.9921503274389867,0.99973124913059208,0,0.023182526000982091,0,0,-5.639697644251588e-13,0
3.9299999999999997,677.6136968400798,0,6.3434692952970652e-10,3051.9623999993673,172.23545996020687,0,7.9921503274389671,0.99973124913059219,0,0.023182526000979274,0,0,-5.6332589105481528e-13,0
3.9399999999999999,679.33790472008036,0,6.3786522729288223e-10,3051.9623999993637,172.23545996020712,0,7.9921503274389485,0.99973124913059219,0,0.02318252600097646,0,0,-5.6268098039597494e-13,0
3.9499999999999997,681.06211260008092,0,6.4139293251683434e-10,3051.9623999993601,172.23545996020738,0,7.9921503274389307,0.99973124913059219,0,0.023182526000973647,0,0,-5.6203592621741677e-13,0
3.96,682.78632048008149,0,6.4493003039630502e-10,3051.9623999993564,172.23545996020763,0,7.9921503274389138,0.9997312491305923,0,0.02318252600097084,0,0,-5.6139161519213798e-13,0
3.9699999999999998,684.51052836008205,0,6.4847652092029502e-10,3051.9623999993528,172.23545996020789,0,7.9921503274388979,0.99973124913059241,0,0.023182526000968037,0,0,-5.6074646656066223e-13,0
3.98,686.23473624008261,0,6.5203240555215416e-10,3051.9623999993491,172.23545996020815,0,7.9921503274388837,0.99973124913059253,0,0.023182526000965237,0,0,-5.6010265277587578e-13,0
3.9899999999999998,687.95894412008317,0,6.5559768280134516e-10,3051.9623999993455,172.2354599602084,0,7.9921503274388703,0.99973124913059253,0,0.023182526000962437,0,0,-5.5945976596762119e-13,0
4,689.68315200008374,0,6.5917237633844455e-10,3051.9623999993419,172.23545996020866,0,7.9921503274388579,0.99973124913059253,0,0.023182526000959637,0,0,-5.5881740719565712e-13,0
4.0099999999999998,691.4073598800843,0,6.6275648615446015e-10,3051.9623999993382,172.23545996020891,0,7.9921503274388463,0.99973124913059264,0,0.023182526000956844,0,0,-5.5817645449425899e-13,0
4.0199999999999996,693.13156776008486,0,6.6634998855598536e-10,3051.9623999993346,172.23545996020917,0,7.9921503274388357,0.99973124913059275,0,0.023182526000954055,0,0,-5.575381757798817e-13,0
4.0300000000000002,694.85577564008543,0,6.6995288057779078e-10,3051.962399999331,172.23545996020943,0,7.9921503274388259,0.99973124913059286,0,0.023182526000951269,0,0,-5.5690185845528011e-13,0
4.04,696.57998352008599,0,6.7356516663904748e-10,3051.9623999993273,172.23545996020968,0,7.992150327438817,0.99973124913059275,0,0.023182526000948483,0,0,-5.5626659785885366e-13,0
4.0499999999999998,698.30419140008655,0,6.7718684230294362e-10,3051.9623999993237,172.23545996020994,0,7.992150327438809,0.99973124913059286,0,0.023182526000945704,0,0,-5.5563435375955539e-13,0
4.0599999999999996,700.02839928008711,0,6.8081791939449446e-10,3051.96239999932,172.23545996021019,0,7.9921503274388019,0.99973124913059297,0,0.023182526000942928,0,0,-5.5500401542475338e-13,0
4.0700000000000003,701.75260716008768,0,6.844583816214368e-10,3051.9623999993164,172.23545996021045,0,7.9921503274387957,0.99973124913059308,0,0.023182526000940156,0,0,-5.5437753416372664e-13,0
4.0800000000000001,703.47681504008824,0,6.8810821417214826e-10,3051.9623999993128,172.2354599602107,0,7.9921503274387904,0.99973124913059319,0,0.023182526000937387,0,0,-5.5375408893155679e-13,0
4.0899999999999999,705.2010229200888,0,6.9176742296318374e-10,3051.9623999993091,172.23545996021096,0,7.992150327438786,0.99973124913059308,0,0.023182526000934619,0,0,-5.5313443748936199e-13,0
4.0999999999999996,706.92523080008937,0,6.9543601389878485e-10,3051.9623999993055,172.23545996021122,0,7.9921503274387815,0.99973124913059319,0,0.023182526000931857,0,0,-5.5251805565792452e-13,0
4.1099999999999994,708.64943868008993,0,6.9911397070135195e-10,3051.9623999993019,172.23545996021147,0,7.992150327438778,0.9997312491305933,0,0.023182526000929096,0,0,-5.5190619207588927e-13,0
4.1200000000000001,710.37364656009049,0,7.0280129484163573e-10,3051.9623999992982,172.23545996021173,0,7.9921503274387753,0.99973124913059341,0,0.023182526000926337,0,0,-5.5129782402099776e-13,0
4.1299999999999999,712.09785444009106,0,7.0649798778312445e-10,3051.9623999992946,172.23545996021198,0,7.9921503274387735,0.99973124913059341,0,0.023182526000923583,0,0,-5.5069321307231143e-13,0
4.1399999999999997,713.82206232009162,0,7.1020404952208134e-10,3051.9623999992909,172.23545996021224,0,7.9921503274387726,0.99973124913059341,0,0.023182526000920828,0,0,-5.5009242710997883e-13,0
4.1499999999999995,715.54627020009218,0,7.1391946820803332e-10,3051.9623999992873,172.23545996021249,0,7.9921503274387726,0.99973124913059352,0,0.02318252600091808,0,0,-5.4949710048211066e-13,0
4.1600000000000001,717.27047808009286,0,7.1764425715583983e-10,3051.9623999992837,172.23545996021275,0,7.9921503274387735,0.99973124913059364,0,0.023182526000915336,0,0,-5.4890600717234551e-13,0
4.1699999999999999,718.99468596009353,0,7.2137839858021133e-10,3051.96239999928,172.23545996021301,0,7.9921503274387753,0.99973124913059375,0,0.023182526000912595,0,0,-5.4832136961616171e-13,0
4.1799999999999997,720.71889384009421,0,7.2512189692771127e-10,3051.9623999992764,172.23545996021326,0,7.9921503274387771,0.99973124913059375,0,0.023182526000909854,0,0,-5.4774027824446116e-13,0
4.1899999999999995,722.44310172009489,0,7.288747462723769e-10,3051.9623999992727,172.23545996021352,0,7.9921503274387797,0.99973124913059375,0,0.023182526000907113,0,0,-5.4716447307126727e-13,0
4.2000000000000002,724.16730960009556,0,7.326369688018596e-10,3051.9623999992691,172.23545996021377,0,7.9921503274387833,0.99973124913059386,0,0.023182526000904379,0,0,-5.4659429758095307e-13,0
4.21,725.89151748009624,0,7.3640852898846803e-10,3051.9623999992655,172.23545996021403,0,7.9921503274387877,0.99973124913059397,0,0.023182526000901649,0,0,-5.4603009748157169e-13,0
4.2199999999999998,727.61572536009692,0,7.4018942385714879e-10,3051.9623999992618,172.23545996021429,0,7.9921503274387922,0.99973124913059408,0,0.023182526000898922,0,0,-5.454711289420176e-13,0
4.2299999999999995,729.33993324009759,0,7.4397964897351295e-10,3051.9623999992582,172.23545996021454,0,7.9921503274387975,0.99973124913059397,0,0.023182526000896195,0,0,-5.4491724826143406e-13,0
4.2400000000000002,731.06414112009827,0,7.4777921616299174e-10,3051.9623999992546,172.2354599602148,0,7.9921503274388037,0.99973124913059408,0,0.023182526000893471,0,0,-5.44369885388792e-13,0
4.25,732.78834900009895,0,7.5158812541693636e-10,3051.9623999992509,172.23545996021505,0,7.9921503274388108,0.99973124913059419,0,0.023182526000890751,0,0,-5.4382829253320413e-13,0
4.2599999999999998,734.51255688009962,0,7.5540636489137683e-10,3051.9623999992473,172.23545996021531,0,7.9921503274388179,0.9997312491305943,0,0.023182526000888035,0,0,-5.432926148478623e-13,0
4.2699999999999996,736.2367647601003,0,7.5923392569567542e-10,3051.9623999992436,172.23545996021556,0,7.9921503274388259,0.9997312491305943,0,0.023182526000885322,0,0,-5.4276368581033285e-13,0
4.2800000000000002,737.96097264010098,0,7.6307080633943361e-10,3051.96239999924,172.23545996021582,0,7.9921503274388348,0.9997312491305943,0,0.023182526000882605,0,0,-5.4224036225814482e-13,0
4.29,739.68518052010165,0,7.6691700978310755e-10,3051.9623999992364,172.23545996021608,0,7.9921503274388437,0.99973124913059441,0,0.023182526000879895,0,0,-5.4172328289381418e-13,0
4.2999999999999998,741.40938840010233,0,7.7077253602510605e-10,3051.9623999992327,172.23545996021633,0,7.9921503274388535,0.99973124913059452,0,0.023182526000877189,0,0,-5.4121258952381859e-13,0
4.3099999999999996,743.13359628010301,0,7.7463737616206253e-10,3051.9623999992291,172.23545996021659,0,7.9921503274388632,0.99973124913059463,0,0.023182526000874486,0,0,-5.4070891300657664e-13,0
4.3200000000000003,744.85780416010368,0,7.7851151984247863e-10,3051.962399999225,172.23545996021684,0,7.9921503274388739,0.99973124913059452,0,0.02318252600087178,0,0,-5.4021199229224383e-13,0
4.3300000000000001,746.58201204010436,0,7.823949714991523e-10,3051.9623999992209,172.2354599602171,0,7.9921503274388854,0.99973124913059463,0,0.023182526000869081,0,0,-5.3972098310400923e-13,0
4.3399999999999999,748.30621992010504,0,7.8628774000272995e-10,3051.9623999992168,172.23545996021738,0,7.992150327438897,0.99973124913059475,0,0.023182526000866385,0,0,-5.3923691208325169e-13,0
4.3499999999999996,750.03042780010571,0,7.9018978833692394e-10,3051.9623999992127,172.23545996021767,0,7.9921503274389094,0.99973124913059486,0,0.02318252600086369,0,0,-5.3876001360398635e-13,0
4.3600000000000003,751.75463568010639,0,7.9410112982544715e-10,3051.9623999992086,172.23545996021795,0,7.9921503274389218,0.99973124913059486,0,0.023182526000860997,0,0,-5.3828973157065272e-13,0
4.3700000000000001,753.47884356010707,0,7.9802175114548472e-10,3051.9623999992045,172.23545996021824,0,7.9921503274389352,0.99973124913059486,0,0.023182526000858305,0,0,-5.3782600692797686e-13,0
4.3799999999999999,755.20305144010774,0,8.0195163600581001e-10,3051.9623999992004,172.23545996021852,0,7.9921503274389485,0.99973124913059497,0,0.023182526000855616,0,0,-5.3736878114778439e-13,0
4.3899999999999997,756.92725932010842,0,8.0589082140023028e-10,3051.9623999991964,172.2354599602188,0,7.9921503274389618,0.99973124913059508,0,0.023182526000852931,0,0,-5.3691799622429568e-13,0
4.3999999999999995,758.6514672001091,0,8.0983926441070516e-10,3051.9623999991923,172.23545996021909,0,7.992150327438976,0.99973124913059519,0,0.023182526000850249,0,0,-5.3647359466946334e-13,0
4.4100000000000001,760.37567508010977,0,8.1379695910954216e-10,3051.9623999991882,172.23545996021937,0,7.9921503274389902,0.99973124913059519,0,0.023182526000847567,0,0,-5.3603463411634323e-13,0
4.4199999999999999,762.09988296011045,0,8.1776391585723172e-10,3051.9623999991841,172.23545996021966,0,7.9921503274390053,0.99973124913059519,0,0.023182526000844885,0,0,-5.3560224858343386e-13,0
4.4299999999999997,763.82409084011113,0,8.217401420368605e-10,3051.96239999918,172.23545996021994,0,7.9921503274390204,0.9997312491305953,0,0.02318252600084221,0,0,-5.3517755491097306e-13,0
4.4399999999999995,765.5482987201118,0,8.2572560952858852e-10,3051.9623999991759,172.23545996022023,0,7.9921503274390355,0.99973124913059541,0,0.023182526000839535,0,0,-5.3475852052975965e-13,0
4.4500000000000002,767.27250660011248,0,8.2972031389456716e-10,3051.9623999991718,172.23545996022051,0,7.9921503274390515,0.99973124913059552,0,0.023182526000836864,0,0,-5.343465702884299e-13,0
4.46,768.99671448011316,0,8.3372425808743563e-10,3051.9623999991677,172.23545996022079,0,7.9921503274390675,0.99973124913059541,0,0.023182526000834189,0,0,-5.3394124588292505e-13,0
4.4699999999999998,770.72092236011383,0,8.377374509817158e-10,3051.9623999991636,172.23545996022108,0,7.9921503274390835,0.99973124913059552,0,0.023182526000831521,0,0,-5.3354327655974673e-13,0
4.4799999999999995,772.44513024011451,0,8.4175988073924747e-10,3051.9623999991595,172.23545996022136,0,7.9921503274391004,0.99973124913059563,0,0.023182526000828856,0,0,-5.3315141497409975e-13,0
4.4900000000000002,774.16933812011519,0,8.4579152958995925e-10,3051.9623999991554,172.23545996022165,0,7.9921503274391172,0.99973124913059574,0,0.023182526000826192,0,0,-5.3276531383271417e-13,0
4.5,775.89354600011586,0,8.4983241381075763e-10,3051.9623999991513,172.23545996022193,0,7.9921503274391341,0.99973124913059574,0,0.023182526000823531,0,0,-5.323865910902934e-13,0
4.5099999999999998,777.61775388011654,0,8.5388251564298619e-10,3051.9623999991472,172.23545996022222,0,7.992150327439151,0.99973124913059574,0,0.023182526000820866,0,0,-5.3201498511473173e-13,0
4.5199999999999996,779.34196176011721,0,8.5794184692162296e-10,3051.9623999991431,172.2354599602225,0,7.9921503274391688,0.99973124913059586,0,0.023182526000818209,0,0,-5.3164935122105449e-13,0
4.5300000000000002,781.06616964011789,0,8.6201038692181153e-10,3051.9623999991391,172.23545996022278,0,7.9921503274391865,0.99973124913059597,0,0.023182526000815551,0,0,-5.312909139269245e-13,0
4.54,782.79037752011857,0,8.6608812676176771e-10,3051.962399999135,172.23545996022307,0,7.9921503274392043,0.99973124913059608,0,0.023182526000812897,0,0,-5.3093833029566632e-13,0
4.5499999999999998,784.51458540011924,0,8.7017506052030209e-10,3051.9623999991309,172.23545996022335,0,7.992150327439222,0.99973124913059597,0,0.023182526000810239,0,0,-5.305914501922485e-13,0
4.5599999999999996,786.23879328011992,0,8.7427120595953056e-10,3051.9623999991268,172.23545996022364,0,7.9921503274392398,0.99973124913059608,0,0.023182526000807589,0,0,-5.302523868049051e-13,0
4.5700000000000003,787.96300116012071,0,8.7837654826907841e-10,3051.9623999991227,172.23545996022392,0,7.9921503274392585,0.99973124913059619,0,0.023182526000804938,0,0,-5.2991929781814829e-13,0
4.5800000000000001,789.6872090401215,0,8.8249108596795506e-10,3051.9623999991186,172.2354599602242,0,7.9921503274392771,0.9997312491305963,0,0.023182526000802291,0,0,-5.2959223220317999e-13,0
4.5899999999999999,791.41141692012229,0,8.8661480425318692e-10,3051.9623999991145,172.23545996022449,0,7.9921503274392958,0.9997312491305963,0,0.023182526000799644,0,0,-5.2927093601827886e-13,0
4.5999999999999996,793.13562480012308,0,8.907476986806997e-10,3051.9623999991104,172.23545996022477,0,7.9921503274393144,0.9997312491305963,0,0.023182526000796996,0,0,-5.289565394610844e-13,0
4.6100000000000003,794.85983268012387,0,8.9488979144769149e-10,3051.9623999991063,172.23545996022506,0,7.9921503274393331,0.99973124913059641,0,0.023182526000794353,0,0,-5.286480946791608e-13,0
4.6200000000000001,796.58404056012466,0,8.9904104999661234e-10,3051.9623999991022,172.23545996022534,0,7.9921503274393517,0.99973124913059652,0,0.023182526000791712,0,0,-5.2834643658649072e-13,0
4.6299999999999999,798.30824844012545,0,9.0320146544713047e-10,3051.9623999990981,172.23545996022563,0,7.9921503274393704,0.99973124913059663,0,0.023182526000789072,0,0,-5.2804953364432536e-13,0
4.6399999999999997,800.03245632012624,0,9.073710333567628e-10,3051.962399999094,172.23545996022591,0,7.9921503274393899,0.99973124913059652,0,0.023182526000786428,0,0,-5.2775911683524709e-13,0
4.6499999999999995,801.75666420012703,0,9.1154977592201423e-10,3051.9623999990899,172.23545996022619,0,7.9921503274394095,0.99973124913059663,0,0.023182526000783792,0,0,-5.2747512562236304e-13,0
4.6600000000000001,803.48087208012782,0,9.1573769313562233e-10,3051.9623999990858,172.23545996022648,0,7.992150327439429,0.99973124913059674,0,0.023182526000781155,0,0,-5.2719583328412369e-13,0
4.6699999999999999,805.20507996012861,0,9.1993476575953128e-10,3051.9623999990818,172.23545996022676,0,7.9921503274394485,0.99973124913059686,0,0.023182526000778522,0,0,-5.2692365475431057e-13,0
4.6799999999999997,806.9292878401294,0,9.241409804725172e-10,3051.9623999990777,172.23545996022705,0,7.9921503274394681,0.99973124913059686,0,0.023182526000775888,0,0,-5.2665626632228273e-13,0
4.6899999999999995,808.65349572013019,0,9.2835633875487751e-10,3051.9623999990736,172.23545996022733,0,7.9921503274394876,0.99973124913059686,0,0.023182526000773251,0,0,-5.2639480340438297e-13,0
4.7000000000000002,810.37770360013099,0,9.3258085688988321e-10,3051.9623999990695,172.23545996022762,0,7.9921503274395072,0.99973124913059697,0,0.023182526000770622,0,0,-5.2613891856669427e-13,0
4.71,812.10191148013178,0,9.3681451266581144e-10,3051.9623999990654,172.2354599602279,0,7.9921503274395267,0.99973124913059708,0,0.023182526000767992,0,0,-5.2588876044263338e-13,0
4.7199999999999998,813.82611936013257,0,9.4105729720668802e-10,3051.9623999990613,172.23545996022818,0,7.9921503274395462,0.99973124913059708,0,0.023182526000765362,0,0,-5.2564437404310296e-13,0
4.7299999999999995,815.55032724013336,0,9.4530922383664148e-10,3051.9623999990572,172.23545996022847,0,7.9921503274395658,0.99973124913059708,0,0.023182526000762732,0,0,-5.2540580838514267e-13,0
4.7400000000000002,817.27453512013415,0,9.4957025998913e-10,3051.9623999990531,172.23545996022875,0,7.9921503274395853,0.99973124913059719,0,0.023182526000760106,0,0,-5.2517271256210309e-13,0
4.75,818.99874300013494,0,9.5384041602623498e-10,3051.962399999049,172.23545996022904,0,7.9921503274396049,0.9997312491305973,0,0.023182526000757483,0,0,-5.2494455096148658e-13,0
4.7599999999999998,820.72295088013573,0,9.5811968601950459e-10,3051.9623999990449,172.23545996022932,0,7.9921503274396244,0.99973124913059741,0,0.02318252600075486,0,0,-5.2472127690195656e-13,0
4.7699999999999996,822.44715876013652,0,9.6240806997474894e-10,3051.9623999990408,172.2354599602296,0,7.9921503274396439,0.9997312491305973,0,0.023182526000752234,0,0,-5.2450323918533343e-13,0
4.7800000000000002,824.17136664013731,0,9.6670556789342035e-10,3051.9623999990367,172.23545996022989,0,7.9921503274396635,0.99973124913059741,0,0.023182526000749611,0,0,-5.2429009917758096e-13,0
4.79,825.8955745201381,0,9.7101218421800191e-10,3051.9623999990326,172.23545996023017,0,7.9921503274396821,0.99973124913059752,0,0.023182526000746991,0,0,-5.2408279379933854e-13,0
4.7999999999999998,827.61978240013889,0,9.7532787898842041e-10,3051.9623999990285,172.23545996023046,0,7.9921503274397008,0.99973124913059763,0,0.023182526000744372,0,0,-5.2388028857502607e-13,0
4.8099999999999996,829.34399028013968,0,9.7965266108500752e-10,3051.962399999024,172.23545996023074,0,7.9921503274397194,0.99973124913059763,0,0.023182526000741752,0,0,-5.2368116318793499e-13,0
4.8200000000000003,831.06819816014047,0,9.8398654086403495e-10,3051.9623999990195,172.23545996023103,0,7.9921503274397381,0.99973124913059763,0,0.023182526000739133,0,0,-5.2348745456004271e-13,0
4.8300000000000001,832.79240604014126,0,9.8832951241157572e-10,3051.9623999990149,172.23545996023131,0,7.9921503274397567,0.99973124913059774,0,0.023182526000736517,0,0,-5.2329753845431873e-13,0
4.8399999999999999,834.51661392014205,0,9.9268155352316924e-10,3051.9623999990104,172.23545996023159,0,7.9921503274397754,0.99973124913059785,0,0.023182526000733901,0,0,-5.2311236605972636e-13,0
4.8499999999999996,836.24082180014284,0,9.9704266863970749e-10,3051.9623999990058,172.23545996023188,0,7.992150327439794,0.99973124913059797,0,0.023182526000731285,0,0,-5.2293061721842534e-13,0
4.8600000000000003,837.96502968014363,0,1.0014128518449131e-09,3051.9623999990013,172.23545996023216,0,7.9921503274398127,0.99973124913059785,0,0.023182526000728669,0,0,-5.2275324377182519e-13,0
4.8700000000000001,839.68923756014442,0,1.0057921208901802e-09,3051.9623999989967,172.23545996023245,0,7.9921503274398313,0.99973124913059797,0,0.023182526000726057,0,0,-5.2258059821134655e-13,0
4.8799999999999999,841.41344544014521,0,1.0101804565389052e-09,3051.9623999989922,172.23545996023273,0,7.99215032743985,0.99973124913059808,0,0.023182526000723444,0,0,-5.2241136316119132e-13,0
4.8899999999999997,843.137653320146,0,1.0145778499108952e-09,3051.9623999989876,172.23545996023302,0,7.9921503274398678,0.99973124913059819,0,0.023182526000720832,0,0,-5.2224688300882402e-13,0
4.8999999999999995,844.86186120014679,0,1.0189842950929163e-09,3051.9623999989831,172.2354599602333,0,7.9921503274398855,0.99973124913059819,0,0.023182526000718223,0,0,-5.220850508701913e-13,0
4.9100000000000001,846.58606908014758,0,1.0233997832031842e-09,3051.9623999989785,172.23545996023358,0,7.9921503274399033,0.99973124913059819,0,0.02318252600071561,0,0,-5.2192830174724447e-13,0
4.9199999999999999,848.31027696014837,0,1.0278243319980049e-09,3051.962399998974,172.23545996023387,0,7.992150327439921,0.9997312491305983,0,0.023182526000713001,0,0,-5.2177481860579185e-13,0
4.9299999999999997,850.03448484014916,0,1.0322579222393224e-09,3051.9623999989694,172.23545996023415,0,7.9921503274399388,0.99973124913059841,0,0.023182526000710392,0,0,-5.2162408285916163e-13,0
4.9399999999999995,851.75869272014995,0,1.0367005583694816e-09,3051.9623999989649,172.23545996023444,0,7.9921503274399566,0.99973124913059841,0,0.023182526000707786,0,0,-5.2147754446462681e-13,0
4.9500000000000002,853.48290060015074,0,1.0411522241052112e-09,3051.9623999989603,172.23545996023475,0,7.9921503274399743,0.99973124913059841,0,0.023182526000705177,0,0,-5.2133418091544306e-13,0
4.96,855.20710848015153,0,1.0456129061254263e-09,3051.9623999989558,172.23545996023506,0,7.9921503274399912,0.99973124913059852,0,0.023182526000702572,0,0,-5.2119455560244918e-13,0
4.9699999999999998,856.93131636015244,0,1.05008259999719e-09,3051.9623999989512,172.23545996023537,0,7.9921503274400081,0.99973124913059863,0,0.023182526000699966,0,0,-5.210565689526805e-13,0
4.9799999999999995,858.65552424015334,0,1.054561304236125e-09,3051.9623999989467,172.23545996023569,0,7.992150327440025,0.99973124913059874,0,0.023182526000697361,0,0,-5.2092128926742779e-13,0
4.9900000000000002,860.37973212015424,0,1.0590490173677439e-09,3051.9623999989421,172.235459960236,0,7.9921503274400418,0.99973124913059863,0,0.023182526000694755,0,0,-5.2078898781275421e-13,0
5,862.10394000015515,0,1.0635457379100196e-09,3051.9623999989376,172.23545996023631,0,7.9921503274400587,0.99973124913059874,0,0.023182526000692153,0,0,-5.2065924293200995e-13,0
