query_id,air_relative_speed_m_s,air_relative_velocity_m_s,attitude_rad,attitude_rate_rad_s,configuration_variant_id,drag_force_n,event_id,mass_kg,mass_property_profile_id,mission_bank_command_deg,mission_profile_id,mission_segment,phase,position_m,projected_area_m2,pseudo6dof_profile_id,pseudo6dof_response_phase,pseudo6dof_response_schedule_applied,query_id,specific_energy_j_per_kg,termination,time_s,velocity_m_s,wind_velocity_m_s
query-000000,250.0,"[250.0, 0.0, 0.0]","[0.0, 0.0, 0.0]","[0.0, 0.0, 0.0]",nominal-sphere-pseudo_6dof,850.8101270456251,,1013.0,alpha3-passive-deployment-parent-v1,0.0,none,unprofiled,boost,"[0.0, 0.0, 1000.0]",0.1,,not_applicable,False,query-000000,41056.65,,0.0,"[250.0, 0.0, 0.0]","[0.0, 0.0, 0.0]"
query-000000,249.80463303559947,"[249.79261214443298, 0.0, -2.4506334102405485]","[0.0, 0.0, 0.0]","[0.0, 0.0, 0.0]",nominal-sphere-pseudo_6dof,849.5115041397105,,1012.5,alpha3-passive-deployment-parent-v1,0.0,none,unprofiled,boost,"[62.47407176239658, 0.0, 999.6936279539769]",0.1,,not_applicable,False,query-000000,41004.82285960012,,0.25,"[249.79261214443298, 0.0, -2.4506334102405485]","[0.0, 0.0, 0.0]"
query-000000,249.63310272568896,"[249.58509155282766, 0.0, -4.895717620636012]","[0.0, 0.0, 0.0]","[0.0, 0.0, 0.0]",nominal-sphere-pseudo_6dof,848.4369606344371,booster-release,1000.0,alpha3-passive-deployment-parent-v1,0.0,none,unprofiled,glide,"[124.89632360772165, 0.0, 998.7748546767486]",0.1,,not_applicable,False,query-000000,40952.978416842925,,0.5,"[249.58509155282766, 0.0, -4.895717620636012]","[0.0, 0.0, 0.0]"
query-000000,249.48112041899716,"[249.3736803134724, 0.0, -7.320998048916363]","[0.0, 0.0, 0.0]","[0.0, 0.0, 0.0]",nominal-sphere-pseudo_6dof,847.5564401927082,booster-release,1000.0,alpha3-passive-deployment-parent-v1,0.0,none,unprofiled,glide,"[187.26616016613863, 0.0, 997.2477229057054]",0.1,,not_applicable,False,query-000000,40900.07410459232,,0.75,"[249.3736803134724, 0.0, -7.320998048916363]","[0.0, 0.0, 0.0]"
query-000000,249.35319336420795,"[249.1627273385535, 0.0, -9.744246822701523]","[0.0, 0.0, 0.0]","[0.0, 0.0, 0.0]",nominal-sphere-pseudo_6dof,846.8999709267384,booster-release,1000.0,alpha3-passive-deployment-parent-v1,0.0,none,unprofiled,glide,"[249.58320195208438, 0.0, 995.1145249533163]",0.1,,not_applicable,False,query-000000,40847.24737659748,,1.0,"[249.1627273385535, 0.0, -9.744246822701523]","[0.0, 0.0, 0.0]"
query-000000,249.24926206127026,"[248.95219656352347, 0.0, -12.165461942916473]","[0.0, 0.0, 0.0]","[0.0, 0.0, 0.0]",nominal-sphere-pseudo_6dof,846.4668294342509,booster-release,1000.0,alpha3-passive-deployment-parent-v1,0.0,none,unprofiled,glide,"[311.8475590176893, 0.0, 992.3757689619835]",0.1,,not_applicable,False,query-000000,40794.47915373492,,1.25,"[248.95219656352347, 0.0, -12.165461942916473]","[0.0, 0.0, 0.0]"
query-000000,249.16926028332472,"[248.742052203806, 0.0, -14.584640399347347]","[0.0, 0.0, 0.0]","[0.0, 0.0, 0.0]",nominal-sphere-pseudo_6dof,846.2563764308815,booster-release,1000.0,alpha3-passive-deployment-parent-v1,0.0,none,unprofiled,glide,"[374.0593324340977, 0.0, 989.0319637003506]",0.1,,not_applicable,False,query-000000,40741.75044189165,,1.5,"[248.742052203806, 0.0, -14.584640399347347]","[0.0, 0.0, 0.0]"
query-000000,249.1131150686667,"[248.53225874748088, 0.0, -17.001778174355458]","[0.0, 0.0, 0.0]","[0.0, 0.0, 0.0]",nominal-sphere-pseudo_6dof,846.2680558162882,booster-release,1000.0,alpha3-passive-deployment-parent-v1,0.0,none,unprofiled,glide,"[436.21861436054223, 0.0, 985.0836188156172]",0.1,,not_applicable,False,query-000000,40689.04232006556,,1.75,"[248.53225874748088, 0.0, -17.001778174355458]","[0.0, 0.0, 0.0]"
query-000000,249.0807467227931,"[248.32278094814836, 0.0, -19.41687024631243]","[0.0, 0.0, 0.0]","[0.0, 0.0, 0.0]",nominal-sphere-pseudo_6dof,846.5013937865721,booster-release,1000.0,alpha3-passive-deployment-parent-v1,0.0,none,unprofiled,glide,"[498.32548811161246, 0.0, 980.5312450849599]",0.1,,not_applicable,False,query-000000,40636.33592860452,,2.0,"[248.32278094814836, 0.0, -19.41687024631243]","[0.0, 0.0, 0.0]"
query-000000,249.07206883045168,"[248.11358381796288, 0.0, -21.829910592761863]","[0.0, 0.0, 0.0]","[0.0, 0.0, 0.0]",nominal-sphere-pseudo_6dof,846.9559979916565,booster-release,1000.0,alpha3-passive-deployment-parent-v1,0.0,none,unprofiled,glide,"[560.3800282227608, 0.0, 975.375354666129]",0.1,,not_applicable,False,query-000000,40583.61245757723,,2.25,"[248.11358381796288, 0.0, -21.829910592761863]","[0.0, 0.0, 0.0]"
query-000000,249.08698827757894,"[247.9046326208265, 0.0, -24.240892193312312]","[0.0, 0.0, 0.0]","[0.0, 0.0, 0.0]",nominal-sphere-pseudo_6dof,847.6315567363235,booster-release,1000.0,alpha3-passive-deployment-parent-v1,0.0,none,unprofiled,glide,"[622.3823005140868, 0.0, 969.6164613472885]",0.1,,not_applicable,False,query-000000,40530.85313526876,,2.5,"[247.9046326208265, 0.0, -24.240892193312312]","[0.0, 0.0, 0.0]"
query-000000,249.12540528298095,"[247.69589286573265, 0.0, -26.649807032265997]","[0.0, 0.0, 0.0]","[0.0, 0.0, 0.0]",nominal-sphere-pseudo_6dof,848.5278382236388,booster-release,1000.0,alpha3-passive-deployment-parent-v1,0.0,none,unprofiled,glide,"[684.3323621524391, 0.0, 963.2550807961651]",0.1,,not_applicable,False,query-000000,40478.03921679447,,2.75,"[247.69589286573265, 0.0, -26.649807032265997]","[0.0, 0.0, 0.0]"
query-000000,249.1872134395813,"[247.48733030025085, 0.0, -29.056646100986963]","[0.0, 0.0, 0.0]","[0.0, 0.0, 0.0]",nominal-sphere-pseudo_6dof,849.6446898395403,booster-release,1000.0,alpha3-passive-deployment-parent-v1,0.0,none,unprofiled,glide,"[746.2302617118713, 0.0, 956.2917308085742]",0.1,,not_applicable,False,query-000000,40425.15197282563,,3.0,"[247.48733030025085, 0.0, -29.056646100986963]","[0.0, 0.0, 0.0]"
query-000000,249.27229976502937,"[247.278910904144, 0.0, -31.46139940001211]","[0.0, 0.0, 0.0]","[0.0, 0.0, 0.0]",nominal-sphere-pseudo_6dof,850.9820374773986,booster-release,1000.0,alpha3-passive-deployment-parent-v1,0.0,none,unprofiled,glide,"[808.0760392324848, 0.0, 948.726931556385]",0.1,,not_applicable,False,query-000000,40372.17267842076,,3.25,"[247.278910904144, 0.0, -31.46139940001211]","[0.0, 0.0, 0.0]"
query-000000,249.38054476143392,"[247.07060088310914, 0.0, -33.86405594090785]","[0.0, 0.0, 0.0]","[0.0, 0.0, 0.0]",nominal-sphere-pseudo_6dof,852.539884901386,booster-release,1000.0,alpha3-passive-deployment-parent-v1,0.0,none,unprofiled,glide,"[869.8697262776931, 0.0, 940.5612058349896]",0.1,,not_applicable,False,query-000000,40319.08260195648,,3.5,"[247.07060088310914, 0.0, -33.86405594090785]","[0.0, 0.0, 0.0]"
query-000000,249.51182248395992,"[246.86236666263397, 0.0, -36.26460374787493]","[0.0, 0.0, 0.0]","[0.0, 0.0, 0.0]",nominal-sphere-pseudo_6dof,854.3183131475325,booster-release,1000.0,alpha3-passive-deployment-parent-v1,0.0,none,unprofiled,glide,"[931.6113459899342, 0.0, 931.79507931034]",0.1,,not_applicable,False,query-000000,40265.86299415231,,3.75,"[246.86236666263397, 0.0, -36.26460374787493]","[0.0, 0.0, 0.0]"
query-000000,249.66600061799969,"[246.6541748819612, 0.0, -38.66302985910322]","[0.0, 0.0, 0.0]","[0.0, 0.0, 0.0]",nominal-sphere-pseudo_6dof,856.3174799613739,booster-release,1000.0,alpha3-passive-deployment-parent-v1,0.0,none,unprofiled,glide,"[993.3009131448624, 0.0, 922.4290807656154]",0.1,,not_applicable,False,query-000000,40212.49507718363,,4.0,"[246.6541748819612, 0.0, -38.66302985910322]","[0.0, 0.0, 0.0]"
query-000000,249.84294056460536,"[246.4459923881531, 0.0, -41.059320327878254]","[0.0, 0.0, 0.0]","[0.0, 0.0, 0.0]",nominal-sphere-pseudo_6dof,858.5376192711094,booster-release,1000.0,alpha3-passive-deployment-parent-v1,0.0,none,unprofiled,glide,"[1054.9384342040428, 0.0, 912.4637423475805]",0.1,,not_applicable,False,query-000000,40158.96003387736,,4.25,"[246.4459923881531, 0.0, -41.059320327878254]","[0.0, 0.0, 0.0]"
query-000000,250.04249753384704,"[246.23778623024893, 0.0, -43.45346022344058]","[0.0, 0.0, 0.0]","[0.0, 0.0, 0.0]",nominal-sphere-pseudo_6dof,860.9790406952429,booster-release,1000.0,alpha3-passive-deployment-parent-v1,0.0,none,unprofiled,glide,"[1116.5239073661735, 0.0, 901.8995998127]",0.1,,not_applicable,False,query-000000,40105.238996985165,,4.5,"[246.23778623024893, 0.0, -43.45346022344058]","[0.0, 0.0, 0.0]"
query-000000,250.2645206457399,"[246.02952365350922, 0.0, -45.84543363159876]","[0.0, 0.0, 0.0]","[0.0, 0.0, 0.0]",nominal-sphere-pseudo_6dof,863.6421290836729,booster-release,1000.0,alpha3-passive-deployment-parent-v1,0.0,none,unprofiled,glide,"[1178.0573226168597, 0.0, 890.7371927730675]",0.1,,not_applicable,False,query-000000,40051.31303852899,,4.75,"[246.02952365350922, 0.0, -45.84543363159876]","[0.0, 0.0, 0.0]"
query-000000,250.50885303836466,"[245.8211720937393, 0.0, -48.2352236550966]","[0.0, 0.0, 0.0]","[0.0, 0.0, 0.0]",nominal-sphere-pseudo_6dof,866.5273440912414,booster-release,1000.0,alpha3-passive-deployment-parent-v1,0.0,none,unprofiled,glide,"[1239.538661776957, 0.0, 878.9770649422126]",0.1,,not_applicable,False,query-000000,39997.16315921404,,5.0,"[245.8211720937393, 0.0, -48.2352236550966]","[0.0, 0.0, 0.0]"
query-000000,250.77533198278843,"[245.61269917168693, 0.0, -50.62281241373471]","[0.0, 0.0, 0.0]","[0.0, 0.0, 0.0]",nominal-sphere-pseudo_6dof,869.635219782765,booster-release,1000.0,alpha3-passive-deployment-parent-v1,0.0,none,unprofiled,glide,"[1300.9678985495066, 0.0, 866.6197643808468]",0.1,,not_applicable,False,query-000000,39942.7702779043,,5.25,"[245.61269917168693, 0.0, -50.62281241373471]","[0.0, 0.0, 0.0]"
query-000000,251.0637890043787,"[245.40407268750772, 0.0, -53.00818104424639]","[0.0, 0.0, 0.0]","[0.0, 0.0, 0.0]",nominal-sphere-pseudo_6dof,872.9663642685842,booster-release,1000.0,alpha3-passive-deployment-parent-v1,0.0,none,unprofiled,glide,"[1362.3449985652765, 0.0, 853.66584374261]",0.1,,not_applicable,False,query-000000,39888.115221156055,,5.5,"[245.40407268750772, 0.0, -53.00818104424639]","[0.0, 0.0, 0.0]"
query-000000,251.3740500100894,"[245.19526061529342, 0.0, -55.39130969992741]","[0.0, 0.0, 0.0]","[0.0, 0.0, 0.0]",nominal-sphere-pseudo_6dof,876.5214593696973,booster-release,1000.0,alpha3-passive-deployment-parent-v1,0.0,none,unprofiled,glide,"[1423.6699194269295, 0.0, 840.115860519878]",0.1,,not_applicable,False,query-000000,39833.17871280473,,5.75,"[245.19526061529342, 0.0, -55.39130969992741]","[0.0, 0.0, 0.0]"
query-000000,251.70593542128827,"[244.98623109765742, 0.0, -57.77217755001911]","[0.0, 0.0, 0.0]","[0.0, 0.0, 0.0]",nominal-sphere-pseudo_6dof,880.301260311548,booster-release,1000.0,alpha3-passive-deployment-parent-v1,0.0,none,unprofiled,glide,"[1484.9426107518286, 0.0, 825.9703772896938]",0.1,,not_applicable,False,query-000000,39777.94136360085,,6.0,"[244.98623109765742, 0.0, -57.77217755001911]","[0.0, 0.0, 0.0]"
query-000000,252.0592603116847,"[244.7769524403735, 0.0, -60.150762778844054]","[0.0, 0.0, 0.0]","[0.0, 0.0, 0.0]",nominal-sphere-pseudo_6dof,884.3065954455569,booster-release,1000.0,alpha3-passive-deployment-parent-v1,0.0,none,unprofiled,glide,"[1546.1630142134964, 0.0, 811.2299619598847]",0.1,,not_applicable,False,query-000000,39722.38366089072,,6.25,"[244.7769524403735, 0.0, -60.150762778844054]","[0.0, 0.0, 0.0]"
query-000000,252.43383454991272,"[244.56739310706297, 0.0, -62.527042584693234]","[0.0, 0.0, 0.0]","[0.0, 0.0, 0.0]",nominal-sphere-pseudo_6dof,888.5383659975022,booster-release,1000.0,alpha3-passive-deployment-parent-v1,0.0,none,unprofiled,glide,"[1607.33106358174, 0.0, 795.8951880154252]",0.1,,not_applicable,False,query-000000,39666.48595833782,,6.5,"[244.56739310706297, 0.0, -62.527042584693234]","[0.0, 0.0, 0.0]"
query-000000,252.829462946317,"[244.35752171392656, 0.0, -64.90099317846362]","[0.0, 0.0, 0.0]","[0.0, 0.0, 0.0]",nominal-sphere-pseudo_6dof,892.9975458418523,booster-release,1000.0,alpha3-passive-deployment-parent-v1,0.0,none,unprofiled,glide,"[1668.446684761454, 0.0, 779.9666347651106]",0.1,,not_applicable,False,query-000000,39610.22846568081,,6.75,"[244.35752171392656, 0.0, -64.90099317846362]","[0.0, 0.0, 0.0]"
query-000000,253.2459454034895,"[244.14730702451726, 0.0, -67.27258978204488]","[0.0, 0.0, 0.0]","[0.0, 0.0, 0.0]",nominal-sphere-pseudo_6dof,897.6851813011831,booster-release,1000.0,alpha3-passive-deployment-parent-v1,0.0,none,unprofiled,glide,"[1729.50979583011, 0.0, 763.4448875886015]",0.1,,not_applicable,False,query-000000,39553.59123852435,,7.0,"[244.14730702451726, 0.0, -67.27258978204488]","[0.0, 0.0, 0.0]"
query-000000,253.6830770701029,"[243.93671794455094, 0.0, -69.64180662645373]","[0.0, 0.0, 0.0]","[0.0, 0.0, 0.0]",nominal-sphere-pseudo_6dof,902.6023909698015,booster-release,1000.0,alpha3-passive-deployment-parent-v1,0.0,none,unprofiled,glide,"[1790.5203070739467, 0.0, 746.3305381839037]",0.1,,not_applicable,False,query-000000,39496.55416815907,,7.25,"[243.93671794455094, 0.0, -69.64180662645373]","[0.0, 0.0, 0.0]"
query-000000,254.14064849758856,"[243.7257235167518, 0.0, -72.00861694971462]","[0.0, 0.0, 0.0]","[0.0, 0.0, 0.0]",nominal-sphere-pseudo_6dof,907.7503655607132,booster-release,1000.0,alpha3-passive-deployment-parent-v1,0.0,none,unprofiled,glide,"[1851.4781210228643, 0.0, 728.6241848153461]",0.1,,not_applicable,False,query-000000,39439.09697140684,,7.5,"[243.7257235167518, 0.0, -72.00861694971462]","[0.0, 0.0, 0.0]"
query-000000,254.61844579921097,"[243.51429291573012, 0.0, -74.37299299448502]","[0.0, 0.0, 0.0]","[0.0, 0.0, 0.0]",nominal-sphere-pseudo_6dof,913.1303677750805,booster-release,1000.0,alpha3-passive-deployment-parent-v1,0.0,none,unprofiled,glide,"[1912.3831324840364, 0.0, 710.3264325621201]",0.1,,not_applicable,False,query-000000,39381.19918048818,,7.75,"[243.51429291573012, 0.0, -74.37299299448502]","[0.0, 0.0, 0.0]"
query-000000,255.1162508110951,"[243.3023954428899, 0.0, -76.73490600542377]","[0.0, 0.0, 0.0]","[0.0, 0.0, 0.0]",nominal-sphere-pseudo_6dof,918.7437321933053,booster-release,1000.0,alpha3-passive-deployment-parent-v1,0.0,none,unprofiled,glide,"[1973.2352285742443, 0.0, 691.437893567445]",0.1,,not_applicable,False,query-000000,39322.84013290798,,8.0,"[243.3023954428899, 0.0, -76.73490600542377]","[0.0, 0.0, 0.0]"
query-000000,255.63384125477117,"[243.09000052136454, 0.0, -79.09432622630105]","[0.0, 0.0, 0.0]","[0.0, 0.0, 0.0]",nominal-sphere-pseudo_6dof,924.591865186896,booster-release,1000.0,alpha3-passive-deployment-parent-v1,0.0,none,unprofiled,glide,"[2034.0342887509414, 0.0, 671.9591872884239]",0.1,,not_applicable,False,query-000000,39263.998961356796,,8.25,"[243.09000052136454, 0.0, -79.09432622630105]","[0.0, 0.0, 0.0]"
query-000000,256.17099090080814,"[242.87707769097912, 0.0, -81.4512228968481]","[0.0, 0.0, 0.0]","[0.0, 0.0, 0.0]",nominal-sphere-pseudo_6dof,930.6762448502589,booster-release,1000.0,alpha3-passive-deployment-parent-v1,0.0,none,unprofiled,glide,"[2094.780184842056, 0.0, 651.8909407466535]",0.1,,not_applicable,False,query-000000,39204.65458362413,,8.5,"[242.87707769097912, 0.0, -81.4512228968481]","[0.0, 0.0, 0.0]"
query-000000,256.7274697331197,"[242.6635966032374, 0.0, -83.80556424934531]","[0.0, 0.0, 0.0]","[0.0, 0.0, 0.0]",nominal-sphere-pseudo_6dof,936.9984209515605,booster-release,1000.0,alpha3-passive-deployment-parent-v1,0.0,none,unprofiled,glide,"[2155.4727810745358, 0.0, 631.2337887796555]",0.1,,not_applicable,False,query-000000,39144.78569252095,,8.75,"[242.6635966032374, 0.0, -83.80556424934531]","[0.0, 0.0, 0.0]"
query-000000,257.3030441135356,"[242.44952701633335, 0.0, -86.1573175049471]","[0.0, 0.0, 0.0]","[0.0, 0.0, 0.0]",nominal-sphere-pseudo_6dof,943.5600149018143,booster-release,1000.0,alpha3-passive-deployment-parent-v1,0.0,none,unprofiled,glide,"[2216.1119341016456, 0.0, 609.9883742931927]",0.1,,not_applicable,False,query-000000,39084.37074580836,,9.0,"[242.44952701633335, 0.0, -86.1573175049471]","[0.0, 0.0, 0.0]"
query-000000,257.8974769462459,"[242.23483879018553, 0.0, -88.50644886974209]","[0.0, 0.0, 0.0]","[0.0, 0.0, 0.0]",nominal-sphere-pseudo_6dof,950.3627197413251,booster-release,1000.0,alpha3-passive-deployment-parent-v1,0.0,none,unprofiled,glide,"[2276.697493029017, 0.0, 588.1553485145379]",0.1,,not_applicable,False,query-000000,39023.38795612981,,9.25,"[242.23483879018553, 0.0, -88.50644886974209]","[0.0, 0.0, 0.0]"
query-000000,258.51052784173856,"[242.01950188149473, 0.0, -90.85292353054722]","[0.0, 0.0, 0.0]","[0.0, 0.0, 0.0]",nominal-sphere-pseudo_6dof,957.4083001426385,booster-release,1000.0,alpha3-passive-deployment-parent-v1,0.0,none,unprofiled,glide,"[2337.2292994394616, 0.0, 565.73537124676]",0.1,,not_applicable,False,query-000000,38961.81528094418,,9.5,"[242.01950188149473, 0.0, -90.85292353054722]","[0.0, 0.0, 0.0]"
query-000000,259.1419532798647,"[241.803486338824, 0.0, -93.19670565043454]","[0.0, 0.0, 0.0]","[0.0, 0.0, 0.0]",nominal-sphere-pseudo_6dof,964.6985924291141,booster-release,1000.0,alpha3-passive-deployment-parent-v1,0.0,none,unprofiled,glide,"[2397.7071874165513, 0.0, 542.7291111240961]",0.1,,not_applicable,False,query-000000,38899.63041245691,,9.75,"[241.803486338824, 0.0, -93.19670565043454]","[0.0, 0.0, 0.0]"
query-000000,259.7915067716845,"[241.58676229770157, 0.0, -95.53775836398951]","[0.0, 0.0, 0.0]","[0.0, 0.0, 0.0]",nominal-sphere-pseudo_6dof,972.2355046082616,booster-release,1000.0,alpha3-passive-deployment-parent-v1,0.0,none,unprofiled,glide,"[2458.1309835669713, 0.0, 519.1372458684743]",0.1,,not_applicable,False,query-000000,38836.81076754717,,10.0,"[241.58676229770157, 0.0, -95.53775836398951]","[0.0, 0.0, 0.0]"
query-000000,260.4589390197602,"[241.36929997574674, 0.0, -97.87604377229981]","[0.0, 0.0, 0.0]","[0.0, 0.0, 0.0]",nominal-sphere-pseudo_6dof,980.0210164189466,booster-release,1000.0,alpha3-passive-deployment-parent-v1,0.0,none,unprofiled,glide,"[2518.500507041651, 0.0, 494.9604625472566]",0.1,,not_applicable,False,query-000000,38773.333477688626,,10.25,"[241.36929997574674, 0.0, -97.87604377229981]","[0.0, 0.0, 0.0]"
query-000000,261.14399807658117,"[241.15106966781943, 0.0, -100.21152293767378]","[0.0, 0.0, 0.0]","[0.0, 0.0, 0.0]",nominal-sphere-pseudo_6dof,988.0571793915747,booster-release,1000.0,alpha3-passive-deployment-parent-v1,0.0,none,unprofiled,glide,"[2578.8155695556816, 0.0, 470.19945783226734]",0.1,,not_applicable,False,query-000000,38709.175378861524,,10.5,"[241.15106966781943, 0.0, -100.21152293767378]","[0.0, 0.0, 0.0]"
query-000000,261.846429500824,"[240.93204174119398, 0.0, -102.5441558780878]","[0.0, 0.0, 0.0]","[0.0, 0.0, 0.0]",nominal-sphere-pseudo_6dof,996.3461169203415,booster-release,1000.0,alpha3-passive-deployment-parent-v1,0.0,none,unprofiled,glide,"[2639.0759754070205, 0.0, 444.85493826017694]",0.1,,not_applicable,False,query-000000,38644.31300145416,,10.75,"[240.93204174119398, 0.0, -102.5441558780878]","[0.0, 0.0, 0.0]"
query-000000,262.56597651116834,"[240.71218663075848, 0.0, -104.87390156136223]","[0.0, 0.0, 0.0]","[0.0, 0.0, 0.0]",nominal-sphere-pseudo_6dof,1004.890024346652,booster-release,1000.0,alpha3-passive-deployment-parent-v1,0.0,none,unprofiled,glide,"[2699.281521493995, 0.0, 418.927620494307]",0.1,,not_applicable,False,query-000000,38578.7225601522,,11.0,"[240.71218663075848, 0.0, -104.87390156136223]","[0.0, 0.0, 0.0]"
query-000000,263.3023801374061,"[240.49147483424045, 0.0, -107.20071789906532]","[0.0, 0.0, 0.0]","[0.0, 0.0, 0.0]",nominal-sphere-pseudo_6dof,1013.6911690527404,booster-release,1000.0,alpha3-passive-deployment-parent-v1,0.0,none,unprofiled,glide,"[2759.4319973316096, 0.0, 392.4182315879258]",0.1,,not_applicable,False,query-000000,38512.379943813285,,11.25,"[240.49147483424045, 0.0, -107.20071789906532]","[0.0, 0.0, 0.0]"
query-000000,264.0553793686037,"[240.2698769074607, 0.0, -109.52456174014539]","[0.0, 0.0, 0.0]","[0.0, 0.0, 0.0]",nominal-sphere-pseudo_6dof,1022.7518905645828,booster-release,1000.0,alpha3-passive-deployment-parent-v1,0.0,none,unprofiled,glide,"[2819.5271850666595, 0.0, 365.3275092491014]",0.1,,not_applicable,False,query-000000,38445.26070532631,,11.5,"[240.2698769074607, 0.0, -109.52456174014539]","[0.0, 0.0, 0.0]"
query-000000,264.824711298092,"[240.04736345961663, 0.0, -111.84538886429105]","[0.0, 0.0, 0.0]","[0.0, 0.0, 0.0]",nominal-sphere-pseudo_6dof,1032.0746006631077,booster-release,1000.0,alpha3-passive-deployment-parent-v1,0.0,none,unprofiled,glide,"[2879.5668594916665, 0.0, 337.65620210718123]",0.1,,not_applicable,False,query-000000,38377.34005145328,,11.75,"[240.04736345961663, 0.0, -111.84538886429105]","[0.0, 0.0, 0.0]"
query-000000,265.6101112650783,"[239.82390514859668, 0.0, -114.16315397502012]","[0.0, 0.0, 0.0]","[0.0, 0.0, 0.0]",nominal-sphere-pseudo_6dof,1041.6617835027353,booster-release,1000.0,alpha3-passive-deployment-parent-v1,0.0,none,unprofiled,glide,"[2939.5507880576342, 0.0, 309.40506998096504]",0.1,,not_applicable,False,query-000000,38308.59283265246,,12.0,"[239.82390514859668, 0.0, -114.16315397502012]","[0.0, 0.0, 0.0]"
query-000000,266.4113129926954,"[239.59947267632833, 0.0, -116.47781069249764]","[0.0, 0.0, 0.0]","[0.0, 0.0, 0.0]",nominal-sphere-pseudo_6dof,1051.5159957362418,booster-release,1000.0,alpha3-passive-deployment-parent-v1,0.0,none,unprofiled,glide,"[2999.4787308856407, 0.0, 280.5748841486398]",0.1,,not_applicable,False,query-000000,38238.99353288221,,12.25,"[239.59947267632833, 0.0, -116.47781069249764]","[0.0, 0.0, 0.0]"
query-000000,267.2280487223179,"[239.37403678416106, 0.0, -118.78931154608408]","[0.0, 0.0, 0.0]","[0.0, 0.0, 0.0]",nominal-sphere-pseudo_6dof,1061.6398666449288,booster-release,1000.0,alpha3-passive-deployment-parent-v1,0.0,none,unprofiled,glide,"[3059.350440777269, 0.0, 251.16642761954373]",0.1,,not_applicable,False,query-000000,38168.516259383956,,12.5,"[239.37403678416106, 0.0, -118.78931154608408]","[0.0, 0.0, 0.0]"
query-000000,268.06004934399505,"[239.14756824828714, 0.0, -121.0976079666147]","[0.0, 0.0, 0.0]","[0.0, 0.0, 0.0]",nominal-sphere-pseudo_6dof,1072.0360982730367,booster-release,1000.0,alpha3-passive-deployment-parent-v1,0.0,none,unprofiled,glide,"[3119.1656632238896, 0.0, 221.18049540782692]",0.1,,not_applicable,False,query-000000,38097.134732443694,,12.75,"[239.14756824828714, 0.0, -121.0976079666147]","[0.0, 0.0, 0.0]"
query-000000,268.9070445228685,"[238.9200378752021, 0.0, -123.40265027841166]","[0.0, 0.0, 0.0]","[0.0, 0.0, 0.0]",nominal-sphere-pseudo_6dof,1082.7074655653576,booster-release,1000.0,alpha3-passive-deployment-parent-v1,0.0,none,unprofiled,glide,"[3178.924136414804, 0.0, 190.61789480807568]",0.1,,not_applicable,False,query-000000,38024.8222751316,,13.0,"[238.9200378752021, 0.0, -123.40265027841166]","[0.0, 0.0, 0.0]"
query-000000,269.76876282145855,"[238.69141649720768, 0.0, -125.70438769103048]","[0.0, 0.0, 0.0]","[0.0, 0.0, 0.0]",nominal-sphere-pseudo_6dof,1093.6568165069316,booster-release,1000.0,alpha3-passive-deployment-parent-v1,0.0,none,unprofiled,glide,"[3238.6255912442552, 0.0, 159.47944567296682]",0.1,,not_applicable,False,query-000000,37951.55180301898,,13.25,"[238.69141649720768, 0.0, -125.70438769103048]","[0.0, 0.0, 0.0]"
query-000000,270.6449318177206,"[238.46167496796, 0.0, -128.00276829074298]","[0.0, 0.0, 0.0]","[0.0, 0.0, 0.0]",nominal-sphere-pseudo_6dof,1104.8870722637196,booster-release,1000.0,alpha3-passive-deployment-parent-v1,0.0,none,unprofiled,glide,"[3298.2697513173252, 0.0, 127.7659806930186]",0.1,,not_applicable,False,query-000000,37877.29581387251,,13.5,"[238.46167496796, 0.0, -128.00276829074298]","[0.0, 0.0, 0.0]"
query-000000,271.53527821878873,"[238.2307841580652, 0.0, -130.29773903175897]","[0.0, 0.0, 0.0]","[0.0, 0.0, 0.0]",nominal-sphere-pseudo_6dof,1116.401227323097,booster-release,1000.0,alpha3-passive-deployment-parent-v1,0.0,none,unprofiled,glide,"[3357.8563329547183, 0.0, 95.4783456785035]",0.1,,not_applicable,False,query-000000,37802.026377325594,,13.75,"[238.2307841580652, 0.0, -130.29773903175897]","[0.0, 0.0, 0.0]"
query-000000,272.43952797034046,"[237.99871495072597, 0.0, -132.58924572718936]","[0.0, 0.0, 0.0]","[0.0, 0.0, 0.0]",nominal-sphere-pseudo_6dof,1128.2023496329946,booster-release,1000.0,alpha3-passive-deployment-parent-v1,0.0,none,unprofiled,glide,"[3417.3850451964554, 0.0, 62.617399843587954]",0.1,,not_applicable,False,query-000000,37725.71512452708,,14.0,"[237.99871495072597, 0.0, -132.58924572718936]","[0.0, 0.0, 0.0]"
query-000000,273.3574063615301,"[237.76543823744157, 0.0, -134.87723303975372]","[0.0, 0.0, 0.0]","[0.0, 0.0, 0.0]",nominal-sphere-pseudo_6dof,1140.293580738476,booster-release,1000.0,alpha3-passive-deployment-parent-v1,0.0,none,unprofiled,glide,"[3476.855589804484, 0.0, 29.184016092763336]",0.1,,not_applicable,False,query-000000,37648.33323776744,,14.25,"[237.76543823744157, 0.0, -134.87723303975372]","[0.0, 0.0, 0.0]"
query-000000,274.28866535734596,"[237.53094713451472, 0.0, -137.1616604481532]","[0.0, 0.0, 0.0]","[0.0, 0.0, 0.0]",nominal-sphere-pseudo_6dof,1152.02478913506,booster-release,1000.0,alpha3-passive-deployment-parent-v1,0.0,none,unprofiled,glide,"[3536.267661264222, 0.0, -4.8209186903682735]",0.1,,not_applicable,False,query-000000,37569.85890948216,ground_contact,14.5,"[237.53094713451472, 0.0, -137.1616604481532]","[0.0, 0.0, 0.0]"
