shot_name,reference_id,section,identifier_kind,identifier,units,value,tolerance,issues
Nominal,NOTE1,input,signalName,trueAirspeed,f_s,300.0,,
Nominal,NOTE1,input,signalName,angleOfAttack,deg,5.0,,
Nominal,NOTE1,input,signalName,angleOfSideslip,deg,0.0,,
Nominal,NOTE1,input,signalName,bodyAngularRate_Roll,rad_s,0.0,,
Nominal,NOTE1,input,signalName,bodyAngularRate_Pitch,rad_s,0.0,,
Nominal,NOTE1,input,signalName,bodyAngularRate_Yaw,rad_s,0.0,,
Nominal,NOTE1,input,signalName,elevatorDeflection,deg,0.0,,
Nominal,NOTE1,input,signalName,aileronDeflection,deg,0.0,,
Nominal,NOTE1,input,signalName,rudderDeflection,deg,0.0,,
Nominal,NOTE1,input,signalName,bodyPositionOfCgWrtWingLeadingEdge_X,fracMAC,0.25,,
Nominal,NOTE1,internal,varID,vt,,300.0,,
Nominal,NOTE1,internal,varID,alpha,,5.0,,
Nominal,NOTE1,internal,varID,beta,,0.0,,
Nominal,NOTE1,internal,varID,p,,0.0,,
Nominal,NOTE1,internal,varID,q,,0.0,,
Nominal,NOTE1,internal,varID,r,,0.0,,
Nominal,NOTE1,internal,varID,el,,0.0,,
Nominal,NOTE1,internal,varID,ail,,0.0,,
Nominal,NOTE1,internal,varID,rdr,,0.0,,
Nominal,NOTE1,internal,varID,xcg,,0.25,,
Nominal,NOTE1,internal,varID,rtd,,57.29577957855229,,
Nominal,NOTE1,internal,varID,xcgr,,0.35,,
Nominal,NOTE1,internal,varID,cbar,,11.32,,
Nominal,NOTE1,internal,varID,bspan,,30.0,,
Nominal,NOTE1,internal,varID,del,,0.0,,
Nominal,NOTE1,internal,varID,dail,,0.0,,
Nominal,NOTE1,internal,varID,drdr,,0.0,,
Nominal,NOTE1,internal,varID,cxt,,-0.004,,
Nominal,NOTE1,internal,varID,cy0,,0.0,,
Nominal,NOTE1,internal,varID,czt,,-0.416,,
Nominal,NOTE1,internal,varID,cz1,,-0.416,,
Nominal,NOTE1,internal,varID,tvt,,600.0,,
Nominal,NOTE1,internal,varID,b2v,,0.05,,
Nominal,NOTE1,internal,varID,cq2v,,0.0,,
Nominal,NOTE1,internal,varID,absbeta,,0.0,,
Nominal,NOTE1,internal,varID,absCl0,,0.0,,
Nominal,NOTE1,internal,varID,absCn0,,0.0,,
Nominal,NOTE1,internal,varID,clt,,0.0,,
Nominal,NOTE1,internal,varID,cmt,,-0.005,,
Nominal,NOTE1,internal,varID,cnt,,0.0,,
Nominal,NOTE1,internal,varID,cxq,,1.34,,
Nominal,NOTE1,internal,varID,cyr,,0.958,,
Nominal,NOTE1,internal,varID,cyp,,0.11,,
Nominal,NOTE1,internal,varID,czq,,-31.4,,
Nominal,NOTE1,internal,varID,clr,,0.113,,
Nominal,NOTE1,internal,varID,clp,,-0.42,,
Nominal,NOTE1,internal,varID,cmq,,-5.26,,
Nominal,NOTE1,internal,varID,cnr,,-0.386,,
Nominal,NOTE1,internal,varID,cnp,,-0.012,,
Nominal,NOTE1,internal,varID,dclda,,-0.052,,
Nominal,NOTE1,internal,varID,dcldr,,0.014,,
Nominal,NOTE1,internal,varID,dcnda,,-0.009,,
Nominal,NOTE1,internal,varID,dcndr,,-0.045,,
Nominal,NOTE1,internal,varID,cl1,,0.0,,
Nominal,NOTE1,internal,varID,cn1,,0.0,,
Nominal,NOTE1,internal,varID,cx,,-0.004,,
Nominal,NOTE1,internal,varID,cy,,0.0,,
Nominal,NOTE1,internal,varID,cz,,-0.416,,
Nominal,NOTE1,internal,varID,cl,,0.0,,
Nominal,NOTE1,internal,varID,cm,,-0.04659999999999999,,
Nominal,NOTE1,internal,varID,cn,,0.0,,
Nominal,NOTE1,output,signalName,aeroBodyForceCoefficient_X,nd,-0.004,1e-06,
Nominal,NOTE1,output,signalName,aeroBodyForceCoefficient_Y,nd,0.0,1e-06,
Nominal,NOTE1,output,signalName,aeroBodyForceCoefficient_Z,nd,-0.416,1e-06,
Nominal,NOTE1,output,signalName,aeroBodyMomentCoefficient_Roll,nd,0.0,1e-06,
Nominal,NOTE1,output,signalName,aeroBodyMomentCoefficient_Pitch,nd,-0.0466,1e-06,
Nominal,NOTE1,output,signalName,aeroBodyMomentCoefficient_Yaw,nd,0.0,1e-06,
Positive sideslip,NOTE1,input,signalName,trueAirspeed,f_s,300.0,,
Positive sideslip,NOTE1,input,signalName,angleOfAttack,deg,5.0,,
Positive sideslip,NOTE1,input,signalName,angleOfSideslip,deg,2.34,,
Positive sideslip,NOTE1,input,signalName,bodyAngularRate_Roll,rad_s,0.0,,
Positive sideslip,NOTE1,input,signalName,bodyAngularRate_Pitch,rad_s,0.0,,
Positive sideslip,NOTE1,input,signalName,bodyAngularRate_Yaw,rad_s,0.0,,
Positive sideslip,NOTE1,input,signalName,elevatorDeflection,deg,0.0,,
Positive sideslip,NOTE1,input,signalName,aileronDeflection,deg,0.0,,
Positive sideslip,NOTE1,input,signalName,rudderDeflection,deg,0.0,,
Positive sideslip,NOTE1,input,signalName,bodyPositionOfCgWrtWingLeadingEdge_X,fracMAC,0.25,,
Positive sideslip,NOTE1,internal,varID,vt,,300.0,,
Positive sideslip,NOTE1,internal,varID,alpha,,5.0,,
Positive sideslip,NOTE1,internal,varID,beta,,2.34,,
Positive sideslip,NOTE1,internal,varID,p,,0.0,,
Positive sideslip,NOTE1,internal,varID,q,,0.0,,
Positive sideslip,NOTE1,internal,varID,r,,0.0,,
Positive sideslip,NOTE1,internal,varID,el,,0.0,,
Positive sideslip,NOTE1,internal,varID,ail,,0.0,,
Positive sideslip,NOTE1,internal,varID,rdr,,0.0,,
Positive sideslip,NOTE1,internal,varID,xcg,,0.25,,
Positive sideslip,NOTE1,internal,varID,rtd,,57.29577957855229,,
Positive sideslip,NOTE1,internal,varID,xcgr,,0.35,,
Positive sideslip,NOTE1,internal,varID,cbar,,11.32,,
Positive sideslip,NOTE1,internal,varID,bspan,,30.0,,
Positive sideslip,NOTE1,internal,varID,del,,0.0,,
Positive sideslip,NOTE1,internal,varID,dail,,0.0,,
Positive sideslip,NOTE1,internal,varID,drdr,,0.0,,
Positive sideslip,NOTE1,internal,varID,cxt,,-0.004,,
Positive sideslip,NOTE1,internal,varID,cy0,,-0.0468,,
Positive sideslip,NOTE1,internal,varID,czt,,-0.416,,
Positive sideslip,NOTE1,internal,varID,cz1,,-0.41530612733377154,,
Positive sideslip,NOTE1,internal,varID,cl1,,-0.0056159999999999995,,
Positive sideslip,NOTE1,internal,varID,cn1,,0.008891999999999999,,
Positive sideslip,NOTE1,internal,varID,tvt,,600.0,,
Positive sideslip,NOTE1,internal,varID,b2v,,0.05,,
Positive sideslip,NOTE1,internal,varID,cq2v,,0.0,,
Positive sideslip,NOTE1,internal,varID,absbeta,,2.34,,
Positive sideslip,NOTE1,internal,varID,absCl0,,-0.0056159999999999995,,
Positive sideslip,NOTE1,internal,varID,absCn0,,0.008891999999999999,,
Positive sideslip,NOTE1,internal,varID,clt,,-0.0056159999999999995,,
Positive sideslip,NOTE1,internal,varID,cmt,,-0.005,,
Positive sideslip,NOTE1,internal,varID,cnt,,0.008891999999999999,,
Positive sideslip,NOTE1,internal,varID,cxq,,1.34,,
Positive sideslip,NOTE1,internal,varID,cyr,,0.958,,
Positive sideslip,NOTE1,internal,varID,cyp,,0.11,,
Positive sideslip,NOTE1,internal,varID,czq,,-31.4,,
Positive sideslip,NOTE1,internal,varID,clr,,0.113,,
Positive sideslip,NOTE1,internal,varID,clp,,-0.42,,
Positive sideslip,NOTE1,internal,varID,cmq,,-5.26,,
Positive sideslip,NOTE1,internal,varID,cnr,,-0.386,,
Positive sideslip,NOTE1,internal,varID,cnp,,-0.012,,
Positive sideslip,NOTE1,internal,varID,dclda,,-0.051297999999999996,,
Positive sideslip,NOTE1,internal,varID,dcldr,,0.013766,,
Positive sideslip,NOTE1,internal,varID,dcnda,,-0.009701999999999999,,
Positive sideslip,NOTE1,internal,varID,dcndr,,-0.044064,,
Positive sideslip,NOTE1,internal,varID,cx,,-0.004,,
Positive sideslip,NOTE1,internal,varID,cy,,-0.0468,,
Positive sideslip,NOTE1,internal,varID,cz,,-0.41530612733377154,,
Positive sideslip,NOTE1,internal,varID,cl,,-0.0056159999999999995,,
Positive sideslip,NOTE1,internal,varID,cm,,-0.04653061273337714,,
Positive sideslip,NOTE1,internal,varID,cn,,0.010657919999999998,,
Positive sideslip,NOTE1,output,signalName,aeroBodyForceCoefficient_X,nd,-0.004,1e-06,
Positive sideslip,NOTE1,output,signalName,aeroBodyForceCoefficient_Y,nd,-0.0468,1e-06,
Positive sideslip,NOTE1,output,signalName,aeroBodyForceCoefficient_Z,nd,-0.41530612733219,1e-06,
Positive sideslip,NOTE1,output,signalName,aeroBodyMomentCoefficient_Roll,nd,-0.005616,1e-06,
Positive sideslip,NOTE1,output,signalName,aeroBodyMomentCoefficient_Pitch,nd,-0.04653061273322,1e-06,
Positive sideslip,NOTE1,output,signalName,aeroBodyMomentCoefficient_Yaw,nd,0.01065792,1e-06,
Negative sideslip,NOTE1,input,signalName,trueAirspeed,f_s,300.0,,
Negative sideslip,NOTE1,input,signalName,angleOfAttack,deg,5.0,,
Negative sideslip,NOTE1,input,signalName,angleOfSideslip,deg,-2.34,,
Negative sideslip,NOTE1,input,signalName,bodyAngularRate_Roll,rad_s,0.0,,
Negative sideslip,NOTE1,input,signalName,bodyAngularRate_Pitch,rad_s,0.0,,
Negative sideslip,NOTE1,input,signalName,bodyAngularRate_Yaw,rad_s,0.0,,
Negative sideslip,NOTE1,input,signalName,elevatorDeflection,deg,0.0,,
Negative sideslip,NOTE1,input,signalName,aileronDeflection,deg,0.0,,
Negative sideslip,NOTE1,input,signalName,rudderDeflection,deg,0.0,,
Negative sideslip,NOTE1,input,signalName,bodyPositionOfCgWrtWingLeadingEdge_X,fracMAC,0.25,,
Negative sideslip,NOTE1,internal,varID,vt,,300.0,,
Negative sideslip,NOTE1,internal,varID,alpha,,5.0,,
Negative sideslip,NOTE1,internal,varID,beta,,-2.34,,
Negative sideslip,NOTE1,internal,varID,p,,0.0,,
Negative sideslip,NOTE1,internal,varID,q,,0.0,,
Negative sideslip,NOTE1,internal,varID,r,,0.0,,
Negative sideslip,NOTE1,internal,varID,el,,0.0,,
Negative sideslip,NOTE1,internal,varID,ail,,0.0,,
Negative sideslip,NOTE1,internal,varID,rdr,,0.0,,
Negative sideslip,NOTE1,internal,varID,xcg,,0.25,,
Negative sideslip,NOTE1,internal,varID,rtd,,57.29577957855229,,
Negative sideslip,NOTE1,internal,varID,xcgr,,0.35,,
Negative sideslip,NOTE1,internal,varID,cbar,,11.32,,
Negative sideslip,NOTE1,internal,varID,bspan,,30.0,,
Negative sideslip,NOTE1,internal,varID,del,,0.0,,
Negative sideslip,NOTE1,internal,varID,dail,,0.0,,
Negative sideslip,NOTE1,internal,varID,drdr,,0.0,,
Negative sideslip,NOTE1,internal,varID,cxt,,-0.004,,
Negative sideslip,NOTE1,internal,varID,cy0,,0.0468,,
Negative sideslip,NOTE1,internal,varID,czt,,-0.416,,
Negative sideslip,NOTE1,internal,varID,cz1,,-0.41530612733377154,,
Negative sideslip,NOTE1,internal,varID,cl1,,0.0056159999999999995,,
Negative sideslip,NOTE1,internal,varID,cn1,,-0.008891999999999999,,
Negative sideslip,NOTE1,internal,varID,tvt,,600.0,,
Negative sideslip,NOTE1,internal,varID,b2v,,0.05,,
Negative sideslip,NOTE1,internal,varID,cq2v,,0.0,,
Negative sideslip,NOTE1,internal,varID,absbeta,,2.34,,
Negative sideslip,NOTE1,internal,varID,absCl0,,-0.0056159999999999995,,
Negative sideslip,NOTE1,internal,varID,absCn0,,0.008891999999999999,,
Negative sideslip,NOTE1,internal,varID,clt,,0.0056159999999999995,,
Negative sideslip,NOTE1,internal,varID,cmt,,-0.005,,
Negative sideslip,NOTE1,internal,varID,cnt,,-0.008891999999999999,,
Negative sideslip,NOTE1,internal,varID,cxq,,1.34,,
Negative sideslip,NOTE1,internal,varID,cyr,,0.958,,
Negative sideslip,NOTE1,internal,varID,cyp,,0.11,,
Negative sideslip,NOTE1,internal,varID,czq,,-31.4,,
Negative sideslip,NOTE1,internal,varID,clr,,0.113,,
Negative sideslip,NOTE1,internal,varID,clp,,-0.42,,
Negative sideslip,NOTE1,internal,varID,cmq,,-5.26,,
Negative sideslip,NOTE1,internal,varID,cnr,,-0.386,,
Negative sideslip,NOTE1,internal,varID,cnp,,-0.012,,
Negative sideslip,NOTE1,internal,varID,dclda,,-0.051766,,
Negative sideslip,NOTE1,internal,varID,dcldr,,0.013532,,
Negative sideslip,NOTE1,internal,varID,dcnda,,-0.008298,,
Negative sideslip,NOTE1,internal,varID,dcndr,,-0.04383,,
Negative sideslip,NOTE1,internal,varID,cx,,-0.004,,
Negative sideslip,NOTE1,internal,varID,cy,,0.0468,,
Negative sideslip,NOTE1,internal,varID,cz,,-0.41530612733377154,,
Negative sideslip,NOTE1,internal,varID,cl,,0.0056159999999999995,,
Negative sideslip,NOTE1,internal,varID,cm,,-0.04653061273337714,,
Negative sideslip,NOTE1,internal,varID,cn,,-0.010657919999999998,,
Negative sideslip,NOTE1,output,signalName,aeroBodyForceCoefficient_X,nd,-0.004,1e-06,
Negative sideslip,NOTE1,output,signalName,aeroBodyForceCoefficient_Y,nd,0.0468,1e-06,
Negative sideslip,NOTE1,output,signalName,aeroBodyForceCoefficient_Z,nd,-0.41530612733219,1e-06,
Negative sideslip,NOTE1,output,signalName,aeroBodyMomentCoefficient_Roll,nd,0.005616,1e-06,
Negative sideslip,NOTE1,output,signalName,aeroBodyMomentCoefficient_Pitch,nd,-0.04653061273322,1e-06,
Negative sideslip,NOTE1,output,signalName,aeroBodyMomentCoefficient_Yaw,nd,-0.01065792,1e-06,
Positive roll rate,NOTE1,input,signalName,trueAirspeed,f_s,300.0,,
Positive roll rate,NOTE1,input,signalName,angleOfAttack,deg,5.0,,
Positive roll rate,NOTE1,input,signalName,angleOfSideslip,deg,0.0,,
Positive roll rate,NOTE1,input,signalName,bodyAngularRate_Roll,rad_s,3.42,,
Positive roll rate,NOTE1,input,signalName,bodyAngularRate_Pitch,rad_s,0.0,,
Positive roll rate,NOTE1,input,signalName,bodyAngularRate_Yaw,rad_s,0.0,,
Positive roll rate,NOTE1,input,signalName,elevatorDeflection,deg,0.0,,
Positive roll rate,NOTE1,input,signalName,aileronDeflection,deg,0.0,,
Positive roll rate,NOTE1,input,signalName,rudderDeflection,deg,0.0,,
Positive roll rate,NOTE1,input,signalName,bodyPositionOfCgWrtWingLeadingEdge_X,fracMAC,0.25,,
Positive roll rate,NOTE1,internal,varID,vt,,300.0,,
Positive roll rate,NOTE1,internal,varID,alpha,,5.0,,
Positive roll rate,NOTE1,internal,varID,beta,,0.0,,
Positive roll rate,NOTE1,internal,varID,p,,3.42,,
Positive roll rate,NOTE1,internal,varID,q,,0.0,,
Positive roll rate,NOTE1,internal,varID,r,,0.0,,
Positive roll rate,NOTE1,internal,varID,el,,0.0,,
Positive roll rate,NOTE1,internal,varID,ail,,0.0,,
Positive roll rate,NOTE1,internal,varID,rdr,,0.0,,
Positive roll rate,NOTE1,internal,varID,xcg,,0.25,,
Positive roll rate,NOTE1,internal,varID,rtd,,57.29577957855229,,
Positive roll rate,NOTE1,internal,varID,xcgr,,0.35,,
Positive roll rate,NOTE1,internal,varID,cbar,,11.32,,
Positive roll rate,NOTE1,internal,varID,bspan,,30.0,,
Positive roll rate,NOTE1,internal,varID,del,,0.0,,
Positive roll rate,NOTE1,internal,varID,dail,,0.0,,
Positive roll rate,NOTE1,internal,varID,drdr,,0.0,,
Positive roll rate,NOTE1,internal,varID,cxt,,-0.004,,
Positive roll rate,NOTE1,internal,varID,cy0,,0.0,,
Positive roll rate,NOTE1,internal,varID,czt,,-0.416,,
Positive roll rate,NOTE1,internal,varID,cz1,,-0.416,,
Positive roll rate,NOTE1,internal,varID,cl1,,0.0,,
Positive roll rate,NOTE1,internal,varID,cn1,,0.0,,
Positive roll rate,NOTE1,internal,varID,tvt,,600.0,,
Positive roll rate,NOTE1,internal,varID,b2v,,0.05,,
Positive roll rate,NOTE1,internal,varID,cq2v,,0.0,,
Positive roll rate,NOTE1,internal,varID,absbeta,,0.0,,
Positive roll rate,NOTE1,internal,varID,absCl0,,0.0,,
Positive roll rate,NOTE1,internal,varID,absCn0,,0.0,,
Positive roll rate,NOTE1,internal,varID,clt,,0.0,,
Positive roll rate,NOTE1,internal,varID,cmt,,-0.005,,
Positive roll rate,NOTE1,internal,varID,cnt,,0.0,,
Positive roll rate,NOTE1,internal,varID,cxq,,1.34,,
Positive roll rate,NOTE1,internal,varID,cyr,,0.958,,
Positive roll rate,NOTE1,internal,varID,cyp,,0.11,,
Positive roll rate,NOTE1,internal,varID,czq,,-31.4,,
Positive roll rate,NOTE1,internal,varID,clr,,0.113,,
Positive roll rate,NOTE1,internal,varID,clp,,-0.42,,
Positive roll rate,NOTE1,internal,varID,cmq,,-5.26,,
Positive roll rate,NOTE1,internal,varID,cnr,,-0.386,,
Positive roll rate,NOTE1,internal,varID,cnp,,-0.012,,
Positive roll rate,NOTE1,internal,varID,dclda,,-0.052,,
Positive roll rate,NOTE1,internal,varID,dcldr,,0.014,,
Positive roll rate,NOTE1,internal,varID,dcnda,,-0.009,,
Positive roll rate,NOTE1,internal,varID,dcndr,,-0.045,,
Positive roll rate,NOTE1,internal,varID,cx,,-0.004,,
Positive roll rate,NOTE1,internal,varID,cy,,0.01881,,
Positive roll rate,NOTE1,internal,varID,cz,,-0.416,,
Positive roll rate,NOTE1,internal,varID,cl,,-0.07182,,
Positive roll rate,NOTE1,internal,varID,cm,,-0.04659999999999999,,
Positive roll rate,NOTE1,internal,varID,cn,,-0.002761764,,
Positive roll rate,NOTE1,output,signalName,aeroBodyForceCoefficient_X,nd,-0.004,1e-06,
Positive roll rate,NOTE1,output,signalName,aeroBodyForceCoefficient_Y,nd,0.01881,1e-06,
Positive roll rate,NOTE1,output,signalName,aeroBodyForceCoefficient_Z,nd,-0.416,1e-06,
Positive roll rate,NOTE1,output,signalName,aeroBodyMomentCoefficient_Roll,nd,-0.07182,1e-06,
Positive roll rate,NOTE1,output,signalName,aeroBodyMomentCoefficient_Pitch,nd,-0.0466,1e-06,
Positive roll rate,NOTE1,output,signalName,aeroBodyMomentCoefficient_Yaw,nd,-0.002761764,1e-06,
Negative roll rate,NOTE1,input,signalName,trueAirspeed,f_s,300.0,,
Negative roll rate,NOTE1,input,signalName,angleOfAttack,deg,5.0,,
Negative roll rate,NOTE1,input,signalName,angleOfSideslip,deg,0.0,,
Negative roll rate,NOTE1,input,signalName,bodyAngularRate_Roll,rad_s,-3.42,,
Negative roll rate,NOTE1,input,signalName,bodyAngularRate_Pitch,rad_s,0.0,,
Negative roll rate,NOTE1,input,signalName,bodyAngularRate_Yaw,rad_s,0.0,,
Negative roll rate,NOTE1,input,signalName,elevatorDeflection,deg,0.0,,
Negative roll rate,NOTE1,input,signalName,aileronDeflection,deg,0.0,,
Negative roll rate,NOTE1,input,signalName,rudderDeflection,deg,0.0,,
Negative roll rate,NOTE1,input,signalName,bodyPositionOfCgWrtWingLeadingEdge_X,fracMAC,0.25,,
Negative roll rate,NOTE1,internal,varID,vt,,300.0,,
Negative roll rate,NOTE1,internal,varID,alpha,,5.0,,
Negative roll rate,NOTE1,internal,varID,beta,,0.0,,
Negative roll rate,NOTE1,internal,varID,p,,-3.42,,
Negative roll rate,NOTE1,internal,varID,q,,0.0,,
Negative roll rate,NOTE1,internal,varID,r,,0.0,,
Negative roll rate,NOTE1,internal,varID,el,,0.0,,
Negative roll rate,NOTE1,internal,varID,ail,,0.0,,
Negative roll rate,NOTE1,internal,varID,rdr,,0.0,,
Negative roll rate,NOTE1,internal,varID,xcg,,0.25,,
Negative roll rate,NOTE1,internal,varID,rtd,,57.29577957855229,,
Negative roll rate,NOTE1,internal,varID,xcgr,,0.35,,
Negative roll rate,NOTE1,internal,varID,cbar,,11.32,,
Negative roll rate,NOTE1,internal,varID,bspan,,30.0,,
Negative roll rate,NOTE1,internal,varID,del,,0.0,,
Negative roll rate,NOTE1,internal,varID,dail,,0.0,,
Negative roll rate,NOTE1,internal,varID,drdr,,0.0,,
Negative roll rate,NOTE1,internal,varID,cxt,,-0.004,,
Negative roll rate,NOTE1,internal,varID,cy0,,0.0,,
Negative roll rate,NOTE1,internal,varID,czt,,-0.416,,
Negative roll rate,NOTE1,internal,varID,cz1,,-0.416,,
Negative roll rate,NOTE1,internal,varID,cl1,,0.0,,
Negative roll rate,NOTE1,internal,varID,cn1,,0.0,,
Negative roll rate,NOTE1,internal,varID,tvt,,600.0,,
Negative roll rate,NOTE1,internal,varID,b2v,,0.05,,
Negative roll rate,NOTE1,internal,varID,cq2v,,0.0,,
Negative roll rate,NOTE1,internal,varID,absbeta,,0.0,,
Negative roll rate,NOTE1,internal,varID,absCl0,,0.0,,
Negative roll rate,NOTE1,internal,varID,absCn0,,0.0,,
Negative roll rate,NOTE1,internal,varID,clt,,0.0,,
Negative roll rate,NOTE1,internal,varID,cmt,,-0.005,,
Negative roll rate,NOTE1,internal,varID,cnt,,0.0,,
Negative roll rate,NOTE1,internal,varID,cxq,,1.34,,
Negative roll rate,NOTE1,internal,varID,cyr,,0.958,,
Negative roll rate,NOTE1,internal,varID,cyp,,0.11,,
Negative roll rate,NOTE1,internal,varID,czq,,-31.4,,
Negative roll rate,NOTE1,internal,varID,clr,,0.113,,
Negative roll rate,NOTE1,internal,varID,clp,,-0.42,,
Negative roll rate,NOTE1,internal,varID,cmq,,-5.26,,
Negative roll rate,NOTE1,internal,varID,cnr,,-0.386,,
Negative roll rate,NOTE1,internal,varID,cnp,,-0.012,,
Negative roll rate,NOTE1,internal,varID,dclda,,-0.052,,
Negative roll rate,NOTE1,internal,varID,dcldr,,0.014,,
Negative roll rate,NOTE1,internal,varID,dcnda,,-0.009,,
Negative roll rate,NOTE1,internal,varID,dcndr,,-0.045,,
Negative roll rate,NOTE1,internal,varID,cx,,-0.004,,
Negative roll rate,NOTE1,internal,varID,cy,,-0.01881,,
Negative roll rate,NOTE1,internal,varID,cz,,-0.416,,
Negative roll rate,NOTE1,internal,varID,cl,,0.07182,,
Negative roll rate,NOTE1,internal,varID,cm,,-0.04659999999999999,,
Negative roll rate,NOTE1,internal,varID,cn,,0.002761764,,
Negative roll rate,NOTE1,output,signalName,aeroBodyForceCoefficient_X,nd,-0.004,1e-06,
Negative roll rate,NOTE1,output,signalName,aeroBodyForceCoefficient_Y,nd,-0.01881,1e-06,
Negative roll rate,NOTE1,output,signalName,aeroBodyForceCoefficient_Z,nd,-0.416,1e-06,
Negative roll rate,NOTE1,output,signalName,aeroBodyMomentCoefficient_Roll,nd,0.07182,1e-06,
Negative roll rate,NOTE1,output,signalName,aeroBodyMomentCoefficient_Pitch,nd,-0.0466,1e-06,
Negative roll rate,NOTE1,output,signalName,aeroBodyMomentCoefficient_Yaw,nd,0.002761764,1e-06,
Positive pitch rate,NOTE1,input,signalName,trueAirspeed,f_s,300.0,,
Positive pitch rate,NOTE1,input,signalName,angleOfAttack,deg,5.0,,
Positive pitch rate,NOTE1,input,signalName,angleOfSideslip,deg,0.0,,
Positive pitch rate,NOTE1,input,signalName,bodyAngularRate_Roll,rad_s,0.0,,
Positive pitch rate,NOTE1,input,signalName,bodyAngularRate_Pitch,rad_s,0.98,,
Positive pitch rate,NOTE1,input,signalName,bodyAngularRate_Yaw,rad_s,0.0,,
Positive pitch rate,NOTE1,input,signalName,elevatorDeflection,deg,0.0,,
Positive pitch rate,NOTE1,input,signalName,aileronDeflection,deg,0.0,,
Positive pitch rate,NOTE1,input,signalName,rudderDeflection,deg,0.0,,
Positive pitch rate,NOTE1,input,signalName,bodyPositionOfCgWrtWingLeadingEdge_X,fracMAC,0.25,,
Positive pitch rate,NOTE1,internal,varID,vt,,300.0,,
Positive pitch rate,NOTE1,internal,varID,alpha,,5.0,,
Positive pitch rate,NOTE1,internal,varID,beta,,0.0,,
Positive pitch rate,NOTE1,internal,varID,p,,0.0,,
Positive pitch rate,NOTE1,internal,varID,q,,0.98,,
Positive pitch rate,NOTE1,internal,varID,r,,0.0,,
Positive pitch rate,NOTE1,internal,varID,el,,0.0,,
Positive pitch rate,NOTE1,internal,varID,ail,,0.0,,
Positive pitch rate,NOTE1,internal,varID,rdr,,0.0,,
Positive pitch rate,NOTE1,internal,varID,xcg,,0.25,,
Positive pitch rate,NOTE1,internal,varID,rtd,,57.29577957855229,,
Positive pitch rate,NOTE1,internal,varID,xcgr,,0.35,,
Positive pitch rate,NOTE1,internal,varID,cbar,,11.32,,
Positive pitch rate,NOTE1,internal,varID,bspan,,30.0,,
Positive pitch rate,NOTE1,internal,varID,del,,0.0,,
Positive pitch rate,NOTE1,internal,varID,dail,,0.0,,
Positive pitch rate,NOTE1,internal,varID,drdr,,0.0,,
Positive pitch rate,NOTE1,internal,varID,cxt,,-0.004,,
Positive pitch rate,NOTE1,internal,varID,cy0,,0.0,,
Positive pitch rate,NOTE1,internal,varID,czt,,-0.416,,
Positive pitch rate,NOTE1,internal,varID,cz1,,-0.416,,
Positive pitch rate,NOTE1,internal,varID,tvt,,600.0,,
Positive pitch rate,NOTE1,internal,varID,b2v,,0.05,,
Positive pitch rate,NOTE1,internal,varID,cq2v,,0.018489333333333333,,
Positive pitch rate,NOTE1,internal,varID,absbeta,,0.0,,
Positive pitch rate,NOTE1,internal,varID,absCl0,,0.0,,
Positive pitch rate,NOTE1,internal,varID,absCn0,,0.0,,
Positive pitch rate,NOTE1,internal,varID,clt,,0.0,,
Positive pitch rate,NOTE1,internal,varID,cmt,,-0.005,,
Positive pitch rate,NOTE1,internal,varID,cnt,,0.0,,
Positive pitch rate,NOTE1,internal,varID,cxq,,1.34,,
Positive pitch rate,NOTE1,internal,varID,cyr,,0.958,,
Positive pitch rate,NOTE1,internal,varID,cyp,,0.11,,
Positive pitch rate,NOTE1,internal,varID,czq,,-31.4,,
Positive pitch rate,NOTE1,internal,varID,clr,,0.113,,
Positive pitch rate,NOTE1,internal,varID,clp,,-0.42,,
Positive pitch rate,NOTE1,internal,varID,cmq,,-5.26,,
Positive pitch rate,NOTE1,internal,varID,cnr,,-0.386,,
Positive pitch rate,NOTE1,internal,varID,cnp,,-0.012,,
Positive pitch rate,NOTE1,internal,varID,dclda,,-0.052,,
Positive pitch rate,NOTE1,internal,varID,dcldr,,0.014,,
Positive pitch rate,NOTE1,internal,varID,dcnda,,-0.009,,
Positive pitch rate,NOTE1,internal,varID,dcndr,,-0.045,,
Positive pitch rate,NOTE1,internal,varID,cl1,,0.0,,
Positive pitch rate,NOTE1,internal,varID,cn1,,0.0,,
Positive pitch rate,NOTE1,internal,varID,cx,,0.020775706666666668,,
Positive pitch rate,NOTE1,internal,varID,cy,,0.0,,
Positive pitch rate,NOTE1,internal,varID,cz,,-0.9965650666666666,,
Positive pitch rate,NOTE1,internal,varID,cl,,0.0,,
Positive pitch rate,NOTE1,internal,varID,cm,,-0.20191039999999996,,
Positive pitch rate,NOTE1,internal,varID,cn,,0.0,,
Positive pitch rate,NOTE1,output,signalName,aeroBodyForceCoefficient_X,nd,0.02077570666667,1e-06,
Positive pitch rate,NOTE1,output,signalName,aeroBodyForceCoefficient_Y,nd,0.0,1e-06,
Positive pitch rate,NOTE1,output,signalName,aeroBodyForceCoefficient_Z,nd,-0.99656506666667,1e-06,
Positive pitch rate,NOTE1,output,signalName,aeroBodyMomentCoefficient_Roll,nd,0.0,1e-06,
Positive pitch rate,NOTE1,output,signalName,aeroBodyMomentCoefficient_Pitch,nd,-0.2019104,1e-06,
Positive pitch rate,NOTE1,output,signalName,aeroBodyMomentCoefficient_Yaw,nd,0.0,1e-06,
Negative pitch rate,NOTE1,input,signalName,trueAirspeed,f_s,300.0,,
Negative pitch rate,NOTE1,input,signalName,angleOfAttack,deg,5.0,,
Negative pitch rate,NOTE1,input,signalName,angleOfSideslip,deg,0.0,,
Negative pitch rate,NOTE1,input,signalName,bodyAngularRate_Roll,rad_s,0.0,,
Negative pitch rate,NOTE1,input,signalName,bodyAngularRate_Pitch,rad_s,-0.98,,
Negative pitch rate,NOTE1,input,signalName,bodyAngularRate_Yaw,rad_s,0.0,,
Negative pitch rate,NOTE1,input,signalName,elevatorDeflection,deg,0.0,,
Negative pitch rate,NOTE1,input,signalName,aileronDeflection,deg,0.0,,
Negative pitch rate,NOTE1,input,signalName,rudderDeflection,deg,0.0,,
Negative pitch rate,NOTE1,input,signalName,bodyPositionOfCgWrtWingLeadingEdge_X,fracMAC,0.25,,
Negative pitch rate,NOTE1,internal,varID,vt,,300.0,,
Negative pitch rate,NOTE1,internal,varID,alpha,,5.0,,
Negative pitch rate,NOTE1,internal,varID,beta,,0.0,,
Negative pitch rate,NOTE1,internal,varID,p,,0.0,,
Negative pitch rate,NOTE1,internal,varID,q,,-0.98,,
Negative pitch rate,NOTE1,internal,varID,r,,0.0,,
Negative pitch rate,NOTE1,internal,varID,el,,0.0,,
Negative pitch rate,NOTE1,internal,varID,ail,,0.0,,
Negative pitch rate,NOTE1,internal,varID,rdr,,0.0,,
Negative pitch rate,NOTE1,internal,varID,xcg,,0.25,,
Negative pitch rate,NOTE1,internal,varID,rtd,,57.29577957855229,,
Negative pitch rate,NOTE1,internal,varID,xcgr,,0.35,,
Negative pitch rate,NOTE1,internal,varID,cbar,,11.32,,
Negative pitch rate,NOTE1,internal,varID,bspan,,30.0,,
Negative pitch rate,NOTE1,internal,varID,del,,0.0,,
Negative pitch rate,NOTE1,internal,varID,dail,,0.0,,
Negative pitch rate,NOTE1,internal,varID,drdr,,0.0,,
Negative pitch rate,NOTE1,internal,varID,cxt,,-0.004,,
Negative pitch rate,NOTE1,internal,varID,cy0,,0.0,,
Negative pitch rate,NOTE1,internal,varID,czt,,-0.416,,
Negative pitch rate,NOTE1,internal,varID,cz1,,-0.416,,
Negative pitch rate,NOTE1,internal,varID,tvt,,600.0,,
Negative pitch rate,NOTE1,internal,varID,b2v,,0.05,,
Negative pitch rate,NOTE1,internal,varID,cq2v,,-0.018489333333333333,,
Negative pitch rate,NOTE1,internal,varID,absbeta,,0.0,,
Negative pitch rate,NOTE1,internal,varID,absCl0,,0.0,,
Negative pitch rate,NOTE1,internal,varID,absCn0,,0.0,,
Negative pitch rate,NOTE1,internal,varID,clt,,0.0,,
Negative pitch rate,NOTE1,internal,varID,cmt,,-0.005,,
Negative pitch rate,NOTE1,internal,varID,cnt,,0.0,,
Negative pitch rate,NOTE1,internal,varID,cxq,,1.34,,
Negative pitch rate,NOTE1,internal,varID,cyr,,0.958,,
Negative pitch rate,NOTE1,internal,varID,cyp,,0.11,,
Negative pitch rate,NOTE1,internal,varID,czq,,-31.4,,
Negative pitch rate,NOTE1,internal,varID,clr,,0.113,,
Negative pitch rate,NOTE1,internal,varID,clp,,-0.42,,
Negative pitch rate,NOTE1,internal,varID,cmq,,-5.26,,
Negative pitch rate,NOTE1,internal,varID,cnr,,-0.386,,
Negative pitch rate,NOTE1,internal,varID,cnp,,-0.012,,
Negative pitch rate,NOTE1,internal,varID,dclda,,-0.052,,
Negative pitch rate,NOTE1,internal,varID,dcldr,,0.014,,
Negative pitch rate,NOTE1,internal,varID,dcnda,,-0.009,,
Negative pitch rate,NOTE1,internal,varID,dcndr,,-0.045,,
Negative pitch rate,NOTE1,internal,varID,cl1,,0.0,,
Negative pitch rate,NOTE1,internal,varID,cn1,,0.0,,
Negative pitch rate,NOTE1,internal,varID,cx,,-0.028775706666666668,,
Negative pitch rate,NOTE1,internal,varID,cy,,0.0,,
Negative pitch rate,NOTE1,internal,varID,cz,,0.16456506666666665,,
Negative pitch rate,NOTE1,internal,varID,cl,,0.0,,
Negative pitch rate,NOTE1,internal,varID,cm,,0.10871039999999998,,
Negative pitch rate,NOTE1,internal,varID,cn,,0.0,,
Negative pitch rate,NOTE1,output,signalName,aeroBodyForceCoefficient_X,nd,-0.02877570666667,1e-06,
Negative pitch rate,NOTE1,output,signalName,aeroBodyForceCoefficient_Y,nd,0.0,1e-06,
Negative pitch rate,NOTE1,output,signalName,aeroBodyForceCoefficient_Z,nd,0.16456506666667,1e-06,
Negative pitch rate,NOTE1,output,signalName,aeroBodyMomentCoefficient_Roll,nd,0.0,1e-06,
Negative pitch rate,NOTE1,output,signalName,aeroBodyMomentCoefficient_Pitch,nd,0.1087104,1e-06,
Negative pitch rate,NOTE1,output,signalName,aeroBodyMomentCoefficient_Yaw,nd,0.0,1e-06,
Positive yaw rate,NOTE1,input,signalName,trueAirspeed,f_s,300.0,,
Positive yaw rate,NOTE1,input,signalName,angleOfAttack,deg,5.0,,
Positive yaw rate,NOTE1,input,signalName,angleOfSideslip,deg,0.0,,
Positive yaw rate,NOTE1,input,signalName,bodyAngularRate_Roll,rad_s,0.0,,
Positive yaw rate,NOTE1,input,signalName,bodyAngularRate_Pitch,rad_s,0.0,,
Positive yaw rate,NOTE1,input,signalName,bodyAngularRate_Yaw,rad_s,2.92,,
Positive yaw rate,NOTE1,input,signalName,elevatorDeflection,deg,0.0,,
Positive yaw rate,NOTE1,input,signalName,aileronDeflection,deg,0.0,,
Positive yaw rate,NOTE1,input,signalName,rudderDeflection,deg,0.0,,
Positive yaw rate,NOTE1,input,signalName,bodyPositionOfCgWrtWingLeadingEdge_X,fracMAC,0.25,,
Positive yaw rate,NOTE1,internal,varID,vt,,300.0,,
Positive yaw rate,NOTE1,internal,varID,alpha,,5.0,,
Positive yaw rate,NOTE1,internal,varID,beta,,0.0,,
Positive yaw rate,NOTE1,internal,varID,p,,0.0,,
Positive yaw rate,NOTE1,internal,varID,q,,0.0,,
Positive yaw rate,NOTE1,internal,varID,r,,2.92,,
Positive yaw rate,NOTE1,internal,varID,el,,0.0,,
Positive yaw rate,NOTE1,internal,varID,ail,,0.0,,
Positive yaw rate,NOTE1,internal,varID,rdr,,0.0,,
Positive yaw rate,NOTE1,internal,varID,xcg,,0.25,,
Positive yaw rate,NOTE1,internal,varID,rtd,,57.29577957855229,,
Positive yaw rate,NOTE1,internal,varID,xcgr,,0.35,,
Positive yaw rate,NOTE1,internal,varID,cbar,,11.32,,
Positive yaw rate,NOTE1,internal,varID,bspan,,30.0,,
Positive yaw rate,NOTE1,internal,varID,del,,0.0,,
Positive yaw rate,NOTE1,internal,varID,dail,,0.0,,
Positive yaw rate,NOTE1,internal,varID,drdr,,0.0,,
Positive yaw rate,NOTE1,internal,varID,cxt,,-0.004,,
Positive yaw rate,NOTE1,internal,varID,cy0,,0.0,,
Positive yaw rate,NOTE1,internal,varID,czt,,-0.416,,
Positive yaw rate,NOTE1,internal,varID,cz1,,-0.416,,
Positive yaw rate,NOTE1,internal,varID,cl1,,0.0,,
Positive yaw rate,NOTE1,internal,varID,cn1,,0.0,,
Positive yaw rate,NOTE1,internal,varID,tvt,,600.0,,
Positive yaw rate,NOTE1,internal,varID,b2v,,0.05,,
Positive yaw rate,NOTE1,internal,varID,cq2v,,0.0,,
Positive yaw rate,NOTE1,internal,varID,absbeta,,0.0,,
Positive yaw rate,NOTE1,internal,varID,absCl0,,0.0,,
Positive yaw rate,NOTE1,internal,varID,absCn0,,0.0,,
Positive yaw rate,NOTE1,internal,varID,clt,,0.0,,
Positive yaw rate,NOTE1,internal,varID,cmt,,-0.005,,
Positive yaw rate,NOTE1,internal,varID,cnt,,0.0,,
Positive yaw rate,NOTE1,internal,varID,cxq,,1.34,,
Positive yaw rate,NOTE1,internal,varID,cyr,,0.958,,
Positive yaw rate,NOTE1,internal,varID,cyp,,0.11,,
Positive yaw rate,NOTE1,internal,varID,czq,,-31.4,,
Positive yaw rate,NOTE1,internal,varID,clr,,0.113,,
Positive yaw rate,NOTE1,internal,varID,clp,,-0.42,,
Positive yaw rate,NOTE1,internal,varID,cmq,,-5.26,,
Positive yaw rate,NOTE1,internal,varID,cnr,,-0.386,,
Positive yaw rate,NOTE1,internal,varID,cnp,,-0.012,,
Positive yaw rate,NOTE1,internal,varID,dclda,,-0.052,,
Positive yaw rate,NOTE1,internal,varID,dcldr,,0.014,,
Positive yaw rate,NOTE1,internal,varID,dcnda,,-0.009,,
Positive yaw rate,NOTE1,internal,varID,dcndr,,-0.045,,
Positive yaw rate,NOTE1,internal,varID,cx,,-0.004,,
Positive yaw rate,NOTE1,internal,varID,cy,,0.139868,,
Positive yaw rate,NOTE1,internal,varID,cz,,-0.416,,
Positive yaw rate,NOTE1,internal,varID,cl,,0.016498,,
Positive yaw rate,NOTE1,internal,varID,cm,,-0.04659999999999999,,
Positive yaw rate,NOTE1,internal,varID,cn,,-0.06163368586666666,,
Positive yaw rate,NOTE1,output,signalName,aeroBodyForceCoefficient_X,nd,-0.004,1e-06,
Positive yaw rate,NOTE1,output,signalName,aeroBodyForceCoefficient_Y,nd,0.139868,1e-06,
Positive yaw rate,NOTE1,output,signalName,aeroBodyForceCoefficient_Z,nd,-0.416,1e-06,
Positive yaw rate,NOTE1,output,signalName,aeroBodyMomentCoefficient_Roll,nd,0.016498,1e-06,
Positive yaw rate,NOTE1,output,signalName,aeroBodyMomentCoefficient_Pitch,nd,-0.0466,1e-06,
Positive yaw rate,NOTE1,output,signalName,aeroBodyMomentCoefficient_Yaw,nd,-0.06163368586667,1e-06,
Negative yaw rate,NOTE1,input,signalName,trueAirspeed,f_s,300.0,,
Negative yaw rate,NOTE1,input,signalName,angleOfAttack,deg,5.0,,
Negative yaw rate,NOTE1,input,signalName,angleOfSideslip,deg,0.0,,
Negative yaw rate,NOTE1,input,signalName,bodyAngularRate_Roll,rad_s,0.0,,
Negative yaw rate,NOTE1,input,signalName,bodyAngularRate_Pitch,rad_s,0.0,,
Negative yaw rate,NOTE1,input,signalName,bodyAngularRate_Yaw,rad_s,-2.92,,
Negative yaw rate,NOTE1,input,signalName,elevatorDeflection,deg,0.0,,
Negative yaw rate,NOTE1,input,signalName,aileronDeflection,deg,0.0,,
Negative yaw rate,NOTE1,input,signalName,rudderDeflection,deg,0.0,,
Negative yaw rate,NOTE1,input,signalName,bodyPositionOfCgWrtWingLeadingEdge_X,fracMAC,0.25,,
Negative yaw rate,NOTE1,internal,varID,vt,,300.0,,
Negative yaw rate,NOTE1,internal,varID,alpha,,5.0,,
Negative yaw rate,NOTE1,internal,varID,beta,,0.0,,
Negative yaw rate,NOTE1,internal,varID,p,,0.0,,
Negative yaw rate,NOTE1,internal,varID,q,,0.0,,
Negative yaw rate,NOTE1,internal,varID,r,,-2.92,,
Negative yaw rate,NOTE1,internal,varID,el,,0.0,,
Negative yaw rate,NOTE1,internal,varID,ail,,0.0,,
Negative yaw rate,NOTE1,internal,varID,rdr,,0.0,,
Negative yaw rate,NOTE1,internal,varID,xcg,,0.25,,
Negative yaw rate,NOTE1,internal,varID,rtd,,57.29577957855229,,
Negative yaw rate,NOTE1,internal,varID,xcgr,,0.35,,
Negative yaw rate,NOTE1,internal,varID,cbar,,11.32,,
Negative yaw rate,NOTE1,internal,varID,bspan,,30.0,,
Negative yaw rate,NOTE1,internal,varID,del,,0.0,,
Negative yaw rate,NOTE1,internal,varID,dail,,0.0,,
Negative yaw rate,NOTE1,internal,varID,drdr,,0.0,,
Negative yaw rate,NOTE1,internal,varID,cxt,,-0.004,,
Negative yaw rate,NOTE1,internal,varID,cy0,,0.0,,
Negative yaw rate,NOTE1,internal,varID,czt,,-0.416,,
Negative yaw rate,NOTE1,internal,varID,cz1,,-0.416,,
Negative yaw rate,NOTE1,internal,varID,cl1,,0.0,,
Negative yaw rate,NOTE1,internal,varID,cn1,,0.0,,
Negative yaw rate,NOTE1,internal,varID,tvt,,600.0,,
Negative yaw rate,NOTE1,internal,varID,b2v,,0.05,,
Negative yaw rate,NOTE1,internal,varID,cq2v,,0.0,,
Negative yaw rate,NOTE1,internal,varID,absbeta,,0.0,,
Negative yaw rate,NOTE1,internal,varID,absCl0,,0.0,,
Negative yaw rate,NOTE1,internal,varID,absCn0,,0.0,,
Negative yaw rate,NOTE1,internal,varID,clt,,0.0,,
Negative yaw rate,NOTE1,internal,varID,cmt,,-0.005,,
Negative yaw rate,NOTE1,internal,varID,cnt,,0.0,,
Negative yaw rate,NOTE1,internal,varID,cxq,,1.34,,
Negative yaw rate,NOTE1,internal,varID,cyr,,0.958,,
Negative yaw rate,NOTE1,internal,varID,cyp,,0.11,,
Negative yaw rate,NOTE1,internal,varID,czq,,-31.4,,
Negative yaw rate,NOTE1,internal,varID,clr,,0.113,,
Negative yaw rate,NOTE1,internal,varID,clp,,-0.42,,
Negative yaw rate,NOTE1,internal,varID,cmq,,-5.26,,
Negative yaw rate,NOTE1,internal,varID,cnr,,-0.386,,
Negative yaw rate,NOTE1,internal,varID,cnp,,-0.012,,
Negative yaw rate,NOTE1,internal,varID,dclda,,-0.052,,
Negative yaw rate,NOTE1,internal,varID,dcldr,,0.014,,
Negative yaw rate,NOTE1,internal,varID,dcnda,,-0.009,,
Negative yaw rate,NOTE1,internal,varID,dcndr,,-0.045,,
Negative yaw rate,NOTE1,internal,varID,cx,,-0.004,,
Negative yaw rate,NOTE1,internal,varID,cy,,-0.139868,,
Negative yaw rate,NOTE1,internal,varID,cz,,-0.416,,
Negative yaw rate,NOTE1,internal,varID,cl,,-0.016498,,
Negative yaw rate,NOTE1,internal,varID,cm,,-0.04659999999999999,,
Negative yaw rate,NOTE1,internal,varID,cn,,0.06163368586666666,,
Negative yaw rate,NOTE1,output,signalName,aeroBodyForceCoefficient_X,nd,-0.004,1e-06,
Negative yaw rate,NOTE1,output,signalName,aeroBodyForceCoefficient_Y,nd,-0.139868,1e-06,
Negative yaw rate,NOTE1,output,signalName,aeroBodyForceCoefficient_Z,nd,-0.416,1e-06,
Negative yaw rate,NOTE1,output,signalName,aeroBodyMomentCoefficient_Roll,nd,-0.016498,1e-06,
Negative yaw rate,NOTE1,output,signalName,aeroBodyMomentCoefficient_Pitch,nd,-0.0466,1e-06,
Negative yaw rate,NOTE1,output,signalName,aeroBodyMomentCoefficient_Yaw,nd,0.06163368586667,1e-06,
Positive elevator,NOTE1,input,signalName,trueAirspeed,f_s,300.0,,
Positive elevator,NOTE1,input,signalName,angleOfAttack,deg,5.0,,
Positive elevator,NOTE1,input,signalName,angleOfSideslip,deg,0.0,,
Positive elevator,NOTE1,input,signalName,bodyAngularRate_Roll,rad_s,0.0,,
Positive elevator,NOTE1,input,signalName,bodyAngularRate_Pitch,rad_s,0.0,,
Positive elevator,NOTE1,input,signalName,bodyAngularRate_Yaw,rad_s,0.0,,
Positive elevator,NOTE1,input,signalName,elevatorDeflection,deg,12.92,,
Positive elevator,NOTE1,input,signalName,aileronDeflection,deg,0.0,,
Positive elevator,NOTE1,input,signalName,rudderDeflection,deg,0.0,,
Positive elevator,NOTE1,input,signalName,bodyPositionOfCgWrtWingLeadingEdge_X,fracMAC,0.25,,
Positive elevator,NOTE1,internal,varID,vt,,300.0,,
Positive elevator,NOTE1,internal,varID,alpha,,5.0,,
Positive elevator,NOTE1,internal,varID,beta,,0.0,,
Positive elevator,NOTE1,internal,varID,p,,0.0,,
Positive elevator,NOTE1,internal,varID,q,,0.0,,
Positive elevator,NOTE1,internal,varID,r,,0.0,,
Positive elevator,NOTE1,internal,varID,el,,12.92,,
Positive elevator,NOTE1,internal,varID,ail,,0.0,,
Positive elevator,NOTE1,internal,varID,rdr,,0.0,,
Positive elevator,NOTE1,internal,varID,xcg,,0.25,,
Positive elevator,NOTE1,internal,varID,rtd,,57.29577957855229,,
Positive elevator,NOTE1,internal,varID,xcgr,,0.35,,
Positive elevator,NOTE1,internal,varID,cbar,,11.32,,
Positive elevator,NOTE1,internal,varID,bspan,,30.0,,
Positive elevator,NOTE1,internal,varID,del,,0.5168,,
Positive elevator,NOTE1,internal,varID,dail,,0.0,,
Positive elevator,NOTE1,internal,varID,drdr,,0.0,,
Positive elevator,NOTE1,internal,varID,cxt,,-0.028603333333333335,,
Positive elevator,NOTE1,internal,varID,cy0,,0.0,,
Positive elevator,NOTE1,internal,varID,czt,,-0.416,,
Positive elevator,NOTE1,internal,varID,cz1,,-0.514192,,
Positive elevator,NOTE1,internal,varID,cl1,,0.0,,
Positive elevator,NOTE1,internal,varID,cn1,,0.0,,
Positive elevator,NOTE1,internal,varID,tvt,,600.0,,
Positive elevator,NOTE1,internal,varID,b2v,,0.05,,
Positive elevator,NOTE1,internal,varID,cq2v,,0.0,,
Positive elevator,NOTE1,internal,varID,absbeta,,0.0,,
Positive elevator,NOTE1,internal,varID,absCl0,,0.0,,
Positive elevator,NOTE1,internal,varID,absCn0,,0.0,,
Positive elevator,NOTE1,internal,varID,clt,,0.0,,
Positive elevator,NOTE1,internal,varID,cmt,,-0.13206,,
Positive elevator,NOTE1,internal,varID,cnt,,0.0,,
Positive elevator,NOTE1,internal,varID,cxq,,1.34,,
Positive elevator,NOTE1,internal,varID,cyr,,0.958,,
Positive elevator,NOTE1,internal,varID,cyp,,0.11,,
Positive elevator,NOTE1,internal,varID,czq,,-31.4,,
Positive elevator,NOTE1,internal,varID,clr,,0.113,,
Positive elevator,NOTE1,internal,varID,clp,,-0.42,,
Positive elevator,NOTE1,internal,varID,cmq,,-5.26,,
Positive elevator,NOTE1,internal,varID,cnr,,-0.386,,
Positive elevator,NOTE1,internal,varID,cnp,,-0.012,,
Positive elevator,NOTE1,internal,varID,dclda,,-0.052,,
Positive elevator,NOTE1,internal,varID,dcldr,,0.014,,
Positive elevator,NOTE1,internal,varID,dcnda,,-0.009,,
Positive elevator,NOTE1,internal,varID,dcndr,,-0.045,,
Positive elevator,NOTE1,internal,varID,cx,,-0.028603333333333335,,
Positive elevator,NOTE1,internal,varID,cy,,0.0,,
Positive elevator,NOTE1,internal,varID,cz,,-0.514192,,
Positive elevator,NOTE1,internal,varID,cl,,0.0,,
Positive elevator,NOTE1,internal,varID,cm,,-0.1834792,,
Positive elevator,NOTE1,internal,varID,cn,,0.0,,
Positive elevator,NOTE1,output,signalName,aeroBodyForceCoefficient_X,nd,-0.02860333333333,1e-06,
Positive elevator,NOTE1,output,signalName,aeroBodyForceCoefficient_Y,nd,0.0,1e-06,
Positive elevator,NOTE1,output,signalName,aeroBodyForceCoefficient_Z,nd,-0.514192,1e-06,
Positive elevator,NOTE1,output,signalName,aeroBodyMomentCoefficient_Roll,nd,0.0,1e-06,
Positive elevator,NOTE1,output,signalName,aeroBodyMomentCoefficient_Pitch,nd,-0.1834792,1e-06,
Positive elevator,NOTE1,output,signalName,aeroBodyMomentCoefficient_Yaw,nd,0.0,1e-06,
Negative elevator,NOTE1,input,signalName,trueAirspeed,f_s,300.0,,
Negative elevator,NOTE1,input,signalName,angleOfAttack,deg,5.0,,
Negative elevator,NOTE1,input,signalName,angleOfSideslip,deg,0.0,,
Negative elevator,NOTE1,input,signalName,bodyAngularRate_Roll,rad_s,0.0,,
Negative elevator,NOTE1,input,signalName,bodyAngularRate_Pitch,rad_s,0.0,,
Negative elevator,NOTE1,input,signalName,bodyAngularRate_Yaw,rad_s,0.0,,
Negative elevator,NOTE1,input,signalName,elevatorDeflection,deg,-12.92,,
Negative elevator,NOTE1,input,signalName,aileronDeflection,deg,0.0,,
Negative elevator,NOTE1,input,signalName,rudderDeflection,deg,0.0,,
Negative elevator,NOTE1,input,signalName,bodyPositionOfCgWrtWingLeadingEdge_X,fracMAC,0.25,,
Negative elevator,NOTE1,internal,varID,vt,,300.0,,
Negative elevator,NOTE1,internal,varID,alpha,,5.0,,
Negative elevator,NOTE1,internal,varID,beta,,0.0,,
Negative elevator,NOTE1,internal,varID,p,,0.0,,
Negative elevator,NOTE1,internal,varID,q,,0.0,,
Negative elevator,NOTE1,internal,varID,r,,0.0,,
Negative elevator,NOTE1,internal,varID,el,,-12.92,,
Negative elevator,NOTE1,internal,varID,ail,,0.0,,
Negative elevator,NOTE1,internal,varID,rdr,,0.0,,
Negative elevator,NOTE1,internal,varID,xcg,,0.25,,
Negative elevator,NOTE1,internal,varID,rtd,,57.29577957855229,,
Negative elevator,NOTE1,internal,varID,xcgr,,0.35,,
Negative elevator,NOTE1,internal,varID,cbar,,11.32,,
Negative elevator,NOTE1,internal,varID,bspan,,30.0,,
Negative elevator,NOTE1,internal,varID,del,,-0.5168,,
Negative elevator,NOTE1,internal,varID,dail,,0.0,,
Negative elevator,NOTE1,internal,varID,drdr,,0.0,,
Negative elevator,NOTE1,internal,varID,cxt,,-0.024220000000000005,,
Negative elevator,NOTE1,internal,varID,cy0,,0.0,,
Negative elevator,NOTE1,internal,varID,czt,,-0.416,,
Negative elevator,NOTE1,internal,varID,cz1,,-0.317808,,
Negative elevator,NOTE1,internal,varID,cl1,,0.0,,
Negative elevator,NOTE1,internal,varID,cn1,,0.0,,
Negative elevator,NOTE1,internal,varID,tvt,,600.0,,
Negative elevator,NOTE1,internal,varID,b2v,,0.05,,
Negative elevator,NOTE1,internal,varID,cq2v,,0.0,,
Negative elevator,NOTE1,internal,varID,absbeta,,0.0,,
Negative elevator,NOTE1,internal,varID,absCl0,,0.0,,
Negative elevator,NOTE1,internal,varID,absCn0,,0.0,,
Negative elevator,NOTE1,internal,varID,clt,,0.0,,
Negative elevator,NOTE1,internal,varID,cmt,,0.11659333333333334,,
Negative elevator,NOTE1,internal,varID,cnt,,0.0,,
Negative elevator,NOTE1,internal,varID,cxq,,1.34,,
Negative elevator,NOTE1,internal,varID,cyr,,0.958,,
Negative elevator,NOTE1,internal,varID,cyp,,0.11,,
Negative elevator,NOTE1,internal,varID,czq,,-31.4,,
Negative elevator,NOTE1,internal,varID,clr,,0.113,,
Negative elevator,NOTE1,internal,varID,clp,,-0.42,,
Negative elevator,NOTE1,internal,varID,cmq,,-5.26,,
Negative elevator,NOTE1,internal,varID,cnr,,-0.386,,
Negative elevator,NOTE1,internal,varID,cnp,,-0.012,,
Negative elevator,NOTE1,internal,varID,dclda,,-0.052,,
Negative elevator,NOTE1,internal,varID,dcldr,,0.014,,
Negative elevator,NOTE1,internal,varID,dcnda,,-0.009,,
Negative elevator,NOTE1,internal,varID,dcndr,,-0.045,,
Negative elevator,NOTE1,internal,varID,cx,,-0.024220000000000005,,
Negative elevator,NOTE1,internal,varID,cy,,0.0,,
Negative elevator,NOTE1,internal,varID,cz,,-0.317808,,
Negative elevator,NOTE1,internal,varID,cl,,0.0,,
Negative elevator,NOTE1,internal,varID,cm,,0.08481253333333336,,
Negative elevator,NOTE1,internal,varID,cn,,0.0,,
Negative elevator,NOTE1,output,signalName,aeroBodyForceCoefficient_X,nd,-0.02422,1e-06,
Negative elevator,NOTE1,output,signalName,aeroBodyForceCoefficient_Y,nd,0.0,1e-06,
Negative elevator,NOTE1,output,signalName,aeroBodyForceCoefficient_Z,nd,-0.317808,1e-06,
Negative elevator,NOTE1,output,signalName,aeroBodyMomentCoefficient_Roll,nd,0.0,1e-06,
Negative elevator,NOTE1,output,signalName,aeroBodyMomentCoefficient_Pitch,nd,0.08481253333333,1e-06,
Negative elevator,NOTE1,output,signalName,aeroBodyMomentCoefficient_Yaw,nd,0.0,1e-06,
Positive aileron,NOTE1,input,signalName,trueAirspeed,f_s,300.0,,
Positive aileron,NOTE1,input,signalName,angleOfAttack,deg,5.0,,
Positive aileron,NOTE1,input,signalName,angleOfSideslip,deg,0.0,,
Positive aileron,NOTE1,input,signalName,bodyAngularRate_Roll,rad_s,0.0,,
Positive aileron,NOTE1,input,signalName,bodyAngularRate_Pitch,rad_s,0.0,,
Positive aileron,NOTE1,input,signalName,bodyAngularRate_Yaw,rad_s,0.0,,
Positive aileron,NOTE1,input,signalName,elevatorDeflection,deg,0.0,,
Positive aileron,NOTE1,input,signalName,aileronDeflection,deg,24.1,,
Positive aileron,NOTE1,input,signalName,rudderDeflection,deg,0.0,,
Positive aileron,NOTE1,input,signalName,bodyPositionOfCgWrtWingLeadingEdge_X,fracMAC,0.25,,
Positive aileron,NOTE1,internal,varID,vt,,300.0,,
Positive aileron,NOTE1,internal,varID,alpha,,5.0,,
Positive aileron,NOTE1,internal,varID,beta,,0.0,,
Positive aileron,NOTE1,internal,varID,p,,0.0,,
Positive aileron,NOTE1,internal,varID,q,,0.0,,
Positive aileron,NOTE1,internal,varID,r,,0.0,,
Positive aileron,NOTE1,internal,varID,el,,0.0,,
Positive aileron,NOTE1,internal,varID,ail,,24.1,,
Positive aileron,NOTE1,internal,varID,rdr,,0.0,,
Positive aileron,NOTE1,internal,varID,xcg,,0.25,,
Positive aileron,NOTE1,internal,varID,rtd,,57.29577957855229,,
Positive aileron,NOTE1,internal,varID,xcgr,,0.35,,
Positive aileron,NOTE1,internal,varID,cbar,,11.32,,
Positive aileron,NOTE1,internal,varID,bspan,,30.0,,
Positive aileron,NOTE1,internal,varID,del,,0.0,,
Positive aileron,NOTE1,internal,varID,dail,,1.205,,
Positive aileron,NOTE1,internal,varID,drdr,,0.0,,
Positive aileron,NOTE1,internal,varID,cxt,,-0.004,,
Positive aileron,NOTE1,internal,varID,cy0,,0.025305000000000005,,
Positive aileron,NOTE1,internal,varID,czt,,-0.416,,
Positive aileron,NOTE1,internal,varID,cz1,,-0.416,,
Positive aileron,NOTE1,internal,varID,cl1,,-0.06266000000000001,,
Positive aileron,NOTE1,internal,varID,cn1,,-0.010845,,
Positive aileron,NOTE1,internal,varID,tvt,,600.0,,
Positive aileron,NOTE1,internal,varID,b2v,,0.05,,
Positive aileron,NOTE1,internal,varID,cq2v,,0.0,,
Positive aileron,NOTE1,internal,varID,absbeta,,0.0,,
Positive aileron,NOTE1,internal,varID,absCl0,,0.0,,
Positive aileron,NOTE1,internal,varID,absCn0,,0.0,,
Positive aileron,NOTE1,internal,varID,clt,,0.0,,
Positive aileron,NOTE1,internal,varID,cmt,,-0.005,,
Positive aileron,NOTE1,internal,varID,cnt,,0.0,,
Positive aileron,NOTE1,internal,varID,cxq,,1.34,,
Positive aileron,NOTE1,internal,varID,cyr,,0.958,,
Positive aileron,NOTE1,internal,varID,cyp,,0.11,,
Positive aileron,NOTE1,internal,varID,czq,,-31.4,,
Positive aileron,NOTE1,internal,varID,clr,,0.113,,
Positive aileron,NOTE1,internal,varID,clp,,-0.42,,
Positive aileron,NOTE1,internal,varID,cmq,,-5.26,,
Positive aileron,NOTE1,internal,varID,cnr,,-0.386,,
Positive aileron,NOTE1,internal,varID,cnp,,-0.012,,
Positive aileron,NOTE1,internal,varID,dclda,,-0.052,,
Positive aileron,NOTE1,internal,varID,dcldr,,0.014,,
Positive aileron,NOTE1,internal,varID,dcnda,,-0.009,,
Positive aileron,NOTE1,internal,varID,dcndr,,-0.045,,
Positive aileron,NOTE1,internal,varID,cx,,-0.004,,
Positive aileron,NOTE1,internal,varID,cy,,0.025305000000000005,,
Positive aileron,NOTE1,internal,varID,cz,,-0.416,,
Positive aileron,NOTE1,internal,varID,cl,,-0.06266000000000001,,
Positive aileron,NOTE1,internal,varID,cm,,-0.04659999999999999,,
Positive aileron,NOTE1,internal,varID,cn,,-0.011799842,,
Positive aileron,NOTE1,output,signalName,aeroBodyForceCoefficient_X,nd,-0.004,1e-06,
Positive aileron,NOTE1,output,signalName,aeroBodyForceCoefficient_Y,nd,0.025305,1e-06,
Positive aileron,NOTE1,output,signalName,aeroBodyForceCoefficient_Z,nd,-0.416,1e-06,
Positive aileron,NOTE1,output,signalName,aeroBodyMomentCoefficient_Roll,nd,-0.06266,1e-06,
Positive aileron,NOTE1,output,signalName,aeroBodyMomentCoefficient_Pitch,nd,-0.0466,1e-06,
Positive aileron,NOTE1,output,signalName,aeroBodyMomentCoefficient_Yaw,nd,-0.011799842,1e-06,
Negative aileron,NOTE1,input,signalName,trueAirspeed,f_s,300.0,,
Negative aileron,NOTE1,input,signalName,angleOfAttack,deg,5.0,,
Negative aileron,NOTE1,input,signalName,angleOfSideslip,deg,0.0,,
Negative aileron,NOTE1,input,signalName,bodyAngularRate_Roll,rad_s,0.0,,
Negative aileron,NOTE1,input,signalName,bodyAngularRate_Pitch,rad_s,0.0,,
Negative aileron,NOTE1,input,signalName,bodyAngularRate_Yaw,rad_s,0.0,,
Negative aileron,NOTE1,input,signalName,elevatorDeflection,deg,0.0,,
Negative aileron,NOTE1,input,signalName,aileronDeflection,deg,-24.1,,
Negative aileron,NOTE1,input,signalName,rudderDeflection,deg,0.0,,
Negative aileron,NOTE1,input,signalName,bodyPositionOfCgWrtWingLeadingEdge_X,fracMAC,0.25,,
Negative aileron,NOTE1,internal,varID,vt,,300.0,,
Negative aileron,NOTE1,internal,varID,alpha,,5.0,,
Negative aileron,NOTE1,internal,varID,beta,,0.0,,
Negative aileron,NOTE1,internal,varID,p,,0.0,,
Negative aileron,NOTE1,internal,varID,q,,0.0,,
Negative aileron,NOTE1,internal,varID,r,,0.0,,
Negative aileron,NOTE1,internal,varID,el,,0.0,,
Negative aileron,NOTE1,internal,varID,ail,,-24.1,,
Negative aileron,NOTE1,internal,varID,rdr,,0.0,,
Negative aileron,NOTE1,internal,varID,xcg,,0.25,,
Negative aileron,NOTE1,internal,varID,rtd,,57.29577957855229,,
Negative aileron,NOTE1,internal,varID,xcgr,,0.35,,
Negative aileron,NOTE1,internal,varID,cbar,,11.32,,
Negative aileron,NOTE1,internal,varID,bspan,,30.0,,
Negative aileron,NOTE1,internal,varID,del,,0.0,,
Negative aileron,NOTE1,internal,varID,dail,,-1.205,,
Negative aileron,NOTE1,internal,varID,drdr,,0.0,,
Negative aileron,NOTE1,internal,varID,cxt,,-0.004,,
Negative aileron,NOTE1,internal,varID,cy0,,-0.025305000000000005,,
Negative aileron,NOTE1,internal,varID,czt,,-0.416,,
Negative aileron,NOTE1,internal,varID,cz1,,-0.416,,
Negative aileron,NOTE1,internal,varID,cl1,,0.06266000000000001,,
Negative aileron,NOTE1,internal,varID,cn1,,0.010845,,
Negative aileron,NOTE1,internal,varID,tvt,,600.0,,
Negative aileron,NOTE1,internal,varID,b2v,,0.05,,
Negative aileron,NOTE1,internal,varID,cq2v,,0.0,,
Negative aileron,NOTE1,internal,varID,absbeta,,0.0,,
Negative aileron,NOTE1,internal,varID,absCl0,,0.0,,
Negative aileron,NOTE1,internal,varID,absCn0,,0.0,,
Negative aileron,NOTE1,internal,varID,clt,,0.0,,
Negative aileron,NOTE1,internal,varID,cmt,,-0.005,,
Negative aileron,NOTE1,internal,varID,cnt,,0.0,,
Negative aileron,NOTE1,internal,varID,cxq,,1.34,,
Negative aileron,NOTE1,internal,varID,cyr,,0.958,,
Negative aileron,NOTE1,internal,varID,cyp,,0.11,,
Negative aileron,NOTE1,internal,varID,czq,,-31.4,,
Negative aileron,NOTE1,internal,varID,clr,,0.113,,
Negative aileron,NOTE1,internal,varID,clp,,-0.42,,
Negative aileron,NOTE1,internal,varID,cmq,,-5.26,,
Negative aileron,NOTE1,internal,varID,cnr,,-0.386,,
Negative aileron,NOTE1,internal,varID,cnp,,-0.012,,
Negative aileron,NOTE1,internal,varID,dclda,,-0.052,,
Negative aileron,NOTE1,internal,varID,dcldr,,0.014,,
Negative aileron,NOTE1,internal,varID,dcnda,,-0.009,,
Negative aileron,NOTE1,internal,varID,dcndr,,-0.045,,
Negative aileron,NOTE1,internal,varID,cx,,-0.004,,
Negative aileron,NOTE1,internal,varID,cy,,-0.025305000000000005,,
Negative aileron,NOTE1,internal,varID,cz,,-0.416,,
Negative aileron,NOTE1,internal,varID,cl,,0.06266000000000001,,
Negative aileron,NOTE1,internal,varID,cm,,-0.04659999999999999,,
Negative aileron,NOTE1,internal,varID,cn,,0.011799842,,
Negative aileron,NOTE1,output,signalName,aeroBodyForceCoefficient_X,nd,-0.004,1e-06,
Negative aileron,NOTE1,output,signalName,aeroBodyForceCoefficient_Y,nd,-0.025305,1e-06,
Negative aileron,NOTE1,output,signalName,aeroBodyForceCoefficient_Z,nd,-0.416,1e-06,
Negative aileron,NOTE1,output,signalName,aeroBodyMomentCoefficient_Roll,nd,0.06266,1e-06,
Negative aileron,NOTE1,output,signalName,aeroBodyMomentCoefficient_Pitch,nd,-0.0466,1e-06,
Negative aileron,NOTE1,output,signalName,aeroBodyMomentCoefficient_Yaw,nd,0.011799842,1e-06,
Positive rudder,NOTE1,input,signalName,trueAirspeed,f_s,300.0,,
Positive rudder,NOTE1,input,signalName,angleOfAttack,deg,5.0,,
Positive rudder,NOTE1,input,signalName,angleOfSideslip,deg,0.0,,
Positive rudder,NOTE1,input,signalName,bodyAngularRate_Roll,rad_s,0.0,,
Positive rudder,NOTE1,input,signalName,bodyAngularRate_Pitch,rad_s,0.0,,
Positive rudder,NOTE1,input,signalName,bodyAngularRate_Yaw,rad_s,0.0,,
Positive rudder,NOTE1,input,signalName,elevatorDeflection,deg,0.0,,
Positive rudder,NOTE1,input,signalName,aileronDeflection,deg,0.0,,
Positive rudder,NOTE1,input,signalName,rudderDeflection,deg,12.03,,
Positive rudder,NOTE1,input,signalName,bodyPositionOfCgWrtWingLeadingEdge_X,fracMAC,0.25,,
Positive rudder,NOTE1,internal,varID,vt,,300.0,,
Positive rudder,NOTE1,internal,varID,alpha,,5.0,,
Positive rudder,NOTE1,internal,varID,beta,,0.0,,
Positive rudder,NOTE1,internal,varID,p,,0.0,,
Positive rudder,NOTE1,internal,varID,q,,0.0,,
Positive rudder,NOTE1,internal,varID,r,,0.0,,
Positive rudder,NOTE1,internal,varID,el,,0.0,,
Positive rudder,NOTE1,internal,varID,ail,,0.0,,
Positive rudder,NOTE1,internal,varID,rdr,,12.03,,
Positive rudder,NOTE1,internal,varID,xcg,,0.25,,
Positive rudder,NOTE1,internal,varID,rtd,,57.29577957855229,,
Positive rudder,NOTE1,internal,varID,xcgr,,0.35,,
Positive rudder,NOTE1,internal,varID,cbar,,11.32,,
Positive rudder,NOTE1,internal,varID,bspan,,30.0,,
Positive rudder,NOTE1,internal,varID,del,,0.0,,
Positive rudder,NOTE1,internal,varID,dail,,0.0,,
Positive rudder,NOTE1,internal,varID,drdr,,0.40099999999999997,,
Positive rudder,NOTE1,internal,varID,cxt,,-0.004,,
Positive rudder,NOTE1,internal,varID,cy0,,0.034485999999999996,,
Positive rudder,NOTE1,internal,varID,czt,,-0.416,,
Positive rudder,NOTE1,internal,varID,cz1,,-0.416,,
Positive rudder,NOTE1,internal,varID,cl1,,0.005614,,
Positive rudder,NOTE1,internal,varID,cn1,,-0.018045,,
Positive rudder,NOTE1,internal,varID,tvt,,600.0,,
Positive rudder,NOTE1,internal,varID,b2v,,0.05,,
Positive rudder,NOTE1,internal,varID,cq2v,,0.0,,
Positive rudder,NOTE1,internal,varID,absbeta,,0.0,,
Positive rudder,NOTE1,internal,varID,absCl0,,0.0,,
Positive rudder,NOTE1,internal,varID,absCn0,,0.0,,
Positive rudder,NOTE1,internal,varID,clt,,0.0,,
Positive rudder,NOTE1,internal,varID,cmt,,-0.005,,
Positive rudder,NOTE1,internal,varID,cnt,,0.0,,
Positive rudder,NOTE1,internal,varID,cxq,,1.34,,
Positive rudder,NOTE1,internal,varID,cyr,,0.958,,
Positive rudder,NOTE1,internal,varID,cyp,,0.11,,
Positive rudder,NOTE1,internal,varID,czq,,-31.4,,
Positive rudder,NOTE1,internal,varID,clr,,0.113,,
Positive rudder,NOTE1,internal,varID,clp,,-0.42,,
Positive rudder,NOTE1,internal,varID,cmq,,-5.26,,
Positive rudder,NOTE1,internal,varID,cnr,,-0.386,,
Positive rudder,NOTE1,internal,varID,cnp,,-0.012,,
Positive rudder,NOTE1,internal,varID,dclda,,-0.052,,
Positive rudder,NOTE1,internal,varID,dcldr,,0.014,,
Positive rudder,NOTE1,internal,varID,dcnda,,-0.009,,
Positive rudder,NOTE1,internal,varID,dcndr,,-0.045,,
Positive rudder,NOTE1,internal,varID,cx,,-0.004,,
Positive rudder,NOTE1,internal,varID,cy,,0.034485999999999996,,
Positive rudder,NOTE1,internal,varID,cz,,-0.416,,
Positive rudder,NOTE1,internal,varID,cl,,0.005614,,
Positive rudder,NOTE1,internal,varID,cm,,-0.04659999999999999,,
Positive rudder,NOTE1,internal,varID,cn,,-0.01934627173333333,,
Positive rudder,NOTE1,output,signalName,aeroBodyForceCoefficient_X,nd,-0.004,1e-06,
Positive rudder,NOTE1,output,signalName,aeroBodyForceCoefficient_Y,nd,0.034486,1e-06,
Positive rudder,NOTE1,output,signalName,aeroBodyForceCoefficient_Z,nd,-0.416,1e-06,
Positive rudder,NOTE1,output,signalName,aeroBodyMomentCoefficient_Roll,nd,0.005614,1e-06,
Positive rudder,NOTE1,output,signalName,aeroBodyMomentCoefficient_Pitch,nd,-0.0466,1e-06,
Positive rudder,NOTE1,output,signalName,aeroBodyMomentCoefficient_Yaw,nd,-0.01934627173333,1e-06,
Negative rudder,NOTE1,input,signalName,trueAirspeed,f_s,300.0,,
Negative rudder,NOTE1,input,signalName,angleOfAttack,deg,5.0,,
Negative rudder,NOTE1,input,signalName,angleOfSideslip,deg,0.0,,
Negative rudder,NOTE1,input,signalName,bodyAngularRate_Roll,rad_s,0.0,,
Negative rudder,NOTE1,input,signalName,bodyAngularRate_Pitch,rad_s,0.0,,
Negative rudder,NOTE1,input,signalName,bodyAngularRate_Yaw,rad_s,0.0,,
Negative rudder,NOTE1,input,signalName,elevatorDeflection,deg,0.0,,
Negative rudder,NOTE1,input,signalName,aileronDeflection,deg,0.0,,
Negative rudder,NOTE1,input,signalName,rudderDeflection,deg,-12.03,,
Negative rudder,NOTE1,input,signalName,bodyPositionOfCgWrtWingLeadingEdge_X,fracMAC,0.25,,
Negative rudder,NOTE1,internal,varID,vt,,300.0,,
Negative rudder,NOTE1,internal,varID,alpha,,5.0,,
Negative rudder,NOTE1,internal,varID,beta,,0.0,,
Negative rudder,NOTE1,internal,varID,p,,0.0,,
Negative rudder,NOTE1,internal,varID,q,,0.0,,
Negative rudder,NOTE1,internal,varID,r,,0.0,,
Negative rudder,NOTE1,internal,varID,el,,0.0,,
Negative rudder,NOTE1,internal,varID,ail,,0.0,,
Negative rudder,NOTE1,internal,varID,rdr,,-12.03,,
Negative rudder,NOTE1,internal,varID,xcg,,0.25,,
Negative rudder,NOTE1,internal,varID,rtd,,57.29577957855229,,
Negative rudder,NOTE1,internal,varID,xcgr,,0.35,,
Negative rudder,NOTE1,internal,varID,cbar,,11.32,,
Negative rudder,NOTE1,internal,varID,bspan,,30.0,,
Negative rudder,NOTE1,internal,varID,del,,0.0,,
Negative rudder,NOTE1,internal,varID,dail,,0.0,,
Negative rudder,NOTE1,internal,varID,drdr,,-0.40099999999999997,,
Negative rudder,NOTE1,internal,varID,cxt,,-0.004,,
Negative rudder,NOTE1,internal,varID,cy0,,-0.034485999999999996,,
Negative rudder,NOTE1,internal,varID,czt,,-0.416,,
Negative rudder,NOTE1,internal,varID,cz1,,-0.416,,
Negative rudder,NOTE1,internal,varID,cl1,,-0.005614,,
Negative rudder,NOTE1,internal,varID,cn1,,0.018045,,
Negative rudder,NOTE1,internal,varID,tvt,,600.0,,
Negative rudder,NOTE1,internal,varID,b2v,,0.05,,
Negative rudder,NOTE1,internal,varID,cq2v,,0.0,,
Negative rudder,NOTE1,internal,varID,absbeta,,0.0,,
Negative rudder,NOTE1,internal,varID,absCl0,,0.0,,
Negative rudder,NOTE1,internal,varID,absCn0,,0.0,,
Negative rudder,NOTE1,internal,varID,clt,,0.0,,
Negative rudder,NOTE1,internal,varID,cmt,,-0.005,,
Negative rudder,NOTE1,internal,varID,cnt,,0.0,,
Negative rudder,NOTE1,internal,varID,cxq,,1.34,,
Negative rudder,NOTE1,internal,varID,cyr,,0.958,,
Negative rudder,NOTE1,internal,varID,cyp,,0.11,,
Negative rudder,NOTE1,internal,varID,czq,,-31.4,,
Negative rudder,NOTE1,internal,varID,clr,,0.113,,
Negative rudder,NOTE1,internal,varID,clp,,-0.42,,
Negative rudder,NOTE1,internal,varID,cmq,,-5.26,,
Negative rudder,NOTE1,internal,varID,cnr,,-0.386,,
Negative rudder,NOTE1,internal,varID,cnp,,-0.012,,
Negative rudder,NOTE1,internal,varID,dclda,,-0.052,,
Negative rudder,NOTE1,internal,varID,dcldr,,0.014,,
Negative rudder,NOTE1,internal,varID,dcnda,,-0.009,,
Negative rudder,NOTE1,internal,varID,dcndr,,-0.045,,
Negative rudder,NOTE1,internal,varID,cx,,-0.004,,
Negative rudder,NOTE1,internal,varID,cy,,-0.034485999999999996,,
Negative rudder,NOTE1,internal,varID,cz,,-0.416,,
Negative rudder,NOTE1,internal,varID,cl,,-0.005614,,
Negative rudder,NOTE1,internal,varID,cm,,-0.04659999999999999,,
Negative rudder,NOTE1,internal,varID,cn,,0.01934627173333333,,
Negative rudder,NOTE1,output,signalName,aeroBodyForceCoefficient_X,nd,-0.004,1e-06,
Negative rudder,NOTE1,output,signalName,aeroBodyForceCoefficient_Y,nd,-0.034486,1e-06,
Negative rudder,NOTE1,output,signalName,aeroBodyForceCoefficient_Z,nd,-0.416,1e-06,
Negative rudder,NOTE1,output,signalName,aeroBodyMomentCoefficient_Roll,nd,-0.005614,1e-06,
Negative rudder,NOTE1,output,signalName,aeroBodyMomentCoefficient_Pitch,nd,-0.0466,1e-06,
Negative rudder,NOTE1,output,signalName,aeroBodyMomentCoefficient_Yaw,nd,0.01934627173333,1e-06,
Aft CG,NOTE1,input,signalName,trueAirspeed,f_s,300.0,,
Aft CG,NOTE1,input,signalName,angleOfAttack,deg,5.0,,
Aft CG,NOTE1,input,signalName,angleOfSideslip,deg,0.0,,
Aft CG,NOTE1,input,signalName,bodyAngularRate_Roll,rad_s,0.0,,
Aft CG,NOTE1,input,signalName,bodyAngularRate_Pitch,rad_s,0.0,,
Aft CG,NOTE1,input,signalName,bodyAngularRate_Yaw,rad_s,0.0,,
Aft CG,NOTE1,input,signalName,elevatorDeflection,deg,0.0,,
Aft CG,NOTE1,input,signalName,aileronDeflection,deg,0.0,,
Aft CG,NOTE1,input,signalName,rudderDeflection,deg,0.0,,
Aft CG,NOTE1,input,signalName,bodyPositionOfCgWrtWingLeadingEdge_X,fracMAC,0.35,,
Aft CG,NOTE1,internal,varID,vt,,300.0,,
Aft CG,NOTE1,internal,varID,alpha,,5.0,,
Aft CG,NOTE1,internal,varID,beta,,0.0,,
Aft CG,NOTE1,internal,varID,p,,0.0,,
Aft CG,NOTE1,internal,varID,q,,0.0,,
Aft CG,NOTE1,internal,varID,r,,0.0,,
Aft CG,NOTE1,internal,varID,el,,0.0,,
Aft CG,NOTE1,internal,varID,ail,,0.0,,
Aft CG,NOTE1,internal,varID,rdr,,0.0,,
Aft CG,NOTE1,internal,varID,xcg,,0.35,,
Aft CG,NOTE1,internal,varID,rtd,,57.29577957855229,,
Aft CG,NOTE1,internal,varID,xcgr,,0.35,,
Aft CG,NOTE1,internal,varID,cbar,,11.32,,
Aft CG,NOTE1,internal,varID,bspan,,30.0,,
Aft CG,NOTE1,internal,varID,del,,0.0,,
Aft CG,NOTE1,internal,varID,dail,,0.0,,
Aft CG,NOTE1,internal,varID,drdr,,0.0,,
Aft CG,NOTE1,internal,varID,cxt,,-0.004,,
Aft CG,NOTE1,internal,varID,cy0,,0.0,,
Aft CG,NOTE1,internal,varID,czt,,-0.416,,
Aft CG,NOTE1,internal,varID,cz1,,-0.416,,
Aft CG,NOTE1,internal,varID,cl1,,0.0,,
Aft CG,NOTE1,internal,varID,cn1,,0.0,,
Aft CG,NOTE1,internal,varID,tvt,,600.0,,
Aft CG,NOTE1,internal,varID,b2v,,0.05,,
Aft CG,NOTE1,internal,varID,cq2v,,0.0,,
Aft CG,NOTE1,internal,varID,absbeta,,0.0,,
Aft CG,NOTE1,internal,varID,absCl0,,0.0,,
Aft CG,NOTE1,internal,varID,absCn0,,0.0,,
Aft CG,NOTE1,internal,varID,clt,,0.0,,
Aft CG,NOTE1,internal,varID,cmt,,-0.005,,
Aft CG,NOTE1,internal,varID,cnt,,0.0,,
Aft CG,NOTE1,internal,varID,cxq,,1.34,,
Aft CG,NOTE1,internal,varID,cyr,,0.958,,
Aft CG,NOTE1,internal,varID,cyp,,0.11,,
Aft CG,NOTE1,internal,varID,czq,,-31.4,,
Aft CG,NOTE1,internal,varID,clr,,0.113,,
Aft CG,NOTE1,internal,varID,clp,,-0.42,,
Aft CG,NOTE1,internal,varID,cmq,,-5.26,,
Aft CG,NOTE1,internal,varID,cnr,,-0.386,,
Aft CG,NOTE1,internal,varID,cnp,,-0.012,,
Aft CG,NOTE1,internal,varID,dclda,,-0.052,,
Aft CG,NOTE1,internal,varID,dcldr,,0.014,,
Aft CG,NOTE1,internal,varID,dcnda,,-0.009,,
Aft CG,NOTE1,internal,varID,dcndr,,-0.045,,
Aft CG,NOTE1,internal,varID,cx,,-0.004,,
Aft CG,NOTE1,internal,varID,cy,,0.0,,
Aft CG,NOTE1,internal,varID,cz,,-0.416,,
Aft CG,NOTE1,internal,varID,cl,,0.0,,
Aft CG,NOTE1,internal,varID,cm,,-0.005,,
Aft CG,NOTE1,internal,varID,cn,,0.0,,
Aft CG,NOTE1,output,signalName,aeroBodyForceCoefficient_X,nd,-0.004,1e-06,
Aft CG,NOTE1,output,signalName,aeroBodyForceCoefficient_Y,nd,0.0,1e-06,
Aft CG,NOTE1,output,signalName,aeroBodyForceCoefficient_Z,nd,-0.416,1e-06,
Aft CG,NOTE1,output,signalName,aeroBodyMomentCoefficient_Roll,nd,0.0,1e-06,
Aft CG,NOTE1,output,signalName,aeroBodyMomentCoefficient_Pitch,nd,-0.005,1e-06,
Aft CG,NOTE1,output,signalName,aeroBodyMomentCoefficient_Yaw,nd,0.0,1e-06,
Skewed inputs,NOTE1,input,signalName,trueAirspeed,f_s,300.0,,
Skewed inputs,NOTE1,input,signalName,angleOfAttack,deg,16.2,,
Skewed inputs,NOTE1,input,signalName,angleOfSideslip,deg,-3.24,,
Skewed inputs,NOTE1,input,signalName,bodyAngularRate_Roll,rad_s,0.56,,
Skewed inputs,NOTE1,input,signalName,bodyAngularRate_Pitch,rad_s,-0.76,,
Skewed inputs,NOTE1,input,signalName,bodyAngularRate_Yaw,rad_s,-0.94,,
Skewed inputs,NOTE1,input,signalName,elevatorDeflection,deg,4.567,,
Skewed inputs,NOTE1,input,signalName,aileronDeflection,deg,7.654,,
Skewed inputs,NOTE1,input,signalName,rudderDeflection,deg,-2.991,,
Skewed inputs,NOTE1,input,signalName,bodyPositionOfCgWrtWingLeadingEdge_X,fracMAC,0.123,,
Skewed inputs,NOTE1,internal,varID,vt,,300.0,,
Skewed inputs,NOTE1,internal,varID,alpha,,16.2,,
Skewed inputs,NOTE1,internal,varID,beta,,-3.24,,
Skewed inputs,NOTE1,internal,varID,p,,0.56,,
Skewed inputs,NOTE1,internal,varID,q,,-0.76,,
Skewed inputs,NOTE1,internal,varID,r,,-0.94,,
Skewed inputs,NOTE1,internal,varID,el,,4.567,,
Skewed inputs,NOTE1,internal,varID,ail,,7.654,,
Skewed inputs,NOTE1,internal,varID,rdr,,-2.991,,
Skewed inputs,NOTE1,internal,varID,xcg,,0.123,,
Skewed inputs,NOTE1,internal,varID,rtd,,57.29577957855229,,
Skewed inputs,NOTE1,internal,varID,xcgr,,0.35,,
Skewed inputs,NOTE1,internal,varID,cbar,,11.32,,
Skewed inputs,NOTE1,internal,varID,bspan,,30.0,,
Skewed inputs,NOTE1,internal,varID,del,,0.18268,,
Skewed inputs,NOTE1,internal,varID,dail,,0.3827,,
Skewed inputs,NOTE1,internal,varID,drdr,,-0.0997,,
Skewed inputs,NOTE1,internal,varID,cxt,,0.08915927333333333,,
Skewed inputs,NOTE1,internal,varID,cy0,,0.0642625,,
Skewed inputs,NOTE1,internal,varID,czt,,-1.12812,,
Skewed inputs,NOTE1,internal,varID,cz1,,-1.15922175221835,,
Skewed inputs,NOTE1,internal,varID,cl1,,-0.004913040127999998,,
Skewed inputs,NOTE1,internal,varID,cn1,,-0.008683799472,,
Skewed inputs,NOTE1,internal,varID,tvt,,600.0,,
Skewed inputs,NOTE1,internal,varID,b2v,,0.05,,
Skewed inputs,NOTE1,internal,varID,cq2v,,-0.014338666666666666,,
Skewed inputs,NOTE1,internal,varID,absbeta,,3.24,,
Skewed inputs,NOTE1,internal,varID,absCl0,,-0.014256,,
Skewed inputs,NOTE1,internal,varID,absCn0,,0.0108864,,
Skewed inputs,NOTE1,internal,varID,clt,,0.014256,,
Skewed inputs,NOTE1,internal,varID,cmt,,-0.03276327333333335,,
Skewed inputs,NOTE1,internal,varID,cnt,,-0.0108864,,
Skewed inputs,NOTE1,internal,varID,cxq,,2.874,,
Skewed inputs,NOTE1,internal,varID,cyr,,0.9368,,
Skewed inputs,NOTE1,internal,varID,cyp,,0.25432000000000005,,
Skewed inputs,NOTE1,internal,varID,czq,,-29.979999999999997,,
Skewed inputs,NOTE1,internal,varID,clr,,0.25136000000000003,,
Skewed inputs,NOTE1,internal,varID,clp,,-0.36396,,
Skewed inputs,NOTE1,internal,varID,cmq,,-6.412,,
Skewed inputs,NOTE1,internal,varID,cnr,,-0.47628000000000004,,
Skewed inputs,NOTE1,internal,varID,cnp,,-0.006239999999999982,,
Skewed inputs,NOTE1,internal,varID,dclda,,-0.046883999999999995,,
Skewed inputs,NOTE1,internal,varID,dcldr,,0.01230224,,
Skewed inputs,NOTE1,internal,varID,dcnda,,-0.005441279999999999,,
Skewed inputs,NOTE1,internal,varID,dcndr,,-0.04297872,,
Skewed inputs,NOTE1,internal,varID,cx,,0.04794994533333333,,
Skewed inputs,NOTE1,internal,varID,cy,,0.027353860000000008,,
Skewed inputs,NOTE1,internal,varID,cz,,-0.7293485255516835,,
Skewed inputs,NOTE1,internal,varID,cl,,-0.026917840128000005,,
Skewed inputs,NOTE1,internal,varID,cm,,-0.10638585796689881,,
Skewed inputs,NOTE1,internal,varID,cn,,0.011183654767653334,,
Skewed inputs,NOTE1,output,signalName,aeroBodyForceCoefficient_X,nd,0.04794994533333,1e-06,
Skewed inputs,NOTE1,output,signalName,aeroBodyForceCoefficient_Y,nd,0.02735386,1e-06,
Skewed inputs,NOTE1,output,signalName,aeroBodyForceCoefficient_Z,nd,-0.72934852554344,1e-06,
Skewed inputs,NOTE1,output,signalName,aeroBodyMomentCoefficient_Roll,nd,-0.026917840128,1e-06,
Skewed inputs,NOTE1,output,signalName,aeroBodyMomentCoefficient_Pitch,nd,-0.10638585796503,1e-06,
Skewed inputs,NOTE1,output,signalName,aeroBodyMomentCoefficient_Yaw,nd,0.01118365476765,1e-06,
