time_s,phase,staged,stage1_firing,stage2_firing,stage1_fuel_used_kg,stage2_fuel_used_kg,mass_kg,cg_aft_nose_m,mrc_aft_nose_m,cg_from_mrc_body_x_m,ixx_kg_m2,iyy_kg_m2,izz_kg_m2,ixx_rate_kg_m2_s,iyy_rate_kg_m2_s,izz_rate_kg_m2_s
0,stage1_burn,false,true,false,0,0,314000,16.918790000000001,16.918790000000001,0,353250,33501637.473461002,33501637.473461002,-5417.270001835499,-604995.38752698491,-604995.38752698491
1,stage1_burn,false,true,false,4815.3511127426655,0,309184.64888725732,16.718226666865576,16.918790000000001,0.20056333313442565,347832.72999816446,32896642.085934013,32896642.085934013,-5417.270001835499,-604995.38752698491,-604995.38752698491
2,stage1_burn,false,true,false,9630.7022254853309,0,304369.29777451465,16.517663333731154,16.918790000000001,0.40112666626884774,342415.45999632904,32291646.698407032,32291646.698407032,-5417.270001835499,-604995.38752698491,-604995.38752698491
3,stage1_burn,false,true,false,14446.053338227997,0,299553.94666177197,16.317100000596728,16.918790000000001,0.60168999940327339,336998.1899944935,31686651.31088005,31686651.31088005,-5417.270001835499,-604995.38752698491,-604995.38752698491
4,stage1_burn,false,true,false,19261.404450970662,0,294738.5955490293,16.116536667462302,16.918790000000001,0.80225333253769904,331580.91999265796,31081655.923353061,31081655.923353061,-5417.270001835499,-604995.38752698491,-604995.38752698491
5,stage1_burn,false,true,false,24076.755563713326,0,289923.24443628668,15.915973334327877,16.918790000000001,1.0028166656721247,326163.64999082254,30476660.53582608,30476660.53582608,-5417.270001835499,-604995.38752698491,-604995.38752698491
6,stage1_burn,false,true,false,28892.106676455995,0,285107.89332354401,15.715410001193453,16.918790000000001,1.2033799988065486,320746.379988987,29871665.148299091,29871665.148299091,-5417.270001835499,-604995.38752698491,-604995.38752698491
7,stage1_burn,false,true,false,33707.457789198656,0,280292.54221080133,15.514846668059029,16.918790000000001,1.4039433319409724,315329.10998715146,29266669.760772102,29266669.760772102,-5417.270001835499,-604995.38752698491,-604995.38752698491
8,stage1_burn,false,true,false,38522.808901941324,0,275477.19109805871,15.314283334924603,16.918790000000001,1.6045066650753981,309911.83998531604,28661674.37324512,28661674.37324512,-5417.270001835499,-604995.38752698491,-604995.38752698491
9,stage1_burn,false,true,false,43338.160014683992,0,270661.83998531604,15.113720001790178,16.918790000000001,1.8050699982098237,304494.5699834805,28056678.985718139,28056678.985718139,-5417.270001835499,-604995.38752698491,-604995.38752698491
10,stage1_burn,false,true,false,48153.511127426653,0,265846.48887257336,14.913156668655756,16.918790000000001,2.0056333313442458,299077.29998164508,27451683.598191153,27451683.598191153,-5417.270001835499,-604995.38752698491,-604995.38752698491
11,stage1_burn,false,true,false,52968.862240169321,0,261031.13775983069,14.71259333552133,16.918790000000001,2.2061966644786715,293660.02997980954,26846688.210664168,26846688.210664168,-5417.270001835499,-604995.38752698491,-604995.38752698491
12,stage1_burn,false,true,false,57784.213352911989,0,256215.78664708801,14.512030002386904,16.918790000000001,2.4067599976130971,288242.759977974,26241692.823137179,26241692.823137179,-5417.270001835499,-604995.38752698491,-604995.38752698491
13,stage1_burn,false,true,false,62599.56446565465,0,251400.43553434534,14.31146666925248,16.918790000000001,2.607323330747521,282825.48997613852,25636697.435610197,25636697.435610197,-5417.270001835499,-604995.38752698491,-604995.38752698491
14,stage1_burn,false,true,false,67414.915578397311,0,246585.08442160269,14.110903336118055,16.918790000000001,2.8078866638819466,277408.21997430304,25031702.048083212,25031702.048083212,-5417.270001835499,-604995.38752698491,-604995.38752698491
15,stage1_burn,false,true,false,72230.266691139987,0,241769.73330886001,13.910340002983631,16.918790000000001,3.0084499970163705,271990.9499724675,24426706.660556227,24426706.660556227,-5417.270001835499,-604995.38752698491,-604995.38752698491
16,stage1_burn,false,true,false,77045.617803882647,0,236954.38219611737,13.709776669849205,16.918790000000001,3.2090133301507962,266573.67997063202,23821711.273029242,23821711.273029242,-5417.270001835499,-604995.38752698491,-604995.38752698491
17,stage1_burn,false,true,false,81860.968916625308,0,232139.03108337469,13.509213336714781,16.918790000000001,3.40957666328522,261156.40996879654,23216715.885502256,23216715.885502256,-5417.270001835499,-604995.38752698491,-604995.38752698491
18,stage1_burn,false,true,false,86676.320029367984,0,227323.67997063202,13.308650003580356,16.918790000000001,3.6101399964196457,255739.139966961,22611720.497975271,22611720.497975271,-5417.270001835499,-604995.38752698491,-604995.38752698491
19,stage1_burn,false,true,false,91491.671142110645,0,222508.32885788934,13.108086670445932,16.918790000000001,3.8107033295540695,250321.86996512552,22006725.110448286,22006725.110448286,-5417.270001835499,-604995.38752698491,-604995.38752698491
20,stage1_burn,false,true,false,96307.022254853306,0,217692.97774514669,12.907523337311506,16.918790000000001,4.0112666626884952,244904.59996329003,21401729.722921304,21401729.722921304,-5417.270001835499,-604995.38752698491,-604995.38752698491
21,stage1_burn,false,true,false,101122.37336759598,0,212877.62663240402,12.70696000417708,16.918790000000001,4.2118299958229208,239487.32996145452,20796734.335394315,20796734.335394315,-5417.270001835499,-604995.38752698491,-604995.38752698491
22,stage1_burn,false,true,false,105937.72448033864,0,208062.27551966137,12.506396671042657,16.918790000000001,4.4123933289573447,234070.05995961901,20191738.947867334,20191738.947867334,-5417.270001835499,-604995.38752698491,-604995.38752698491
23,stage1_burn,false,true,false,110753.0755930813,0,203246.9244069187,12.305833337908233,16.918790000000001,4.6129566620917686,228652.78995778353,19586743.560340349,19586743.560340349,-5417.270001835499,-604995.38752698491,-604995.38752698491
24,stage1_burn,false,true,false,115568.42670582398,0,198431.57329417602,12.105270004773807,16.918790000000001,4.8135199952261942,223235.51995594802,18981748.172813363,18981748.172813363,-5417.270001835499,-604995.38752698491,-604995.38752698491
25,stage1_burn,false,true,false,120383.77781856664,0,193616.22218143335,11.904706671639383,16.918790000000001,5.0140833283606181,217818.24995411251,18376752.785286378,18376752.785286378,-5417.270001835499,-604995.38752698491,-604995.38752698491
26,stage1_burn,false,true,false,125199.1289313093,0,188800.8710686907,11.704143338504958,16.918790000000001,5.2146466614950437,212400.97995227703,17771757.397759393,17771757.397759393,-5417.270001835499,-604995.38752698491,-604995.38752698491
27,stage1_burn,false,true,false,130014.48004405196,0,183985.51995594805,11.503580005370534,16.918790000000001,5.4152099946294676,206983.70995044155,17166762.010232411,17166762.010232411,-5417.270001835499,-604995.38752698491,-604995.38752698491
28,stage1_burn,false,true,false,134829.83115679462,0,179170.16884320538,11.30301667223611,16.918790000000001,5.6157733277638915,201566.43994860607,16561766.622705426,16561766.622705426,-5417.270001835499,-604995.38752698491,-604995.38752698491
29,stage1_burn,false,true,false,139645.1822695373,0,174354.8177304627,11.102453339101684,16.918790000000001,5.8163366608983171,196149.16994677053,15956771.235178441,15956771.235178441,-5417.270001835499,-604995.38752698491,-604995.38752698491
30,stage1_burn,false,true,false,144460.53338227997,0,169539.46661772003,10.901890005967259,16.918790000000001,6.0168999940327428,190731.89994493502,15351775.847651454,15351775.847651454,-5417.270001835499,-604995.38752698491,-604995.38752698491
31,stage1_burn,false,true,false,149275.88449502262,0,164724.11550497738,10.701326672832835,16.918790000000001,6.2174633271671667,185314.62994309957,14746780.46012447,14746780.46012447,-5417.270001835499,-604995.38752698491,-604995.38752698491
32,stage1_burn,false,true,false,154091.23560776529,0,159908.76439223471,10.500763339698409,16.918790000000001,6.4180266603015923,179897.35994126403,14141785.072597485,14141785.072597485,-5417.270001835499,-604995.38752698491,-604995.38752698491
33,stage1_burn,false,true,false,158906.58672050797,0,155093.41327949203,10.300200006563985,16.918790000000001,6.6185899934360162,174480.08993942852,13536789.6850705,13536789.6850705,-5417.270001835499,-604995.38752698491,-604995.38752698491
34,stage1_burn,false,true,false,163721.93783325062,0,150278.06216674938,10.099636673429561,16.918790000000001,6.81915332657044,169062.81993759307,12931794.297543516,12931794.297543516,-5417.270001835499,-604995.38752698491,-604995.38752698491
35,stage1_burn,false,true,false,168537.28894599329,0,145462.71105400671,9.8990733402951356,16.918790000000001,7.0197166597048657,163645.54993575753,12326798.910016529,12326798.910016529,-5417.270001835499,-604995.38752698491,-604995.38752698491
36,stage1_burn,false,true,false,173352.64005873597,0,140647.35994126403,9.69851000716071,16.918790000000001,7.2202799928392913,158228.27993392205,11721803.522489544,11721803.522489544,-5417.270001835499,-604995.38752698491,-604995.38752698491
37,stage1_burn,false,true,false,178167.99117147861,0,135832.00882852139,9.4979466740262861,16.918790000000001,7.4208433259737152,152811.00993208657,11116808.134962562,11116808.134962562,-5417.270001835499,-604995.38752698491,-604995.38752698491
37.380451764705882,stack_coast,false,false,false,180000,0,134000,9.4216420000000003,16.918790000000001,7.497148000000001,150750,10886636.572139001,10886636.572139001,0,0,0
38,stack_coast,false,false,false,180000,0,134000,9.4216420000000003,16.918790000000001,7.497148000000001,150750,10886636.572139001,10886636.572139001,0,0,0
39,stack_coast,false,false,false,180000,0,134000,9.4216420000000003,16.918790000000001,7.497148000000001,150750,10886636.572139001,10886636.572139001,0,0,0
40,stack_coast,false,false,false,180000,0,134000,9.4216420000000003,16.918790000000001,7.497148000000001,150750,10886636.572139001,10886636.572139001,0,0,0
41,stack_coast,false,false,false,180000,0,134000,9.4216420000000003,16.918790000000001,7.497148000000001,150750,10886636.572139001,10886636.572139001,0,0,0
42,stack_coast,false,false,false,180000,0,134000,9.4216420000000003,16.918790000000001,7.497148000000001,150750,10886636.572139001,10886636.572139001,0,0,0
43,stack_coast,false,false,false,180000,0,134000,9.4216420000000003,16.918790000000001,7.497148000000001,150750,10886636.572139001,10886636.572139001,0,0,0
44,stack_coast,false,false,false,180000,0,134000,9.4216420000000003,16.918790000000001,7.497148000000001,150750,10886636.572139001,10886636.572139001,0,0,0
45,stack_coast,false,false,false,180000,0,134000,9.4216420000000003,16.918790000000001,7.497148000000001,150750,10886636.572139001,10886636.572139001,0,0,0
46,stack_coast,false,false,false,180000,0,134000,9.4216420000000003,16.918790000000001,7.497148000000001,150750,10886636.572139001,10886636.572139001,0,0,0
47,stack_coast,false,false,false,180000,0,134000,9.4216420000000003,16.918790000000001,7.497148000000001,150750,10886636.572139001,10886636.572139001,0,0,0
48,stack_coast,false,false,false,180000,0,134000,9.4216420000000003,16.918790000000001,7.497148000000001,150750,10886636.572139001,10886636.572139001,0,0,0
49,stack_coast,false,false,false,180000,0,134000,9.4216420000000003,16.918790000000001,7.497148000000001,150750,10886636.572139001,10886636.572139001,0,0,0
50,stack_coast,false,false,false,180000,0,134000,9.4216420000000003,16.918790000000001,7.497148000000001,150750,10886636.572139001,10886636.572139001,0,0,0
51,stack_coast,false,false,false,180000,0,134000,9.4216420000000003,16.918790000000001,7.497148000000001,150750,10886636.572139001,10886636.572139001,0,0,0
52,stack_coast,false,false,false,180000,0,134000,9.4216420000000003,16.918790000000001,7.497148000000001,150750,10886636.572139001,10886636.572139001,0,0,0
53,stack_coast,false,false,false,180000,0,134000,9.4216420000000003,16.918790000000001,7.497148000000001,150750,10886636.572139001,10886636.572139001,0,0,0
54,stack_coast,false,false,false,180000,0,134000,9.4216420000000003,16.918790000000001,7.497148000000001,150750,10886636.572139001,10886636.572139001,0,0,0
55,stack_coast,false,false,false,180000,0,134000,9.4216420000000003,16.918790000000001,7.497148000000001,150750,10886636.572139001,10886636.572139001,0,0,0
56,stack_coast,false,false,false,180000,0,134000,9.4216420000000003,16.918790000000001,7.497148000000001,150750,10886636.572139001,10886636.572139001,0,0,0
57,stack_coast,false,false,false,180000,0,134000,9.4216420000000003,16.918790000000001,7.497148000000001,150750,10886636.572139001,10886636.572139001,0,0,0
58,stack_coast,false,false,false,180000,0,134000,9.4216420000000003,16.918790000000001,7.497148000000001,150750,10886636.572139001,10886636.572139001,0,0,0
59,stack_coast,false,false,false,180000,0,134000,9.4216420000000003,16.918790000000001,7.497148000000001,150750,10886636.572139001,10886636.572139001,0,0,0
60,stack_coast,false,false,false,180000,0,134000,9.4216420000000003,16.918790000000001,7.497148000000001,150750,10886636.572139001,10886636.572139001,0,0,0
61,stack_coast,false,false,false,180000,0,134000,9.4216420000000003,16.918790000000001,7.497148000000001,150750,10886636.572139001,10886636.572139001,0,0,0
62,stack_coast,false,false,false,180000,0,134000,9.4216420000000003,16.918790000000001,7.497148000000001,150750,10886636.572139001,10886636.572139001,0,0,0
63,stack_coast,false,false,false,180000,0,134000,9.4216420000000003,16.918790000000001,7.497148000000001,150750,10886636.572139001,10886636.572139001,0,0,0
64,stack_coast,false,false,false,180000,0,134000,9.4216420000000003,16.918790000000001,7.497148000000001,150750,10886636.572139001,10886636.572139001,0,0,0
65,stack_coast,false,false,false,180000,0,134000,9.4216420000000003,16.918790000000001,7.497148000000001,150750,10886636.572139001,10886636.572139001,0,0,0
66,stack_coast,false,false,false,180000,0,134000,9.4216420000000003,16.918790000000001,7.497148000000001,150750,10886636.572139001,10886636.572139001,0,0,0
67,stack_coast,false,false,false,180000,0,134000,9.4216420000000003,16.918790000000001,7.497148000000001,150750,10886636.572139001,10886636.572139001,0,0,0
68,stack_coast,false,false,false,180000,0,134000,9.4216420000000003,16.918790000000001,7.497148000000001,150750,10886636.572139001,10886636.572139001,0,0,0
69,stack_coast,false,false,false,180000,0,134000,9.4216420000000003,16.918790000000001,7.497148000000001,150750,10886636.572139001,10886636.572139001,0,0,0
70,stack_coast,false,false,false,180000,0,134000,9.4216420000000003,16.918790000000001,7.497148000000001,150750,10886636.572139001,10886636.572139001,0,0,0
71,stack_coast,false,false,false,180000,0,134000,9.4216420000000003,16.918790000000001,7.497148000000001,150750,10886636.572139001,10886636.572139001,0,0,0
72,stack_coast,false,false,false,180000,0,134000,9.4216420000000003,16.918790000000001,7.497148000000001,150750,10886636.572139001,10886636.572139001,0,0,0
73,stack_coast,false,false,false,180000,0,134000,9.4216420000000003,16.918790000000001,7.497148000000001,150750,10886636.572139001,10886636.572139001,0,0,0
74,stack_coast,false,false,false,180000,0,134000,9.4216420000000003,16.918790000000001,7.497148000000001,150750,10886636.572139001,10886636.572139001,0,0,0
75,stack_coast,false,false,false,180000,0,134000,9.4216420000000003,16.918790000000001,7.497148000000001,150750,10886636.572139001,10886636.572139001,0,0,0
76,stack_coast,false,false,false,180000,0,134000,9.4216420000000003,16.918790000000001,7.497148000000001,150750,10886636.572139001,10886636.572139001,0,0,0
77,stack_coast,false,false,false,180000,0,134000,9.4216420000000003,16.918790000000001,7.497148000000001,150750,10886636.572139001,10886636.572139001,0,0,0
78,stack_coast,false,false,false,180000,0,134000,9.4216420000000003,16.918790000000001,7.497148000000001,150750,10886636.572139001,10886636.572139001,0,0,0
79,stack_coast,false,false,false,180000,0,134000,9.4216420000000003,16.918790000000001,7.497148000000001,150750,10886636.572139001,10886636.572139001,0,0,0
80,stack_coast,false,false,false,180000,0,134000,9.4216420000000003,16.918790000000001,7.497148000000001,150750,10886636.572139001,10886636.572139001,0,0,0
81,stack_coast,false,false,false,180000,0,134000,9.4216420000000003,16.918790000000001,7.497148000000001,150750,10886636.572139001,10886636.572139001,0,0,0
82,stack_coast,false,false,false,180000,0,134000,9.4216420000000003,16.918790000000001,7.497148000000001,150750,10886636.572139001,10886636.572139001,0,0,0
83,stack_coast,false,false,false,180000,0,134000,9.4216420000000003,16.918790000000001,7.497148000000001,150750,10886636.572139001,10886636.572139001,0,0,0
84,stack_coast,false,false,false,180000,0,134000,9.4216420000000003,16.918790000000001,7.497148000000001,150750,10886636.572139001,10886636.572139001,0,0,0
85,stack_coast,false,false,false,180000,0,134000,9.4216420000000003,16.918790000000001,7.497148000000001,150750,10886636.572139001,10886636.572139001,0,0,0
86,stack_coast,false,false,false,180000,0,134000,9.4216420000000003,16.918790000000001,7.497148000000001,150750,10886636.572139001,10886636.572139001,0,0,0
87,stack_coast,false,false,false,180000,0,134000,9.4216420000000003,16.918790000000001,7.497148000000001,150750,10886636.572139001,10886636.572139001,0,0,0
88,stack_coast,false,false,false,180000,0,134000,9.4216420000000003,16.918790000000001,7.497148000000001,150750,10886636.572139001,10886636.572139001,0,0,0
89,stack_coast,false,false,false,180000,0,134000,9.4216420000000003,16.918790000000001,7.497148000000001,150750,10886636.572139001,10886636.572139001,0,0,0
90,stack_coast,false,false,false,180000,0,134000,9.4216420000000003,16.918790000000001,7.497148000000001,150750,10886636.572139001,10886636.572139001,0,0,0
91,stack_coast,false,false,false,180000,0,134000,9.4216420000000003,16.918790000000001,7.497148000000001,150750,10886636.572139001,10886636.572139001,0,0,0
92,stack_coast,false,false,false,180000,0,134000,9.4216420000000003,16.918790000000001,7.497148000000001,150750,10886636.572139001,10886636.572139001,0,0,0
93,stack_coast,false,false,false,180000,0,134000,9.4216420000000003,16.918790000000001,7.497148000000001,150750,10886636.572139001,10886636.572139001,0,0,0
94,stack_coast,false,false,false,180000,0,134000,9.4216420000000003,16.918790000000001,7.497148000000001,150750,10886636.572139001,10886636.572139001,0,0,0
95,stack_coast,false,false,false,180000,0,134000,9.4216420000000003,16.918790000000001,7.497148000000001,150750,10886636.572139001,10886636.572139001,0,0,0
96,stack_coast,false,false,false,180000,0,134000,9.4216420000000003,16.918790000000001,7.497148000000001,150750,10886636.572139001,10886636.572139001,0,0,0
97,stack_coast,false,false,false,180000,0,134000,9.4216420000000003,16.918790000000001,7.497148000000001,150750,10886636.572139001,10886636.572139001,0,0,0
98,stack_coast,false,false,false,180000,0,134000,9.4216420000000003,16.918790000000001,7.497148000000001,150750,10886636.572139001,10886636.572139001,0,0,0
99,stack_coast,false,false,false,180000,0,134000,9.4216420000000003,16.918790000000001,7.497148000000001,150750,10886636.572139001,10886636.572139001,0,0,0
100,stack_coast,false,false,false,180000,0,134000,9.4216420000000003,16.918790000000001,7.497148000000001,150750,10886636.572139001,10886636.572139001,0,0,0
101,stack_coast,false,false,false,180000,0,134000,9.4216420000000003,16.918790000000001,7.497148000000001,150750,10886636.572139001,10886636.572139001,0,0,0
102,stack_coast,false,false,false,180000,0,134000,9.4216420000000003,16.918790000000001,7.497148000000001,150750,10886636.572139001,10886636.572139001,0,0,0
103,stack_coast,false,false,false,180000,0,134000,9.4216420000000003,16.918790000000001,7.497148000000001,150750,10886636.572139001,10886636.572139001,0,0,0
104,stack_coast,false,false,false,180000,0,134000,9.4216420000000003,16.918790000000001,7.497148000000001,150750,10886636.572139001,10886636.572139001,0,0,0
105,stack_coast,false,false,false,180000,0,134000,9.4216420000000003,16.918790000000001,7.497148000000001,150750,10886636.572139001,10886636.572139001,0,0,0
106,stack_coast,false,false,false,180000,0,134000,9.4216420000000003,16.918790000000001,7.497148000000001,150750,10886636.572139001,10886636.572139001,0,0,0
107,stack_coast,false,false,false,180000,0,134000,9.4216420000000003,16.918790000000001,7.497148000000001,150750,10886636.572139001,10886636.572139001,0,0,0
108,stack_coast,false,false,false,180000,0,134000,9.4216420000000003,16.918790000000001,7.497148000000001,150750,10886636.572139001,10886636.572139001,0,0,0
109,stack_coast,false,false,false,180000,0,134000,9.4216420000000003,16.918790000000001,7.497148000000001,150750,10886636.572139001,10886636.572139001,0,0,0
110,stack_coast,false,false,false,180000,0,134000,9.4216420000000003,16.918790000000001,7.497148000000001,150750,10886636.572139001,10886636.572139001,0,0,0
111,stack_coast,false,false,false,180000,0,134000,9.4216420000000003,16.918790000000001,7.497148000000001,150750,10886636.572139001,10886636.572139001,0,0,0
112,stack_coast,false,false,false,180000,0,134000,9.4216420000000003,16.918790000000001,7.497148000000001,150750,10886636.572139001,10886636.572139001,0,0,0
113,stack_coast,false,false,false,180000,0,134000,9.4216420000000003,16.918790000000001,7.497148000000001,150750,10886636.572139001,10886636.572139001,0,0,0
114,stack_coast,false,false,false,180000,0,134000,9.4216420000000003,16.918790000000001,7.497148000000001,150750,10886636.572139001,10886636.572139001,0,0,0
115,stack_coast,false,false,false,180000,0,134000,9.4216420000000003,16.918790000000001,7.497148000000001,150750,10886636.572139001,10886636.572139001,0,0,0
116,stack_coast,false,false,false,180000,0,134000,9.4216420000000003,16.918790000000001,7.497148000000001,150750,10886636.572139001,10886636.572139001,0,0,0
117,stack_coast,false,false,false,180000,0,134000,9.4216420000000003,16.918790000000001,7.497148000000001,150750,10886636.572139001,10886636.572139001,0,0,0
118,stack_coast,false,false,false,180000,0,134000,9.4216420000000003,16.918790000000001,7.497148000000001,150750,10886636.572139001,10886636.572139001,0,0,0
119,stack_coast,false,false,false,180000,0,134000,9.4216420000000003,16.918790000000001,7.497148000000001,150750,10886636.572139001,10886636.572139001,0,0,0
120,stack_coast,false,false,false,180000,0,134000,9.4216420000000003,16.918790000000001,7.497148000000001,150750,10886636.572139001,10886636.572139001,0,0,0
121,stack_coast,false,false,false,180000,0,134000,9.4216420000000003,16.918790000000001,7.497148000000001,150750,10886636.572139001,10886636.572139001,0,0,0
122,stack_coast,false,false,false,180000,0,134000,9.4216420000000003,16.918790000000001,7.497148000000001,150750,10886636.572139001,10886636.572139001,0,0,0
123,stack_coast,false,false,false,180000,0,134000,9.4216420000000003,16.918790000000001,7.497148000000001,150750,10886636.572139001,10886636.572139001,0,0,0
124,stack_coast,false,false,false,180000,0,134000,9.4216420000000003,16.918790000000001,7.497148000000001,150750,10886636.572139001,10886636.572139001,0,0,0
125,stack_coast,false,false,false,180000,0,134000,9.4216420000000003,16.918790000000001,7.497148000000001,150750,10886636.572139001,10886636.572139001,0,0,0
126,stack_coast,false,false,false,180000,0,134000,9.4216420000000003,16.918790000000001,7.497148000000001,150750,10886636.572139001,10886636.572139001,0,0,0
127,stack_coast,false,false,false,180000,0,134000,9.4216420000000003,16.918790000000001,7.497148000000001,150750,10886636.572139001,10886636.572139001,0,0,0
128,stack_coast,false,false,false,180000,0,134000,9.4216420000000003,16.918790000000001,7.497148000000001,150750,10886636.572139001,10886636.572139001,0,0,0
129,stack_coast,false,false,false,180000,0,134000,9.4216420000000003,16.918790000000001,7.497148000000001,150750,10886636.572139001,10886636.572139001,0,0,0
130,stack_coast,false,false,false,180000,0,134000,9.4216420000000003,16.918790000000001,7.497148000000001,150750,10886636.572139001,10886636.572139001,0,0,0
131,stack_coast,false,false,false,180000,0,134000,9.4216420000000003,16.918790000000001,7.497148000000001,150750,10886636.572139001,10886636.572139001,0,0,0
132,stack_coast,false,false,false,180000,0,134000,9.4216420000000003,16.918790000000001,7.497148000000001,150750,10886636.572139001,10886636.572139001,0,0,0
133,stack_coast,false,false,false,180000,0,134000,9.4216420000000003,16.918790000000001,7.497148000000001,150750,10886636.572139001,10886636.572139001,0,0,0
134,stack_coast,false,false,false,180000,0,134000,9.4216420000000003,16.918790000000001,7.497148000000001,150750,10886636.572139001,10886636.572139001,0,0,0
134.17045176470589,stage2_burn,true,false,true,180000,0,99000,4.7979799999999999,4.7979799999999999,0,111375,941063.76262599998,941063.76262599998,-1470.7520366974206,-11907.844086115867,-11907.844086115867
135,stage2_burn,true,false,true,180000,1084.4975614200591,97915.502438579948,4.7864489170035673,4.7979799999999999,0.011531082996432573,110154.94024340244,931185.63157820515,931185.63157820515,-1470.7520366974206,-11907.844086115867,-11907.844086115867
136,stage2_burn,true,false,true,180000,2391.8327051510996,96608.167294848899,4.7725484799875755,4.7979799999999999,0.025431520012424436,108684.188206705,919277.78749208921,919277.78749208921,-1470.7520366974206,-11907.844086115867,-11907.844086115867
137,stage2_burn,true,false,true,180000,3699.1678488821399,95300.832151117866,4.7586480429715836,4.7979799999999999,0.039331957028416298,107213.4361700076,907369.94340597349,907369.94340597349,-1470.7520366974206,-11907.844086115867,-11907.844086115867
138,stage2_burn,true,false,true,180000,5006.5029926131801,93993.497007386817,4.7447476059555918,4.7979799999999999,0.05323239404440816,105742.68413331018,895462.09931985755,895462.09931985755,-1470.7520366974206,-11907.844086115867,-11907.844086115867
139,stage2_burn,true,false,true,180000,6313.8381363442213,92686.161863655783,4.7308471689395999,4.7979799999999999,0.067132831060400022,104271.93209661276,883554.25523374171,883554.25523374171,-1470.7520366974206,-11907.844086115867,-11907.844086115867
140,stage2_burn,true,false,true,180000,7621.1732800752616,91378.826719924735,4.716946731923608,4.7979799999999999,0.081033268076391884,102801.18005991532,871646.41114762577,871646.41114762577,-1470.7520366974206,-11907.844086115867,-11907.844086115867
141,stage2_burn,true,false,true,180000,8928.5084238063027,90071.491576193701,4.7030462949076162,4.7979799999999999,0.094933705092383747,101330.42802321792,859738.56706150994,859738.56706150994,-1470.7520366974206,-11907.844086115867,-11907.844086115867
142,stage2_burn,true,false,true,180000,10235.843567537342,88764.156432462652,4.6891458578916243,4.7979799999999999,0.10883414210837561,99859.67598652048,847830.72297539399,847830.72297539399,-1470.7520366974206,-11907.844086115867,-11907.844086115867
143,stage2_burn,true,false,true,180000,11543.178711268383,87456.821288731619,4.6752454208756324,4.7979799999999999,0.12273457912436747,98388.923949823075,835922.87888927828,835922.87888927828,-1470.7520366974206,-11907.844086115867,-11907.844086115867
144,stage2_burn,true,false,true,180000,12850.513854999423,86149.486145000585,4.6613449838596406,4.7979799999999999,0.13663501614035933,96918.171913125654,824015.03480316245,824015.03480316245,-1470.7520366974206,-11907.844086115867,-11907.844086115867
145,stage2_burn,true,false,true,180000,14157.848998730464,84842.151001269536,4.6474445468436487,4.7979799999999999,0.1505354531563512,95447.419876428219,812107.1907170465,812107.1907170465,-1470.7520366974206,-11907.844086115867,-11907.844086115867
146,stage2_burn,true,false,true,180000,15465.184142461505,83534.815857538502,4.6335441098276569,4.7979799999999999,0.16443589017234306,93976.667839730813,800199.34663093067,800199.34663093067,-1470.7520366974206,-11907.844086115867,-11907.844086115867
147,stage2_burn,true,false,true,180000,16772.519286192546,82227.480713807454,4.619643672811665,4.7979799999999999,0.17833632718833492,92505.915803033393,788291.50254481472,788291.50254481472,-1470.7520366974206,-11907.844086115867,-11907.844086115867
148,stage2_burn,true,false,true,180000,18079.854429923584,80920.14557007642,4.6057432357956731,4.7979799999999999,0.19223676420432678,91035.163766335972,776383.65845869889,776383.65845869889,-1470.7520366974206,-11907.844086115867,-11907.844086115867
149,stage2_burn,true,false,true,180000,19387.189573654625,79612.810426345372,4.5918427987796813,4.7979799999999999,0.20613720122031864,89564.411729638538,764475.81437258294,764475.81437258294,-1470.7520366974206,-11907.844086115867,-11907.844086115867
150,stage2_burn,true,false,true,180000,20694.524717385666,78305.475282614338,4.5779423617636894,4.7979799999999999,0.22003763823631051,88093.659692941132,752567.97028646711,752567.97028646711,-1470.7520366974206,-11907.844086115867,-11907.844086115867
151,stage2_burn,true,false,true,180000,22001.859861116707,76998.140138883289,4.5640419247476975,4.7979799999999999,0.23393807525230237,86622.907656243711,740660.12620035128,740660.12620035128,-1470.7520366974206,-11907.844086115867,-11907.844086115867
152,stage2_burn,true,false,true,180000,23309.195004847748,75690.804995152255,4.5501414877317057,4.7979799999999999,0.24783851226829423,85152.155619546291,728752.28211423545,728752.28211423545,-1470.7520366974206,-11907.844086115867,-11907.844086115867
153,stage2_burn,true,false,true,180000,24616.53014857879,74383.469851421207,4.5362410507157138,4.7979799999999999,0.26173894928428609,83681.403582848856,716844.4380281195,716844.4380281195,-1470.7520366974206,-11907.844086115867,-11907.844086115867
154,stage2_burn,true,false,true,180000,25923.865292309827,73076.134707690173,4.522340613699722,4.7979799999999999,0.27563938630027796,82210.651546151435,704936.59394200367,704936.59394200367,-1470.7520366974206,-11907.844086115867,-11907.844086115867
155,stage2_burn,true,false,true,180000,27231.200436040868,71768.799563959124,4.5084401766837301,4.7979799999999999,0.28953982331626982,80739.89950945403,693028.74985588784,693028.74985588784,-1470.7520366974206,-11907.844086115867,-11907.844086115867
156,stage2_burn,true,false,true,180000,28538.535579771909,70461.464420228091,4.4945397396677382,4.7979799999999999,0.30344026033226168,79269.147472756595,681120.90576977201,681120.90576977201,-1470.7520366974206,-11907.844086115867,-11907.844086115867
157,stage2_burn,true,false,true,180000,29845.870723502951,69154.129276497057,4.4806393026517464,4.7979799999999999,0.31734069734825354,77798.395436059189,669213.06168365607,669213.06168365607,-1470.7520366974206,-11907.844086115867,-11907.844086115867
158,stage2_burn,true,false,true,180000,31153.205867233992,67846.794132766008,4.4667388656357545,4.7979799999999999,0.3312411343642454,76327.643399361754,657305.21759754024,657305.21759754024,-1470.7520366974206,-11907.844086115867,-11907.844086115867
159,stage2_burn,true,false,true,180000,32460.541010965029,66539.458989034974,4.4528384286197626,4.7979799999999999,0.34514157138023727,74856.891362664348,645397.3735114244,645397.3735114244,-1470.7520366974206,-11907.844086115867,-11907.844086115867
160,stage2_burn,true,false,true,180000,33767.876154696074,65232.123845303933,4.4389379916037708,4.7979799999999999,0.35904200839622913,73386.139325966913,633489.52942530846,633489.52942530846,-1470.7520366974206,-11907.844086115867,-11907.844086115867
161,stage2_burn,true,false,true,180000,35075.211298427115,63924.788701572885,4.4250375545877789,4.7979799999999999,0.37294244541222099,71915.387289269507,621581.68533919263,621581.68533919263,-1470.7520366974206,-11907.844086115867,-11907.844086115867
162,stage2_burn,true,false,true,180000,36382.546442158149,62617.453557841851,4.4111371175717871,4.7979799999999999,0.38684288242821285,70444.635252572087,609673.8412530768,609673.8412530768,-1470.7520366974206,-11907.844086115867,-11907.844086115867
163,stage2_burn,true,false,true,180000,37689.88158588919,61310.11841411081,4.3972366805557952,4.7979799999999999,0.40074331944420472,68973.883215874666,597765.99716696097,597765.99716696097,-1470.7520366974206,-11907.844086115867,-11907.844086115867
164,stage2_burn,true,false,true,180000,38997.216729620231,60002.783270379769,4.3833362435398033,4.7979799999999999,0.41464375646019658,67503.131179177231,585858.15308084502,585858.15308084502,-1470.7520366974206,-11907.844086115867,-11907.844086115867
165,stage2_burn,true,false,true,180000,40304.551873351273,58695.448126648727,4.3694358065238115,4.7979799999999999,0.42854419347618844,66032.379142479826,573950.30899472919,573950.30899472919,-1470.7520366974206,-11907.844086115867,-11907.844086115867
166,stage2_burn,true,false,true,180000,41611.887017082314,57388.112982917686,4.3555353695078196,4.7979799999999999,0.4424446304921803,64561.627105782398,562042.46490861336,562042.46490861336,-1470.7520366974206,-11907.844086115867,-11907.844086115867
167,stage2_burn,true,false,true,180000,42919.222160813355,56080.777839186645,4.3416349324918277,4.7979799999999999,0.45634506750817216,63090.875069084977,550134.62082249741,550134.62082249741,-1470.7520366974206,-11907.844086115867,-11907.844086115867
168,stage2_burn,true,false,true,180000,44226.557304544396,54773.442695455604,4.3277344954758359,4.7979799999999999,0.47024550452416403,61620.12303238755,538226.77673638158,538226.77673638158,-1470.7520366974206,-11907.844086115867,-11907.844086115867
169,stage2_burn,true,false,true,180000,45533.892448275437,53466.107551724563,4.313834058459844,4.7979799999999999,0.48414594154015589,60149.370995690137,526318.93265026563,526318.93265026563,-1470.7520366974206,-11907.844086115867,-11907.844086115867
170,stage2_burn,true,false,true,180000,46841.227592006479,52158.772407993521,4.2999336214438522,4.7979799999999999,0.49804637855614775,58678.618958992709,514411.0885641498,514411.0885641498,-1470.7520366974206,-11907.844086115867,-11907.844086115867
171,stage2_burn,true,false,true,180000,48148.56273573752,50851.43726426248,4.2860331844278603,4.7979799999999999,0.51194681557213961,57207.866922295289,502503.24447803397,502503.24447803397,-1470.7520366974206,-11907.844086115867,-11907.844086115867
172,stage2_burn,true,false,true,180000,49455.897879468554,49544.102120531446,4.2721327474118684,4.7979799999999999,0.52584725258813148,55737.114885597875,490595.40039191814,490595.40039191814,-1470.7520366974206,-11907.844086115867,-11907.844086115867
173,stage2_burn,true,false,true,180000,50763.233023199595,48236.766976800405,4.2582323103958766,4.7979799999999999,0.53974768960412334,54266.362848900455,478687.55630580219,478687.55630580219,-1470.7520366974206,-11907.844086115867,-11907.844086115867
174,stage2_burn,true,false,true,180000,52070.568166930636,46929.431833069364,4.2443318733798847,4.7979799999999999,0.5536481266201152,52795.610812203035,466779.71221968636,466779.71221968636,-1470.7520366974206,-11907.844086115867,-11907.844086115867
175,stage2_burn,true,false,true,180000,53377.903310661677,45622.096689338323,4.2304314363638928,4.7979799999999999,0.56754856363610706,51324.858775505607,454871.86813357053,454871.86813357053,-1470.7520366974206,-11907.844086115867,-11907.844086115867
176,stage2_burn,true,false,true,180000,54685.238454392718,44314.761545607282,4.216530999347901,4.7979799999999999,0.58144900065209892,49854.106738808194,442964.02404745464,442964.02404745464,-1470.7520366974206,-11907.844086115867,-11907.844086115867
177,stage2_burn,true,false,true,180000,55992.573598123759,43007.426401876241,4.2026305623319091,4.7979799999999999,0.59534943766809079,48383.354702110766,431056.17996133876,431056.17996133876,-1470.7520366974206,-11907.844086115867,-11907.844086115867
178,stage2_burn,true,false,true,180000,57299.908741854801,41700.091258145199,4.1887301253159173,4.7979799999999999,0.60924987468408265,46912.602665413346,419148.33587522293,419148.33587522293,-1470.7520366974206,-11907.844086115867,-11907.844086115867
179,stage2_burn,true,false,true,180000,58607.243885585842,40392.756114414158,4.1748296882999254,4.7979799999999999,0.62315031170007451,45441.850628715925,407240.49178910698,407240.49178910698,-1470.7520366974206,-11907.844086115867,-11907.844086115867
180,stage2_burn,true,false,true,180000,59914.579029316883,39085.420970683117,4.1609292512839335,4.7979799999999999,0.63705074871606637,43971.098592018505,395332.64770299115,395332.64770299115,-1470.7520366974206,-11907.844086115867,-11907.844086115867
181,stage2_burn,true,false,true,180000,61221.914173047924,37778.085826952076,4.1470288142679417,4.7979799999999999,0.65095118573205824,42500.346555321084,383424.80361687526,383424.80361687526,-1470.7520366974206,-11907.844086115867,-11907.844086115867
182,stage2_burn,true,false,true,180000,62529.249316778965,36470.750683221035,4.1331283772519498,4.7979799999999999,0.6648516227480501,41029.594518623664,371516.95953075937,371516.95953075937,-1470.7520366974206,-11907.844086115867,-11907.844086115867
183,stage2_burn,true,false,true,180000,63836.584460509999,35163.415539490001,4.119227940235958,4.7979799999999999,0.67875205976404196,39558.842481926251,359609.11544464354,359609.11544464354,-1470.7520366974206,-11907.844086115867,-11907.844086115867
184,stage2_burn,true,false,true,180000,65143.91960424104,33856.08039575896,4.1053275032199661,4.7979799999999999,0.69265249678003382,38088.090445228831,347701.27135852771,347701.27135852771,-1470.7520366974206,-11907.844086115867,-11907.844086115867
185,stage2_burn,true,false,true,180000,66451.254747972082,32548.745252027918,4.0914270662039742,4.7979799999999999,0.70655293379602568,36617.33840853141,335793.42727241182,335793.42727241182,-1470.7520366974206,-11907.844086115867,-11907.844086115867
186,stage2_burn,true,false,true,180000,67758.58989170313,31241.41010829687,4.0775266291879824,4.7979799999999999,0.72045337081201755,35146.586371833982,323885.58318629593,323885.58318629593,-1470.7520366974206,-11907.844086115867,-11907.844086115867
187,stage2_burn,true,false,true,180000,69065.925035434164,29934.074964565836,4.0636261921719905,4.7979799999999999,0.73435380782800941,33675.834335136562,311977.7391001801,311977.7391001801,-1470.7520366974206,-11907.844086115867,-11907.844086115867
188,stage2_burn,true,false,true,180000,70373.260179165198,28626.739820834802,4.0497257551559995,4.7979799999999999,0.74825424484400038,32205.082298439153,300069.89501406427,300069.89501406427,-1470.7520366974206,-11907.844086115867,-11907.844086115867
189,stage2_burn,true,false,true,180000,71680.595322896246,27319.404677103754,4.0358253181400068,4.7979799999999999,0.76215468185999313,30734.330261741721,288162.05092794832,288162.05092794832,-1470.7520366974206,-11907.844086115867,-11907.844086115867
190,stage2_burn,true,false,true,180000,72987.93046662728,26012.06953337272,4.0219248811240158,4.7979799999999999,0.77605511887598411,29263.578225044308,276254.20684183255,276254.20684183255,-1470.7520366974206,-11907.844086115867,-11907.844086115867
191,stage2_burn,true,false,true,180000,74295.265610358329,24704.734389641671,4.0080244441080239,4.7979799999999999,0.78995555589197597,27792.82618834688,264346.3627557166,264346.3627557166,-1470.7520366974206,-11907.844086115867,-11907.844086115867
192,stage2_burn,true,false,true,180000,75602.600754089362,23397.399245910638,3.9941240070920316,4.7979799999999999,0.80385599290796828,26322.074151649467,252438.5186696008,252438.5186696008,-1470.7520366974206,-11907.844086115867,-11907.844086115867
193,stage2_burn,true,false,true,180000,76909.935897820411,22090.064102179589,3.9802235700760398,4.7979799999999999,0.81775642992396014,24851.322114952036,240530.67458348486,240530.67458348486,-1470.7520366974206,-11907.844086115867,-11907.844086115867
194,stage2_burn,true,false,true,180000,78217.271041551445,20782.728958448555,3.9663231330600479,4.7979799999999999,0.831656866939952,23380.570078254626,228622.83049736905,228622.83049736905,-1470.7520366974206,-11907.844086115867,-11907.844086115867
195,stage2_burn,true,false,true,180000,79524.606185282493,19475.393814717507,3.952422696044056,4.7979799999999999,0.84555730395594386,21909.818041557195,216714.98641125311,216714.98641125311,-1470.7520366974206,-11907.844086115867,-11907.844086115867
195.36363576470589,orbit_coast,true,false,false,180000,80000,19000,3.947368,4.7979799999999999,0.85061199999999992,21375,212384.86842099999,212384.86842099999,0,0,0
196,orbit_coast,true,false,false,180000,80000,19000,3.947368,4.7979799999999999,0.85061199999999992,21375,212384.86842099999,212384.86842099999,0,0,0
197,orbit_coast,true,false,false,180000,80000,19000,3.947368,4.7979799999999999,0.85061199999999992,21375,212384.86842099999,212384.86842099999,0,0,0
198,orbit_coast,true,false,false,180000,80000,19000,3.947368,4.7979799999999999,0.85061199999999992,21375,212384.86842099999,212384.86842099999,0,0,0
199,orbit_coast,true,false,false,180000,80000,19000,3.947368,4.7979799999999999,0.85061199999999992,21375,212384.86842099999,212384.86842099999,0,0,0
200,orbit_coast,true,false,false,180000,80000,19000,3.947368,4.7979799999999999,0.85061199999999992,21375,212384.86842099999,212384.86842099999,0,0,0
