shape,fidelity,sample_id,classification,termination,downrange_m,crossrange_m,radius_m,speed_m_s,altitude_m
sphere,pseudo_6dof,sweep-sphere-0000,impact,ground_contact,382.3978224778316,-8.040194629590251e-05,382.39782247784007,33.900986138837425,-7.883960826707825
sphere,pseudo_6dof,sweep-sphere-0001,impact,ground_contact,346.12673299897904,-0.0007482913059736678,346.1267329997879,31.714868914824837,-7.852770367073467
sphere,pseudo_6dof,sweep-sphere-0002,impact,ground_contact,415.153066984761,-0.0012687531262456928,415.1530669866997,35.77800653910075,-1.9252354287758646
sphere,pseudo_6dof,sweep-sphere-0003,impact,ground_contact,403.81598862444537,-0.0007663693220521354,403.81598862517257,35.18895988227339,-5.174013704194895
sphere,pseudo_6dof,sweep-sphere-0004,impact,ground_contact,383.98189181309107,0.000775237265140708,383.98189181387363,33.775976277115944,-5.46359007420502
sphere,pseudo_6dof,sweep-sphere-0005,impact,ground_contact,417.4964628562751,-0.0003076741804077204,417.49646285638846,36.123795538727016,-1.177515242479876
sphere,pseudo_6dof,sweep-sphere-0006,impact,ground_contact,429.2303784084283,0.0015690847208969087,429.2303784112963,36.19554576985552,-1.6244066175968226
sphere,pseudo_6dof,sweep-sphere-0007,impact,ground_contact,411.12275488385905,-0.0012979836749347604,411.122754885908,35.13817723038,-4.9539149828719165
sphere,pseudo_6dof,sweep-sphere-0008,impact,ground_contact,398.7602143433744,-0.00015011833966632228,398.76021434340265,34.48933272515733,-4.229812371999402
sphere,pseudo_6dof,sweep-sphere-0009,impact,ground_contact,416.158232793709,0.00040256721801463786,416.15823279390366,35.56450763248766,-5.251954508739022
sphere,pseudo_6dof,sweep-sphere-0010,impact,ground_contact,383.0676627345812,0.00013671163703809485,383.06766273460556,34.13726345668944,-7.029472492159983
sphere,pseudo_6dof,sweep-sphere-0011,impact,ground_contact,406.2047343298452,-0.00021880806091250038,406.20473432990417,34.923530626149464,-7.53778950459302
sphere,pseudo_6dof,sweep-sphere-0012,impact,ground_contact,424.9701992602018,0.0011259495932067958,424.9701992616934,35.80630312715874,-2.272059193510276
sphere,pseudo_6dof,sweep-sphere-0013,impact,ground_contact,407.52989478817545,0.0007579500925889899,407.5298947888803,35.07009054182544,-1.226151280055409
sphere,pseudo_6dof,sweep-sphere-0014,impact,ground_contact,441.3330471119753,0.0011650821058500527,441.33304711351315,36.767246324916904,-7.188931607978446
sphere,pseudo_6dof,sweep-sphere-0015,impact,ground_contact,406.5574136869923,-0.000148177014590427,406.5574136870193,35.07817689065696,-1.9960527195352253
cylinder,pseudo_6dof,sweep-cylinder-0000,impact,ground_contact,251.29300790562894,8.412388778674053e-05,251.293007905643,38.28120480539898,-5.367717378441104
cylinder,pseudo_6dof,sweep-cylinder-0001,impact,ground_contact,241.60368505803717,-0.00015976396425204095,241.60368505809,37.74074031572795,-9.315490990758523
cylinder,pseudo_6dof,sweep-cylinder-0002,impact,ground_contact,316.07960111847933,-0.00025671827737207167,316.0796011185836,42.380672584150446,-0.2661744933493164
cylinder,pseudo_6dof,sweep-cylinder-0003,impact,ground_contact,227.78131429109607,0.0008866631655361625,227.78131429282178,36.610822404610836,-5.516516558968921
cylinder,pseudo_6dof,sweep-cylinder-0004,impact,ground_contact,267.3696322539764,-0.000823523759841406,267.3696322552447,39.038358843314775,-3.4601246203101557
cylinder,pseudo_6dof,sweep-cylinder-0005,impact,ground_contact,231.19831477445666,-0.0006154555710460155,231.19831477527583,37.15318006833588,-3.1168637039961777
cylinder,pseudo_6dof,sweep-cylinder-0006,impact,ground_contact,257.43922020246225,-0.000641507374699616,257.4392202032615,38.242383503048316,-3.21141171209163
cylinder,pseudo_6dof,sweep-cylinder-0007,impact,ground_contact,251.55301955608286,0.00022501506537012355,251.5530195561835,38.07439660414578,-3.2875699508595377
cylinder,pseudo_6dof,sweep-cylinder-0008,impact,ground_contact,258.44743792700325,-0.000526708877204655,258.44743792753997,38.8974431566139,-5.444848724435454
cylinder,pseudo_6dof,sweep-cylinder-0009,impact,ground_contact,252.21298652819365,-7.797351429031255e-05,252.2129865282057,38.4274145245537,-8.052032176493844
cylinder,pseudo_6dof,sweep-cylinder-0010,impact,ground_contact,243.59231651638603,0.0002696880240939251,243.59231651653533,38.241697193582766,-1.1234792397938917
cylinder,pseudo_6dof,sweep-cylinder-0011,impact,ground_contact,258.6988224574267,-0.00025406107826545535,258.69882245755144,38.64368964790392,-4.225566658926553
cylinder,pseudo_6dof,sweep-cylinder-0012,impact,ground_contact,253.33050097129146,-0.0008489345200098402,253.33050097271388,38.685021456340394,-2.180797851666672
cylinder,pseudo_6dof,sweep-cylinder-0013,impact,ground_contact,247.4112286622384,0.0008375130556139502,247.41122866365592,37.745602997518475,-5.930728091113847
cylinder,pseudo_6dof,sweep-cylinder-0014,impact,ground_contact,245.31505620143759,-0.000324065384986243,245.31505620165163,37.636695372426026,-5.576064367813491
cylinder,pseudo_6dof,sweep-cylinder-0015,impact,ground_contact,234.2725417027532,-0.00028615345884401246,234.27254170292795,37.602062624231095,-7.8259673142120265
cone,pseudo_6dof,sweep-cone-0000,impact,ground_contact,339.39802697777145,0.00019112560270990526,339.3980269778253,34.566922586855256,-2.465770214195586
cone,pseudo_6dof,sweep-cone-0001,impact,ground_contact,344.26231462788587,0.0003201784709764876,344.26231462803474,34.792168712714286,-0.029611997131379963
cone,pseudo_6dof,sweep-cone-0002,impact,ground_contact,334.21742230509994,-0.0002922238720786522,334.2174223052277,33.755242033834044,-5.254054822004228
cone,pseudo_6dof,sweep-cone-0003,impact,ground_contact,323.7891996839156,-0.0011088720937859123,323.78919968581437,33.50766219461954,-4.784365130584251
cone,pseudo_6dof,sweep-cone-0004,impact,ground_contact,312.3480631051912,0.00034088744273792077,312.3480631053772,32.530350150353726,-5.343494679508487
cone,pseudo_6dof,sweep-cone-0005,impact,ground_contact,391.3550625396332,-0.0006403376873455346,391.35506254015706,37.14020276706909,-0.02954813379887411
cone,pseudo_6dof,sweep-cone-0006,impact,ground_contact,374.8145791630309,-0.0001120876539295971,374.81457916304765,36.33658139154907,-8.825725607751814
cone,pseudo_6dof,sweep-cone-0007,impact,ground_contact,342.6760353076078,-0.0003758949399191345,342.67603530781395,34.00889331268959,-4.746618110101922
cone,pseudo_6dof,sweep-cone-0008,impact,ground_contact,345.25819360356877,0.0005837101200123891,345.25819360406217,34.6592081916833,-1.5156876450665548
cone,pseudo_6dof,sweep-cone-0009,impact,ground_contact,321.7307363981006,-0.00011641361316951299,321.7307363981217,33.006467604992736,-5.269911082578984
cone,pseudo_6dof,sweep-cone-0010,impact,ground_contact,341.072145565961,-0.0007891082409817363,341.07214556687387,34.475223575331235,-5.6209670560085
cone,pseudo_6dof,sweep-cone-0011,impact,ground_contact,373.9342615344011,-0.0010686165196354858,373.93426153592804,36.66720103512553,-0.02712108399790858
cone,pseudo_6dof,sweep-cone-0012,impact,ground_contact,345.1606976114937,-0.0010290561931324234,345.1606976130277,34.35191776382842,-8.228598071245665
cone,pseudo_6dof,sweep-cone-0013,impact,ground_contact,394.93529550881584,-0.00026404536919937503,394.9352955089041,37.41963256468295,-5.019811152582059
cone,pseudo_6dof,sweep-cone-0014,impact,ground_contact,361.5901680902389,0.0009847282469526773,361.59016809157976,35.18990804207487,-5.0591701160361096
cone,pseudo_6dof,sweep-cone-0015,impact,ground_contact,381.8221213718913,-0.001148384188753782,381.82212137361824,36.58373455801315,-4.1474806716878145
triaxial_ellipsoid,pseudo_6dof,sweep-triaxial_ellipsoid-0000,impact,ground_contact,237.9680323575221,-0.0001777837410238717,237.96803235758853,16.254239762076256,-0.4185468632495901
triaxial_ellipsoid,pseudo_6dof,sweep-triaxial_ellipsoid-0001,impact,ground_contact,259.8590828692826,0.0007135542678224036,259.8590828702623,16.980535089523304,-0.7512361788702108
triaxial_ellipsoid,pseudo_6dof,sweep-triaxial_ellipsoid-0002,impact,ground_contact,254.8652178750125,0.0004201261060030854,254.86521787535875,16.79389500896546,-3.9890305898237024
triaxial_ellipsoid,pseudo_6dof,sweep-triaxial_ellipsoid-0003,impact,ground_contact,220.19573682195042,-0.0006300285956500415,220.19573682285176,15.645009253859492,-0.09395392666259261
triaxial_ellipsoid,pseudo_6dof,sweep-triaxial_ellipsoid-0004,impact,ground_contact,261.0326068698479,-0.0008532499251218497,261.0326068712424,17.175831919161947,-4.218761628121752
triaxial_ellipsoid,pseudo_6dof,sweep-triaxial_ellipsoid-0005,impact,ground_contact,229.66136090098314,-0.0008968524635341213,229.6613609027343,15.81916866299047,-1.7393087133837075
triaxial_ellipsoid,pseudo_6dof,sweep-triaxial_ellipsoid-0006,impact,ground_contact,241.77621258325138,0.00017302720105051697,241.77621258331328,16.577161514260958,-2.2978893857953144
triaxial_ellipsoid,pseudo_6dof,sweep-triaxial_ellipsoid-0007,impact,ground_contact,234.40634823362663,0.0009715751536040668,234.40634823564014,15.878839724240077,-3.793088345382902
triaxial_ellipsoid,pseudo_6dof,sweep-triaxial_ellipsoid-0008,impact,ground_contact,269.58000835123346,-0.0006717140568582427,269.5800083520703,17.613145631183933,-0.4031108353047528
triaxial_ellipsoid,pseudo_6dof,sweep-triaxial_ellipsoid-0009,impact,ground_contact,258.4340100898591,-0.0006558371182323543,258.4340100906913,16.972507052626003,-0.9328212502929879
triaxial_ellipsoid,pseudo_6dof,sweep-triaxial_ellipsoid-0010,impact,ground_contact,257.61924781911904,0.000628320974111684,257.6192478198853,17.029330419351222,-3.2946077982913957
triaxial_ellipsoid,pseudo_6dof,sweep-triaxial_ellipsoid-0011,impact,ground_contact,248.9957906443828,0.0005617496464367335,248.99579064501646,16.605584776145356,-0.21396506099348
triaxial_ellipsoid,pseudo_6dof,sweep-triaxial_ellipsoid-0012,impact,ground_contact,225.8190697044306,0.000480900192350549,225.81906970494265,15.734708194727403,-3.2458913463910144
triaxial_ellipsoid,pseudo_6dof,sweep-triaxial_ellipsoid-0013,impact,ground_contact,251.31709987931293,0.000810739135365007,251.31709988062065,16.702482424520642,-0.19382357469226097
triaxial_ellipsoid,pseudo_6dof,sweep-triaxial_ellipsoid-0014,impact,ground_contact,250.23716344929284,-0.0003830026430951457,250.23716344958595,16.925911902606327,-2.9175831278623456
triaxial_ellipsoid,pseudo_6dof,sweep-triaxial_ellipsoid-0015,impact,ground_contact,261.6153859817148,-0.00015587551523072552,261.6153859817612,17.08482350230489,-0.40888220571613054
