algorithm_id,depends_on
TAOS-ALG-COORD-005,TAOS-ALG-COORD-002
TAOS-ALG-COORD-006,TAOS-ALG-COORD-002
TAOS-ALG-COORD-009,TAOS-ALG-COORD-007
TAOS-ALG-COORD-010,TAOS-ALG-COORD-009
TAOS-ALG-COORD-011,TAOS-ALG-COORD-007
TAOS-ALG-COORD-011,TAOS-ALG-COORD-009
TAOS-ALG-COORD-012,TAOS-ALG-COORD-008
TAOS-ALG-COORD-013,TAOS-ALG-COORD-008
TAOS-ALG-COORD-014,TAOS-ALG-COORD-008
TAOS-ALG-COORD-015,TAOS-ALG-COORD-014
TAOS-ALG-COORD-016,TAOS-ALG-COORD-008
TAOS-ALG-COORD-017,TAOS-ALG-COORD-016
TAOS-ALG-COORD-019,TAOS-ALG-COORD-010
TAOS-ALG-DYN-001,TAOS-ALG-COORD-020
TAOS-ALG-DYN-002,TAOS-ALG-DYN-001
TAOS-ALG-DYN-002,TAOS-ALG-DYN-010
TAOS-ALG-DYN-003,TAOS-ALG-DYN-002
TAOS-ALG-DYN-004,TAOS-ALG-COORD-014
TAOS-ALG-DYN-004,TAOS-ALG-DYN-001
TAOS-ALG-DYN-005,TAOS-ALG-COORD-002
TAOS-ALG-DYN-005,TAOS-ALG-COORD-004
TAOS-ALG-DYN-006,TAOS-ALG-COORD-008
TAOS-ALG-DYN-006,TAOS-ALG-COORD-009
TAOS-ALG-DYN-006,TAOS-ALG-COORD-011
TAOS-ALG-DYN-007,TAOS-ALG-DYN-005
TAOS-ALG-DYN-007,TAOS-ALG-DYN-006
TAOS-ALG-DYN-008,TAOS-ALG-DYN-006
TAOS-ALG-DYN-008,TAOS-ALG-DYN-007
TAOS-ALG-DYN-008,TAOS-ALG-ENV-004
TAOS-ALG-DYN-009,TAOS-ALG-DYN-006
TAOS-ALG-DYN-009,TAOS-ALG-ENV-004
TAOS-ALG-DYN-010,TAOS-ALG-DYN-006
TAOS-ALG-DYN-010,TAOS-ALG-COORD-012
TAOS-ALG-DYN-011,TAOS-ALG-COORD-016
TAOS-ALG-DYN-011,TAOS-ALG-DYN-005
TAOS-ALG-DYN-011,TAOS-ALG-DYN-006
TAOS-ALG-DYN-012,TAOS-ALG-COORD-020
TAOS-ALG-DYN-012,TAOS-ALG-GRAV-004
TAOS-ALG-ENV-001,TAOS-ALG-DYN-001
TAOS-ALG-ENV-001,TAOS-ALG-FORCE-001
TAOS-ALG-ENV-001,TAOS-ALG-FORCE-004
TAOS-ALG-ENV-001,TAOS-ALG-GRAV-004
TAOS-ALG-ENV-002,TAOS-ALG-ENV-003
TAOS-ALG-ENV-004,TAOS-ALG-ENV-002
TAOS-ALG-ENV-004,TAOS-ALG-ENV-003
TAOS-ALG-ENV-005,TAOS-ALG-TABLE-002
TAOS-ALG-FORCE-001,TAOS-ALG-COORD-017
TAOS-ALG-FORCE-002,TAOS-ALG-COORD-017
TAOS-ALG-FORCE-003,TAOS-ALG-COORD-014
TAOS-ALG-FORCE-004,TAOS-ALG-FORCE-001
TAOS-ALG-FORCE-004,TAOS-ALG-FORCE-002
TAOS-ALG-FORCE-004,TAOS-ALG-FORCE-003
TAOS-ALG-FORCE-004,TAOS-ALG-TABLE-003
TAOS-ALG-FORCE-005,TAOS-ALG-COORD-020
TAOS-ALG-GRAV-001,TAOS-ALG-GRAV-002
TAOS-ALG-GRAV-001,TAOS-ALG-GRAV-003
TAOS-ALG-GRAV-004,TAOS-ALG-GRAV-001
TAOS-ALG-GRAV-004,TAOS-ALG-COORD-006
TAOS-ALG-GRAV-005,TAOS-ALG-COORD-002
TAOS-ALG-OUT-001,TAOS-ALG-EXEC-009
TAOS-ALG-GEO-001,TAOS-ALG-COORD-007
TAOS-ALG-GEO-002,TAOS-ALG-GEO-001
TAOS-ALG-GEO-002,TAOS-ALG-GEO-003
TAOS-ALG-GEO-002,TAOS-ALG-SEARCH-001
TAOS-ALG-GEO-003,TAOS-ALG-COORD-007
TAOS-ALG-RADAR-001,TAOS-ALG-COORD-008
TAOS-ALG-RADAR-001,TAOS-ALG-COORD-010
TAOS-ALG-REL-001,TAOS-ALG-COORD-020
TAOS-ALG-IIP-001,TAOS-ALG-DYN-001
TAOS-ALG-IIP-001,TAOS-ALG-ENV-004
TAOS-ALG-IIP-001,TAOS-ALG-GRAV-004
TAOS-ALG-IIP-002,TAOS-ALG-IIP-001
TAOS-ALG-IIP-003,TAOS-ALG-IIP-001
TAOS-ALG-IIP-003,TAOS-ALG-IIP-002
TAOS-ALG-IIP-003,TAOS-ALG-COORD-011
TAOS-ALG-IIP-003,TAOS-ALG-GEO-001
TAOS-ALG-AERO-002,TAOS-ALG-SEARCH-004
TAOS-ALG-AERO-002,TAOS-ALG-FORCE-004
TAOS-ALG-AERO-002,TAOS-ALG-AERO-001
TAOS-ALG-GUID-002,TAOS-ALG-GUID-001
TAOS-ALG-GUID-002,TAOS-ALG-GUID-005
TAOS-ALG-GUID-002,TAOS-ALG-FORCE-004
TAOS-ALG-GUID-002,TAOS-ALG-FORCE-005
TAOS-ALG-GUID-002,TAOS-ALG-DYN-011
TAOS-ALG-GUID-005,TAOS-ALG-OPT-004
TAOS-ALG-GUID-006,TAOS-ALG-COORD-012
TAOS-ALG-GUID-007,TAOS-ALG-DYN-011
TAOS-ALG-GUID-007,TAOS-ALG-GUID-005
TAOS-ALG-GUID-008,TAOS-ALG-IIP-003
TAOS-ALG-GUID-008,TAOS-ALG-GUID-005
TAOS-ALG-OPT-002,TAOS-ALG-OPT-001
TAOS-ALG-OPT-002,TAOS-ALG-OPT-004
TAOS-ALG-OPT-003,TAOS-ALG-DYN-002
TAOS-ALG-OPT-003,TAOS-ALG-PRB-002
TAOS-ALG-OPT-005,TAOS-ALG-TABLE-002
TAOS-ALG-OPT-005,TAOS-ALG-OPT-002
TAOS-ALG-EXEC-001,TAOS-ALG-TABLE-001
TAOS-ALG-EXEC-001,TAOS-ALG-PRB-007
TAOS-ALG-EXEC-001,TAOS-ALG-EXEC-003
TAOS-ALG-EXEC-002,TAOS-ALG-PRB-003
TAOS-ALG-EXEC-002,TAOS-ALG-TABLE-001
TAOS-ALG-EXEC-003,TAOS-ALG-EXEC-004
TAOS-ALG-EXEC-003,TAOS-ALG-EXEC-005
TAOS-ALG-EXEC-003,TAOS-ALG-EXEC-006
TAOS-ALG-EXEC-003,TAOS-ALG-EXEC-007
TAOS-ALG-EXEC-003,TAOS-ALG-EXEC-008
TAOS-ALG-EXEC-005,TAOS-ALG-DYN-003
TAOS-ALG-EXEC-005,TAOS-ALG-EXEC-009
TAOS-ALG-EXEC-006,TAOS-ALG-SEARCH-002
TAOS-ALG-EXEC-006,TAOS-ALG-EXEC-005
TAOS-ALG-EXEC-006,TAOS-ALG-PRB-005
TAOS-ALG-EXEC-007,TAOS-ALG-PRB-008
TAOS-ALG-EXEC-007,TAOS-ALG-OPT-001
TAOS-ALG-EXEC-007,TAOS-ALG-SEARCH-003
TAOS-ALG-EXEC-008,TAOS-ALG-PRB-003
TAOS-ALG-EXEC-008,TAOS-ALG-PRB-004
TAOS-ALG-EXEC-009,TAOS-ALG-COORD-011
TAOS-ALG-EXEC-009,TAOS-ALG-COORD-017
TAOS-ALG-EXEC-009,TAOS-ALG-DYN-002
TAOS-ALG-EXEC-009,TAOS-ALG-ENV-004
TAOS-ALG-EXEC-009,TAOS-ALG-FORCE-004
TAOS-ALG-EXEC-009,TAOS-ALG-FORCE-005
TAOS-ALG-EXEC-009,TAOS-ALG-GRAV-004
TAOS-ALG-EXEC-009,TAOS-ALG-GUID-002
TAOS-ALG-EXEC-009,TAOS-ALG-DYN-004
TAOS-ALG-TABLE-003,TAOS-ALG-TABLE-004
TAOS-ALG-TABLE-003,TAOS-ALG-TABLE-005
TAOS-ALG-TABLE-003,TAOS-ALG-TABLE-007
TAOS-ALG-TABLE-004,TAOS-ALG-TABLE-002
TAOS-ALG-TABLE-004,TAOS-ALG-TABLE-008
TAOS-ALG-TABLE-009,TAOS-ALG-TABLE-003
TAOS-ALG-PRB-001,TAOS-ALG-TABLE-009
TAOS-ALG-PRB-002,TAOS-ALG-PRB-001
TAOS-ALG-PRB-002,TAOS-ALG-DYN-002
TAOS-ALG-PRB-003,TAOS-ALG-COORD-001
TAOS-ALG-PRB-003,TAOS-ALG-COORD-003
TAOS-ALG-PRB-003,TAOS-ALG-COORD-006
TAOS-ALG-PRB-003,TAOS-ALG-COORD-010
TAOS-ALG-PRB-003,TAOS-ALG-COORD-013
TAOS-ALG-PRB-004,TAOS-ALG-COORD-020
TAOS-ALG-PRB-004,TAOS-ALG-PRB-001
TAOS-ALG-PRB-005,TAOS-ALG-PRB-001
TAOS-ALG-PRB-006,TAOS-ALG-GUID-001
TAOS-ALG-PRB-006,TAOS-ALG-TABLE-009
TAOS-ALG-PRB-008,TAOS-ALG-SEARCH-003
TAOS-ALG-PRB-009,TAOS-ALG-PRB-001
TAOS-ALG-PRB-009,TAOS-ALG-PRB-007
TAOS-ALG-PRB-010,TAOS-ALG-PRB-001
TAOS-ALG-PRB-010,TAOS-ALG-OPT-001
TAOS-ALG-PRB-012,TAOS-ALG-TABLE-009
TAOS-ALG-PRB-012,TAOS-ALG-COORD-002
TAOS-ALG-PRB-012,TAOS-ALG-COORD-008
